PMCID,PMID,Title,Year,Associated Keywords,Citations,Keywords Count,Score,Journal,DOI,Authors,Abstract
9759857,36528622,Tailoring the expression of Xyr1 leads to efficient production of lignocellulolytic enzymes in Trichoderma reesei for improved saccharification of corncob residues,2022,"['trichoderma reesei', 'xyr1', 'transcription activator', 'cellulase', 'saccharification']",3,"{'xyr1': 124, 'ace3': 2, 'cbh1': 28, 'cellulase': 96, 'reesei': 50}",10.446344859316577,Biotechnology for Biofuels and Bioproducts,10.1186/s13068-022-02240-9,"['Shen, Linjing', 'Yan, Aiqin', 'Wang, Yifan', 'Wang, Yubo', 'Liu, Hong', 'Zhong, Yaohua']","The filamentous fungus Trichoderma reesei is extensively used for the industrial-scale cellulase production. It has been well known that the transcription factor Xyr1 plays an important role in the regulatory network controlling cellulase gene expression. However, the role of Xyr1 in the regulation of cellulase expression has not been comprehensively elucidated, which hinders further improvement of lignocellulolytic enzyme production."
3067402,21169417,"Differential Regulation of the Cellulase Transcription Factors XYR1, ACE2, and ACE1 in Trichoderma reesei Strains Producing High and Low Levels of Cellulase'], b'▿', b'ref-type=""fn"" rid=""FN1"">†",2011,[],71,"{'xyr1': 0, 'ace3': 0, 'cbh1': 0, 'cellulase': 0, 'reesei': 0}",7.330916878114617,Eukaryotic Cell,10.1128/EC.00208-10,"['Portnoy, Thomas', 'Margeot, Antoine', 'Seidl-Seiboth, Verena', 'Le Crom, Stéphane', 'Ben Chaabane, Fadhel', 'Linke, Rita', 'Seiboth, Bernhard', 'Kubicek, Christian P.']","Due to its capacity to produce large amounts of cellulases, Trichoderma reesei is increasingly being investigated for second-generation biofuel production from lignocellulosic biomass. The induction mechanisms of T. reesei cellulases have been described recently, but the regulation of the genes involved in their transcription has not been studied thoroughly. Here we report the regulation of expression of the two activator genes xyr1 and ace2, and the corepressor gene ace1, during the induction of cellulase biosynthesis by the inducer lactose in T. reesei QM 9414, a strain producing low levels of cellulase (low producer). We show that all three genes are induced by lactose. xyr1 was also induced by d-galactose, but this induction was independent of d-galactose metabolism. Moreover, ace1 was carbon catabolite repressed, whereas full induction of xyr1 and ace2 in fact required CRE1. Significant differences in these regulatory patterns were observed in the high-producer strain RUT C30 and the hyperproducer strain T. reesei CL847. These observations suggest that a strongly elevated basal transcription level of xyr1 and reduced upregulation of ace1 by lactose may have been important for generating the hyperproducer strain and that thus, these genes are major control elements of cellulase production."
6885621,31501242,The transcription factor ACE3 controls cellulase activities and lactose metabolism via two additional regulators in the fungus Trichoderma reesei,2019,"['trichoderma reesei', 'transcription factor', 'protein-protein interaction', 'cellulase', 'dna binding protein', 'protein-dna interaction', 'gene expression', 'fungi', 'hypocrea jecorina', 'gene knockout', 'ace3', 'protein-protein interaction', 'transcription factor', 'trichoderma reesei (hypocrea jecorina)', 'zn(ii)2cys6 protein', 'renewables', 'gene regulation', 'hydrolase', 'transcriptomics']",46,"{'xyr1': 0, 'ace3': 0, 'cbh1': 0, 'cellulase': 0, 'reesei': 0}",7.562242424221073,The Journal of Biological Chemistry,10.1074/jbc.RA119.008497,"['Zhang, Jiajia', 'Chen, Yumeng', 'Wu, Chuan', 'Liu, Pei', 'Wang, Wei', 'Wei, Dongzhi']","Fungi of the genus Trichoderma are a rich source of enzymes, such as cellulases and hemicellulases, that can degrade lignocellulosic biomass and are therefore of interest for biotechnological approaches seeking to optimize biofuel production. The essential transcription factor ACE3 is involved in cellulase production in Trichoderma reesei; however, the mechanism by which ACE3 regulates cellulase activities is unknown. Here, we discovered that the nominal ace3 sequence in the T. reesei genome available through the Joint Genome Institute is erroneously annotated. Moreover, we identified the complete ace3 sequence, the ACE3 Zn(II)2Cys6 domain, and the ACE3 DNA-binding sites containing a 5′-CGGAN(T/A)3-3′ consensus. We found that in addition to its essential role in cellulase production, ace3 is required for lactose assimilation and metabolism in T. reesei. Transcriptional profiling with RNA-Seq revealed that ace3 deletion down-regulates not only the bulk of the major cellulase, hemicellulase, and related transcription factor genes, but also reduces the expression of lactose metabolism–related genes. Additionally, we demonstrate that ACE3 binds the promoters of many cellulase genes, the cellulose response transporter gene crt1, and transcription factor–encoding genes, including xyr1. We also observed that XYR1 dimerizes to facilitate cellulase production and that ACE3 interacts with XYR1. Together, these findings uncover how two essential transcriptional activators mediate cellulase gene expression in T. reesei. On the basis of these observations, we propose a model of how the interactions between ACE3, Crt1, and XYR1 control cellulase expression and lactose metabolism in T. reesei."
8822348,35130719,Dual Regulatory Role of Chromatin Remodeler ISW1 in Coordinating Cellulase and Secondary Metabolite Biosynthesis in Trichoderma reesei,2022,"['trichoderma reesei', 'isw1', 'cellulase', 'sorbicillinoid', 'gene regulation']",8,"{'xyr1': 0, 'ace3': 0, 'cbh1': 0, 'cellulase': 0, 'reesei': 0}",5.712281330785609,mBio,10.1128/mbio.03456-21,"['Cao, Yanli', 'Yang, Renfei', 'Zheng, Fanglin', 'Meng, Xiangfeng', 'Zhang, Weixin', 'Liu, Weifeng', 'Lin, Xiaorong']","The saprophytic filamentous fungus Trichoderma reesei represents one of the most prolific cellulase producers isolated from nature. T. reesei also produces a typical yellow pigment identified as sorbicillinoids during cultivation. Here, we identified an evolutionarily conserved histone remodeling factor, ISW1, in T. reesei that simultaneously participates in regulating cellulase and the yellow pigment biosynthesis. Trisw1 deletion almost abolished vegetable growth, asexual spore formation, and cellulase gene expression. However, its absence significantly enhanced the production of the yellow pigment. The observed dual regulatory role of TrISW1 was dependent on its ATPase activity. We demonstrated that Trisw1 disruption elevated the transcription of ypr1 coding for the transcriptional activator of sor genes encoding the polyketide synthases catalyzing the biosynthesis of sorbicillinoids but compromised that of xyr1 encoding the key transcriptional activator of cellulase genes. Discrete T. reesei homologous ISW1 accessory factors were also found to exert differential effects on the expression of these two types of genes. Further analyses showed that TrISW1 was recruited to cellulase gene promoters, and its absence interfered with loss of histone H4 at the cbh1 and eg1 promoters upon cellulose induction. To the contrary, Trisw1 deletion facilitated loss of H4 at the sor locus. These data indicate that TrISW1 represents an important chromatin remodeler with a dual role in coordinating the cellulolytic response and biosynthesis of the major secondary metabolite in T. reesei."
7467262,32877410,Trichoderma reesei XYR1 activates cellulase gene expression via interaction with the Mediator subunit TrGAL11 to recruit RNA polymerase II,2020,[],19,"{'xyr1': 97, 'ace3': 0, 'cbh1': 21, 'cellulase': 67, 'reesei': 30}",11.933731630712092,PLoS Genetics,10.1371/journal.pgen.1008979,"['Zheng, Fanglin', 'Cao, Yanli', 'Yang, Renfei', 'Wang, Lei', 'Lv, Xinxing', 'Zhang, Weixin', 'Meng, Xiangfeng', 'Liu, Weifeng', 'Butler, Geraldine']","The ascomycete Trichoderma reesei is a highly prolific cellulase producer. While XYR1 (Xylanase regulator 1) has been firmly established to be the master activator of cellulase gene expression in T. reesei, its precise transcriptional activation mechanism remains poorly understood. In the present study, TrGAL11, a component of the Mediator tail module, was identified as a putative interacting partner of XYR1. Deletion of Trgal11 markedly impaired the induced expression of most (hemi)cellulase genes, but not that of the major β-glucosidase encoding genes. This differential involvement of TrGAL11 in the full induction of cellulase genes was reflected by the RNA polymerase II (Pol II) recruitment on their core promoters, indicating that TrGAL11 was required for the efficient transcriptional initiation of the majority of cellulase genes. In addition, we found that TrGAL11 recruitment to cellulase gene promoters largely occurred in an XYR1-dependent manner. Although xyr1 expression was significantly tuned down without TrGAL11, the binding of XYR1 to cellulase gene promoters did not entail TrGAL11. These results indicate that TrGAL11 represents a direct in vivo target of XYR1 and may play a critical role in contributing to Mediator and the following RNA Pol II recruitment to ensure the induced cellulase gene expression."
4409711,25909478,Genome sequencing of the Trichoderma reesei QM9136 mutant identifies a truncation of the transcriptional regulator XYR1 as the cause for its cellulase-negative phenotype,2015,"['single nucleotide polymorphism', 'snp', 'indel', 'comparative genomics', 'classical mutant', 'xyr1', 'transcription factor shuttling', 'cellulases', 'trichoderma reesei', 'qm9136']",24,"{'xyr1': 210, 'ace3': 1, 'cbh1': 2, 'cellulase': 49, 'reesei': 42}",12.108291082727467,BMC Genomics,10.1186/s12864-015-1526-0,"['Lichius, Alexander', 'Bidard, Frédérique', 'Buchholz, Franziska', 'Le Crom, Stéphane', 'Martin, Joel', 'Schackwitz, Wendy', 'Austerlitz, Tina', 'Grigoriev, Igor V', 'Baker, Scott E', 'Margeot, Antoine', 'Seiboth, Bernhard', 'Kubicek, Christian P']","Trichoderma reesei is the main industrial source of cellulases and hemicellulases required for the hydrolysis of biomass to simple sugars, which can then be used in the production of biofuels and biorefineries. The highly productive strains in use today were generated by classical mutagenesis. As byproducts of this procedure, mutants were generated that turned out to be unable to produce cellulases. In order to identify the mutations responsible for this inability, we sequenced the genome of one of these strains, QM9136, and compared it to that of its progenitor T. reesei QM6a."
7731781,33302864,Glucose-lactose mixture feeds in industry-like conditions: a gene regulatory network analysis on the hyperproducing Trichoderma reesei strain Rut-C30,2020,"['trichoderma reesei rut-c30', 'carbon sources', 'cellulases', 'transcriptome', 'fed-batch fermentation', 'data science', 'gene regulatory network']",5,"{'xyr1': 0, 'ace3': 0, 'cbh1': 0, 'cellulase': 0, 'reesei': 0}",4.7900769306257684,BMC Genomics,10.1186/s12864-020-07281-8,"['Pirayre, Aurélie', 'Duval, Laurent', 'Blugeon, Corinne', 'Firmo, Cyril', 'Perrin, Sandrine', 'Jourdier, Etienne', 'Margeot, Antoine', 'Bidard, Frédérique']","The degradation of cellulose and hemicellulose molecules into simpler sugars such as glucose is part of the second generation biofuel production process. Hydrolysis of lignocellulosic substrates is usually performed by enzymes produced and secreted by the fungus Trichoderma reesei. Studies identifying transcription factors involved in the regulation of cellulase production have been conducted but no overview of the whole regulation network is available. A transcriptomic approach with mixtures of glucose and lactose, used as a substrate for cellulase induction, was used to help us decipher missing parts in the network of T. reesei Rut-C30."
9663580,36376415,"Inducer-free cellulase production system based on the constitutive expression of mutated XYR1 and ACE3 in the industrial fungus Trichoderma'], b'reesei",2022,"['biotechnology', 'microbiology']",6,"{'xyr1': 136, 'ace3': 116, 'cbh1': 10, 'cellulase': 144, 'reesei': 25}",11.768597882194374,Scientific Reports,10.1038/s41598-022-23815-4,"['Arai, Toshiharu', 'Ichinose, Sakurako', 'Shibata, Nozomu', 'Kakeshita, Hiroshi', 'Kodama, Hiroshi', 'Igarashi, Kazuaki', 'Takimura, Yasushi']","Trichoderma', b'c toggle=""yes"">reesei is a widely used host for producing cellulase and hemicellulase cocktails for lignocellulosic biomass degradation. Here, we report a genetic modification strategy for industrial T.', b'c toggle=""yes"">reesei that enables enzyme production using simple glucose without inducers, such as cellulose, lactose and sophorose. Previously, the mutated XYR1V821F or XYR1A824V was known to induce xylanase and cellulase using only glucose as a carbon source, but its enzyme composition was biased toward xylanases, and its performance was insufficient to degrade lignocellulose efficiently. Therefore, we examined combinations of mutated XYR1V821F and constitutively expressed CRT1, BGLR, VIB1, ACE2, or ACE3, known as cellulase regulators and essential factors for cellulase expression to the T.', b'c toggle=""yes"">reesei E1AB1 strain that has been highly mutagenized for improving enzyme productivity and expressing a ß-glucosidase for high enzyme performance. The results showed that expression of ACE3 to the mutated XYR1V821F expressing strain promoted cellulase expression. Furthermore, co-expression of these two transcription factors also resulted in increased productivity, with enzyme productivity 1.5-fold higher than with the conventional single expression of mutated XYR1V821F. Additionally, that productivity was 5.5-fold higher compared to productivity with an enhanced single expression of ACE3. Moreover, although the DNA-binding domain of ACE3 had been considered essential for inducer-free cellulase production, we found that ACE3 with a partially truncated DNA-binding domain was more effective in cellulase production when co-expressed with a mutated XYR1V821F. This study demonstrates that co-expression of the two transcription factors, the mutated XYR1V821F or XYR1A824V and ACE3, resulted in optimized enzyme composition and increased productivity."
6509817,31077201,Enhancement of cellulase production in Trichoderma reesei RUT-C30 by comparative genomic screening,2019,"['trichoderma reesei', 'rut-c30', 'genome sequencing', 'cellulase production', 'tre108642', 'tre56839', 'alcohol dehydrogenase', 'cre1']",16,"{'xyr1': 5, 'ace3': 0, 'cbh1': 2, 'cellulase': 82, 'reesei': 52}",10.956085701230792,Microbial Cell Factories,10.1186/s12934-019-1131-z,"['Liu, Pei', 'Lin, Aibo', 'Zhang, Guoxiu', 'Zhang, Jiajia', 'Chen, Yumeng', 'Shen, Tao', 'Zhao, Jian', 'Wei, Dongzhi', 'Wang, Wei']",Cellulolytic enzymes produced by the filamentous fungus Trichoderma reesei are commonly used in biomass conversion. The high cost of cellulase is still a significant challenge to commercial biofuel production. Improving cellulase production in T. reesei for application in the cellulosic biorefinery setting is an urgent priority.
4135799,24879125,Intracellular β-Glucosidases CEL1a and CEL1b Are Essential for Cellulase Induction on Lactose in Trichoderma reesei,2014,[],26,"{'xyr1': 0, 'ace3': 0, 'cbh1': 0, 'cellulase': 0, 'reesei': 0}",6.189824558880018,Eukaryotic Cell,10.1128/EC.00100-14,"['Xu, Jintao', 'Zhao, Guolei', 'Kou, Yanbo', 'Zhang, Weixin', 'Zhou, Qingxin', 'Chen, Guanjun', 'Liu, Weifeng']","Lactose (1,4-O-β-d-galacto-pyranosyl-d-glucose) induces cellulolytic enzymes in Trichoderma reesei and is in fact one of the most important soluble carbon sources used to produce cellulases on an industrial level. The mechanism underlying the induction is, however, not fully understood. In this study, we investigated the cellular functions of the intracellular β-glucosidases CEL1a and CEL1b in the induction of cellulase genes by lactose in T. reesei. We demonstrated that while CEL1a and CEL1b were functionally equivalent in mediating the induction, the simultaneous absence of these intracellular β-glucosidases abolished cbh1 gene expression on lactose. d-Galactose restored the efficient cellulase gene induction in the Δcel1a strain independently of its reductive metabolism, but not in the Δcel1a Δcel1b strain. A further comparison of the transcriptional responses of the Δcel1a Δcel1b strain complemented with wild-type CEL1a or a catalytically inactive CEL1a version and the Δcel1a strain constitutively expressing CEL1a or the Kluyveromyces lactis β-galactosidase LAC4 showed that both the CEL1a protein and its glycoside hydrolytic activity were indispensable for cellulase induction by lactose. We also present evidence that intracellular β-glucosidase-mediated lactose induction is further conveyed to XYR1 to ensure the efficiently induced expression of cellulase genes."
8276808,34047636,"Trichoderma reesei ACE4, a Novel Transcriptional Activator Involved in the Regulation of Cellulase Genes during Growth on Cellulose ",2021,"['trichoderma reesei', 'cellulase gene', 'transcription factor', 'zn(ii)2cys6 protein', 'ace4']",16,"{'xyr1': 0, 'ace3': 0, 'cbh1': 0, 'cellulase': 0, 'reesei': 0}",6.426264754702098,Applied and Environmental Microbiology,10.1128/AEM.00593-21,"['Chen, Yumeng', 'Lin, Aibo', 'Liu, Pei', 'Fan, Xingjia', 'Wu, Chuan', 'Li, Ni', 'Wei, Liujing', 'Wang, Wei', 'Wei, Dongzhi', 'Druzhinina, Irina S.']","The filamentous fungus Trichoderma reesei is a model strain for cellulase production. Cellulase gene expression in T. reesei is controlled by multiple transcription factors. Here, we identified by comparative genomic screening a novel transcriptional activator, ACE4 (activator of cellulase expression 4), that positively regulates cellulase gene expression on cellulose in T. reesei. Disruption of the ace4 gene significantly decreased expression of four main cellulase genes and the essential cellulase transcription factor-encoding gene ace3. Overexpression of ace4 increased cellulase production by approximately 22% compared to that in the parental strain. Further investigations using electrophoretic mobility shift assays, DNase I footprinting assays, and chromatin immunoprecipitation assays indicated that ACE4 directly binds to the promoter of cellulase genes by recognizing the two adjacent 5′-GGCC-3′ sequences. Additionally, ACE4 directly binds to the promoter of ace3 and, in turn, regulates the expression of ACE3 to facilitate cellulase production. Collectively, these results demonstrate an important role for ACE4 in regulating cellulase gene expression, which will contribute to understanding the mechanism underlying cellulase expression in T. reesei."
9894936,36732590,"MAPkinases regulate secondary metabolism, sexual development and light dependent cellulase regulation in Trichoderma reesei",2023,"['fungal genetics', 'fungal physiology']",11,"{'xyr1': 9, 'ace3': 0, 'cbh1': 15, 'cellulase': 48, 'reesei': 40}",10.871135184243045,Scientific Reports,10.1038/s41598-023-28938-w,"['Schalamun, Miriam', 'Beier, Sabrina', 'Hinterdobler, Wolfgang', 'Wanko, Nicole', 'Schinnerl, Johann', 'Brecker, Lothar', 'Engl, Dorothea Elisa', 'Schmoll, Monika']","The filamentous fungus Trichoderma reesei is a prolific producer of plant cell wall degrading enzymes, which are regulated in response to diverse environmental signals for optimal adaptation, but also produces a wide array of secondary metabolites. Available carbon source and light are the strongest cues currently known to impact secreted enzyme levels and an interplay with regulation of secondary metabolism became increasingly obvious in recent years. While cellulase regulation is already known to be modulated by different mitogen activated protein kinase (MAPK) pathways, the relevance of the light signal, which is transmitted by this pathway in other fungi as well, is still unknown in T. reesei as are interconnections to secondary metabolism and chemical communication under mating conditions. Here we show that MAPkinases differentially influence cellulase regulation in light and darkness and that the Hog1 homologue TMK3, but not TMK1 or TMK2 are required for the chemotropic response to glucose in T. reesei. Additionally, MAPkinases regulate production of specific secondary metabolites including trichodimerol and bisorbibutenolid, a bioactive compound with cytostatic effect on cancer cells and deterrent effect on larvae, under conditions facilitating mating, which reflects a defect in chemical communication. Strains lacking either of the MAPkinases become female sterile, indicating the conservation of the role of MAPkinases in sexual fertility also in T. reesei. In summary, our findings substantiate the previously detected interconnection of cellulase regulation with regulation of secondary metabolism as well as the involvement of MAPkinases in light dependent gene regulation of cellulase and secondary metabolite genes in fungi.'], b'"
9953249,36830663,Intracellular Sugar Transporters Facilitate Cellulase Synthesis in Trichoderma reesei Using Lactose,2023,"['sugar transporter', 'lactose', 'lignocellulose-degrading enzyme']",2,"{'xyr1': 0, 'ace3': 0, 'cbh1': 0, 'cellulase': 0, 'reesei': 0}",4.392317422778761,Biomolecules,10.3390/biom13020295,"['Wang, Haiyan', 'Pang, Ai-Ping', 'Li, Bingzhi', 'Huo, Liujie', 'Wu, Fu-Gen', 'Lin, Fengming', 'Schmoll, Monika', 'Kracher, Daniel', 'Daly, Paul', 'Urban, Philippe']","Sugar transporters play an important role in the cellulase production of lignocellulose-degrading fungi. Nevertheless, the role and function of these transporters are still unclear. Here we first report intracellular sugar transporters assisting cellulase production in Trichoderma reesei (T. reesei) using lactose. The mRNA levels of sugar transporter genes mfs, gst, and lac1 were substantially upregulated in T. reesei cultivated on lactose, with the most abundant mRNA levels at 24 h as compared to glucose. Moreover, the individual deletion of these sugar transporters significantly inhibited cellulase production, solid cell growth, and sporulation of T. reesei, suggesting they play a supporting role in cellulase production when grown in lactose. Surprisingly, MFS, GST, and LAC1 were mainly localized in the cytoplasm, with MFS and LAC1 in the endoplasmic reticulum (ER), representing the first discovery of intracellular sugar transporters involved in cellulase biosynthesis in lactose culture. The absence of the gene lac1 noticeably inhibited most of the crucial genes related to cellulase production, including cellulase-encoding genes, transcription factors, and sugar transporters, at 24 h, which was fully relieved at 48 h or 72 h, indicating that lac1 affects cellulase production more at the early step. This research advances the understanding of the function of intracellular sugar transporters in fungi, particularly for fungal cellulase production."
3126698,21609467,The effects of disruption of phosphoglucose isomerase gene on carbon utilisation and cellulase production in Trichoderma reesei Rut-C30,2011,[],6,"{'xyr1': 18, 'ace3': 0, 'cbh1': 1, 'cellulase': 76, 'reesei': 41}",8.780266348530388,Microbial Cell Factories,10.1186/1475-2859-10-40,"['Limón, M Carmen', 'Pakula, Tiina', 'Saloheimo, Markku', 'Penttilä, Merja']","Cellulase and hemicellulase genes in the fungus Trichoderma reesei are repressed by glucose and induced by lactose. Regulation of the cellulase genes is mediated by the repressor CRE1 and the activator XYR1. T. reesei strain Rut-C30 is a hypercellulolytic mutant, obtained from the natural strain QM6a, that has a truncated version of the catabolite repressor gene, cre1. It has been previously shown that bacterial mutants lacking phosphoglucose isomerase (PGI) produce more nucleotide precursors and amino acids. PGI catalyzes the second step of glycolysis, the formation of fructose-6-P from glucose-6-P."
3370264,22554051,The putative protein methyltransferase LAE1 controls cellulase gene expression in Trichoderma reesei,2012,[],100,"{'xyr1': 24, 'ace3': 0, 'cbh1': 0, 'cellulase': 89, 'reesei': 80}",13.200258555114939,Molecular Microbiology,10.1111/j.1365-2958.2012.08083.x,"['Seiboth, Bernhard', 'Karimi, Razieh Aghcheh', 'Phatale, Pallavi A', 'Linke, Rita', 'Hartl, Lukas', 'Sauer, Dominik G', 'Smith, Kristina M', 'Baker, Scott E', 'Freitag, Michael', 'Kubicek, Christian P']","Trichoderma reesei is an industrial producer of enzymes that degrade lignocellulosic polysaccharides to soluble monomers, which can be fermented to biofuels. Here we show that the expression of genes for lignocellulose degradation are controlled by the orthologous T. reesei protein methyltransferase LAE1. In a lae1 deletion mutant we observed a complete loss of expression of all seven cellulases, auxiliary factors for cellulose degradation, β-glucosidases and xylanases were no longer expressed. Conversely, enhanced expression of lae1 resulted in significantly increased cellulase gene transcription. Lae1-modulated cellulase gene expression was dependent on the function of the general cellulase regulator XYR1, but also xyr1 expression was LAE1-dependent. LAE1 was also essential for conidiation of T. reesei. Chromatin immunoprecipitation followed by high-throughput sequencing (‘ChIP-seq’) showed that lae1 expression was not obviously correlated with H3K4 di- or trimethylation (indicative of active transcription) or H3K9 trimethylation (typical for heterochromatin regions) in CAZyme coding regions, suggesting that LAE1 does not affect CAZyme gene expression by directly modulating H3K4 or H3K9 methylation. Our data demonstrate that the putative protein methyltransferase LAE1 is essential for cellulase gene expression in T. reesei through mechanisms that remain to be identified."
3302631,22286997,Roles of Protein Kinase A and Adenylate Cyclase in Light-Modulated Cellulase Regulation in Trichoderma reesei,2012,[],46,"{'xyr1': 0, 'ace3': 0, 'cbh1': 0, 'cellulase': 0, 'reesei': 0}",6.802041122161136,Applied and Environmental Microbiology,10.1128/AEM.06959-11,"['Schuster, André', 'Tisch, Doris', 'Seidl-Seiboth, Verena', 'Kubicek, Christian P.', 'Schmoll, Monika']","The cyclic AMP (cAMP) pathway represents a central signaling cascade with crucial functions in all organisms. Previous studies of Trichoderma reesei (anamorph of Hypocrea jecorina) suggested a function of cAMP signaling in regulation of cellulase gene expression. We were therefore interested in how the crucial components of this pathway, adenylate cyclase (ACY1) and cAMP-dependent protein kinase A (PKA), would affect cellulase gene expression. We found that both ACY1 and PKA catalytic subunit 1 (PKAC1) are involved in regulation of vegetative growth but are not essential for sexual development. Interestingly, our results showed considerably increased transcript abundance of cellulase genes in darkness compared to light (light responsiveness) upon growth on lactose. This effect is strongly enhanced in mutant strains lacking PKAC1 or ACY1. Comparison to the wild type showed that ACY1 has a consistently positive effect on cellulase gene expression in light and darkness, while PKAC1 influences transcript levels of cellulase genes positively in light but negatively in darkness. A function of PKAC1 in light-modulated cellulase gene regulation is also reflected by altered complex formation within the cel6a/cbh2 promoter in light and darkness and in the absence of pkac1. Analysis of transcript levels of cellulase regulator genes indicates that the regulatory output of the cAMP pathway may be established via adjustment of XYR1 abundance. Consequently, both adenylate cyclase and protein kinase A are involved in light-modulated cellulase gene expression in T. reesei and have a dampening effect on the light responsiveness of this process."
5956553,29773074,Enhanced cellulase production in Trichoderma reesei RUT C30 via constitution of minimal transcriptional activators,2018,"['minimal transcriptional activator', 'cellulase production', 'trichoderma reesei', 'aceii', 'crei']",31,"{'xyr1': 0, 'ace3': 0, 'cbh1': 0, 'cellulase': 0, 'reesei': 0}",6.8748416666698935,Microbial Cell Factories,10.1186/s12934-018-0926-7,"['Zhang, Jiajia', 'Zhang, Guoxiu', 'Wang, Wei', 'Wang, Wei', 'Wei, Dongzhi']","Cellulase can convert lignocellulosic feedstocks into fermentable sugars, which can be used for the industrial production of biofuels and chemicals. The high cost of cellulase production remains a challenge for lignocellulose breakdown. Trichoderma reesei RUT C30 serves as a well-known industrial workhorse for cellulase production. Therefore, the enhancement of cellulase production by T. reesei RUT C30 is of great importance."
3494722,23152805,"Ras GTPases Modulate Morphogenesis, Sporulation and Cellulase Gene Expression in the Cellulolytic Fungus Trichoderma reesei'], b'Ras Modulate Morphogenesis and Cellulase Formation",2012,[],16,"{'xyr1': 47, 'ace3': 0, 'cbh1': 25, 'cellulase': 69, 'reesei': 50}",10.615629636968098,PLoS ONE,10.1371/journal.pone.0048786,"['Zhang, Jiwei', 'Zhang, Yanmei', 'Zhong, Yaohua', 'Qu, Yinbo', 'Wang, Tianhong', 'Xue, Chaoyang']","The model cellulolytic fungus Trichoderma reesei (teleomorph Hypocrea jecorina) is capable of responding to environmental cues to compete for nutrients in its natural saprophytic habitat despite its genome encodes fewer degradative enzymes. Efficient signalling pathways in perception and interpretation of environmental signals are indispensable in this process. Ras GTPases represent a kind of critical signal proteins involved in signal transduction and regulation of gene expression. In T. reesei the genome contains two Ras subfamily small GTPases TrRas1 and TrRas2 homologous to Ras1 and Ras2 from S. cerevisiae, but their functions remain unknown."
6767844,31583017,"Fusion transcription factors for strong, constitutive expression of cellulases and xylanases in Trichoderma reesei",2019,"['trichoderma reesei', 'xyr1', 'ypr1', 'transcription factor', 'enzyme production', 'glycerol']",26,"{'xyr1': 0, 'ace3': 0, 'cbh1': 0, 'cellulase': 0, 'reesei': 0}",6.768184324776926,Biotechnology for Biofuels,10.1186/s13068-019-1575-8,"['Derntl, Christian', 'Mach, Robert L.', 'Mach-Aigner, Astrid R.']","The filamentous ascomycete T. reesei is industrially used to produce cellulases and xylanases. Cost-effective production of cellulases is a bottleneck for biofuel production. Previously, different strain and process optimizations were deployed to enhance enzyme production rates. One approach is the overexpression of the main activator Xyr1 and a second is the construction of synthetic transcription factors. Notably, these genetic manipulations were introduced into strains bearing the wild-type xyr1 gene and locus."
10991602,38650205,From induction to secretion: a complicated route for cellulase production in Trichoderma reesei,2021,"['trichoderma reesei', 'cellulase', 'β-glucosidase', 'transporter', 'induction', 'transcription factor', 'environmental factor', 'secretion']",0,"{'xyr1': 26, 'ace3': 10, 'cbh1': 0, 'cellulase': 201, 'reesei': 77}",8.321928094887362,Bioresources and Bioprocessing,10.1186/s40643-021-00461-8,"['Yan, Su', 'Xu, Yan', 'Yu, Xiao-Wei']","The filamentous fungus Trichoderma reesei has been widely used for cellulase production that has extensive applications in green and sustainable development. Increasing costs and depletion of fossil fuels provoke the demand for hyper-cellulase production in this cellulolytic fungus. To better manipulate T. reesei for enhanced cellulase production and to lower the cost for large-scale fermentation, it is wise to have a comprehensive understanding of the crucial factors and complicated biological network of cellulase production that could provide new perspectives for further exploration and modification. In this review, we summarize recent progress and give an overview of the cellular process of cellulase production in T. reesei, including the carbon source-dependent cellulase induction, complicated transcriptional regulation network, and efficient protein assembly and trafficking. Among that, the key factors involved in cellulase production were emphasized, shedding light on potential perspectives for further engineering."
10859021,38342915,An efficient CRISPR/Cas9 genome editing system based on a multiple sgRNA processing platform in Trichoderma reesei for strain improvement and enzyme production,2024,"['crispr/cas9', 'trichoderma reesei', 'multigene editing', 'glucose oxidase', 'lignocellulose-degrading enzymes', 'multiple sgrna processing']",8,"{'xyr1': 0, 'ace3': 0, 'cbh1': 0, 'cellulase': 0, 'reesei': 0}",6.189824558880018,Biotechnology for Biofuels and Bioproducts,10.1186/s13068-024-02468-7,"['Zhang, Jiaxin', 'Li, Kehang', 'Sun, Yu', 'Yao, Cheng', 'Liu, Weifeng', 'Liu, Hong', 'Zhong, Yaohua']","The CRISPR/Cas9 technology is being employed as a convenient tool for genetic engineering of the industrially important filamentous fungus Trichoderma reesei. However, multiplex gene editing is still constrained by the sgRNA processing capability, hindering strain improvement of T. reesei for the production of lignocellulose-degrading enzymes and recombinant proteins."
10204303,37218014,The Ras small GTPase RSR1 regulates cellulase production in Trichoderma reesei,2023,"['ras small gtpase rsr1', 'cyclic amp', 'pka', 'filamentous fungi', 'trichoderma reesei', 'cellulase', 'signaling']",0,"{'xyr1': 0, 'ace3': 0, 'cbh1': 0, 'cellulase': 0, 'reesei': 0}",2.9385994553358565,Biotechnology for Biofuels and Bioproducts,10.1186/s13068-023-02341-z,"['Li, Ni', 'Qiu, Zhouyuan', 'Cai, Wanchuan', 'Shen, Yaling', 'Wei, Dongzhi', 'Chen, Yumeng', 'Wang, Wei']","Lignocellulose is the most abundant renewable resource in the world and has attracted widespread attention. It can be hydrolyzed into sugars with the help of cellulases and hemicellulases that are secreted by filamentous fungi. Several studies have revealed that the Ras small GTPase superfamily regulates important cellular physiological processes, including synthesis of metabolites, sporulation, and cell growth and differentiation. However, it remains unknown how and to what extent Ras small GTPases participate in cellulase production."
8262880,33975944,Dissecting Cellular Function and Distribution of β-Glucosidases in Trichoderma reesei,2021,"['filamentous fungi', 'trichoderma reesei', 'cellulase', 'β-glucosidase', 'nonclassical secretory route', 'bfa-insensitive']",0,"{'xyr1': 5, 'ace3': 0, 'cbh1': 10, 'cellulase': 54, 'reesei': 59}",7.066089190457772,mBio,10.1128/mBio.03671-20,"['Pang, Ai-Ping', 'Wang, Haiyan', 'Luo, Yongsheng', 'Yang, Zihuayuan', 'Liu, Zhiyu', 'Wang, Zhao', 'Li, Bingzhi', 'Yang, Song', 'Zhou, Zhihua', 'Lu, Xiaolin', 'Wu, Fu-Gen', 'Lu, Zuhong', 'Lin, Fengming', 'Lin, Xiaorong']","Trichoderma reesei has 11 putative β-glucosidases in its genome, playing key parts in the induction and production of cellulase. Nevertheless, the reason why the T. reesei genome encodes so many β-glucosidases and the distinct role each β-glucosidase plays in cellulase production remain unknown. In the present study, the cellular function and distribution of 10 known β-glucosidases (CEL3B, CEL3E, CEL3F, CEL3H, CEL3J, CEL1A, CEL3C, CEL1B, CEL3G, and CEL3D) were explored in T. reesei, leaving out BGL1 (CEL3A), which has been well investigated. We found that the overexpression of cel3b or cel3g significantly enhanced extracellular β-glucosidase production, whereas the overexpression of cel1b severely inhibited cellulase production by cellulose, resulting in nearly no growth of T. reesei. Four types of cellular distribution patterns were observed for β-glucosidases in T. reesei: (i) CEL3B, CEL3E, CEL3F, and CEL3G forming clearly separated protein secretion vesicles in the cytoplasm; (ii) CEL3H and CEL3J diffusing the whole endomembrane as well as the cell membrane with protein aggregation, like a reticular network; (iii) CEL1A and CEL3D in vacuoles; (iv) and CEL3C in the nucleus. β-glucosidases CEL1A, CEL3B, CEL3E, CEL3F, CEL3G, CEL3H, and CEL3J were identified as extracellular, CEL3C and CEL3D as intracellular, and CEL1B as unknown. The extracellular β-glucosidases CEL3B, CEL3E, CEL3F, CEL3H, and CEL3G were secreted through a tip-directed conventional secretion pathway, and CEL1A, via a vacuole-mediated pathway that was achieved without any signal peptide, while CEL3J was secreted via an unconventional protein pathway bypassing the endoplasmic reticulum (ER) and Golgi."
10050438,36977777,Early cellular events and potential regulators of cellulase induction in Penicillium janthinellum NCIM 1366,2023,"['fungi', 'fungal genes']",0,"{'xyr1': 16, 'ace3': 0, 'cbh1': 5, 'cellulase': 109, 'reesei': 14}",7.64144969206763,Scientific Reports,10.1038/s41598-023-32340-x,"['Christopher, Meera', 'Sreeja-Raju, AthiraRaj', 'Abraham, Amith', 'Gokhale, Digambar Vitthal', 'Pandey, Ashok', 'Sukumaran, Rajeev K.']","Cellulase production by fungi is tightly regulated in response to environmental cues, and understanding this mechanism is a key pre-requisite in the efforts to improve cellulase secretion. Based on UniProt descriptions of secreted Carbohydrate Active enZymes (CAZymes), 13 proteins of the cellulase hyper-producer Penicillium janthinellum NCIM 1366 (PJ-1366) were annotated as cellulases- 4 cellobiohydrolases (CBH), 7 endoglucanases (EG) and 2 beta glucosidases (BGL). Cellulase, xylanase, BGL and peroxidase activities were higher for cultures grown on a combination of cellulose and wheat bran, while EG was stimulated by disaccharides. Docking studies indicated that the most abundant BGL- Bgl2- has different binding sites for the substrate cellobiose and the product glucose, which helps to alleviate feedback inhibition, probably accounting for the low level of glucose tolerance exhibited. Out of the 758 transcription factors (TFs) differentially expressed on cellulose induction, 13 TFs were identified whose binding site frequencies on the promoter regions of the cellulases positively correlated with their abundance in the secretome. Further, correlation analysis of the transcriptional response of these regulators and TF-binding sites on their promoters indicated that cellulase expression is possibly preceded by up-regulation of 12 TFs and down-regulation of 16 TFs, which cumulatively regulate transcription, translation, nutrient metabolism and stress response."
3829138,24085297,Two Major Facilitator Superfamily Sugar Transporters from Trichoderma reesei and Their Roles in Induction of Cellulase Biosynthesis*,2013,"['cellulase', 'fungi', 'gene transcription', 'sugar transport', 'transporters', 'trichoderma reesei']",0,"{'xyr1': 0, 'ace3': 0, 'cbh1': 0, 'cellulase': 0, 'reesei': 0}",1.8073549220576042,The Journal of Biological Chemistry,10.1074/jbc.M113.505826,"['Zhang, Weixin', 'Kou, Yanbo', 'Xu, Jintao', 'Cao, Yanli', 'Zhao, Guolei', 'Shao, Jing', 'Wang, Hai', 'Wang, Zhixing', 'Bao, Xiaoming', 'Chen, Guanjun', 'Liu, Weifeng']",Background: The molecular mechanism underlying the regulation of cellulase production by T. reesei is unclear.
10148476,37118821,Mechanism of Zn2+ regulation of cellulase production in Trichoderma reesei Rut-C30,2023,"['trichoderma reesei', 'filamentous fungi', 'zn2+ stimulation', 'cellulase', 'plc-e', 'zafa']",0,"{'xyr1': 0, 'ace3': 0, 'cbh1': 0, 'cellulase': 0, 'reesei': 0}",2.9385994553358565,Biotechnology for Biofuels and Bioproducts,10.1186/s13068-023-02323-1,"['Li, Ni', 'Li, Jing', 'Chen, Yumeng', 'Shen, Yaling', 'Wei, Dongzhi', 'Wang, Wei']","Trichoderma reesei Rut-C30 is a hypercellulolytic mutant strain that degrades abundant sources of lignocellulosic plant biomass, yielding renewable biofuels. Although Zn2+ is an activator of enzymes in almost all organisms, its effects on cellulase activity in T. reesei have yet to be reported."
6901240,31765390,STK-12 acts as a transcriptional brake to control the expression of cellulase-encoding genes in Neurospora crassa,2019,[],0,"{'xyr1': 2, 'ace3': 1, 'cbh1': 0, 'cellulase': 148, 'reesei': 10}",7.063934305754099,PLoS Genetics,10.1371/journal.pgen.1008510.r003,"['Lin, Liangcai', 'Wang, Shanshan', 'Li, Xiaolin', 'He, Qun', 'Benz, J. Philipp', 'Tian, Chaoguang', 'Borkovich, Katherine A.', 'Copenhaver, Gregory P.', 'Borkovich, Katherine A.', 'Copenhaver, Gregory P.', 'Borkovich, Katherine A.', 'Copenhaver, Gregory P.', 'Borkovich, Katherine A.']","Cellulolytic fungi have evolved a complex regulatory network to maintain the precise balance of nutrients required for growth and hydrolytic enzyme production. When fungi are exposed to cellulose, the transcript levels of cellulase genes rapidly increase and then decline. However, the mechanisms underlying this bell-shaped expression pattern are unclear. We systematically screened a protein kinase deletion set in the filamentous fungus Neurospora crassa to search for mutants exhibiting aberrant expression patterns of cellulase genes. We observed that the loss of stk-12 (NCU07378) caused a dramatic increase in cellulase production and an extended period of high transcript abundance of major cellulase genes. These results suggested that stk-12 plays a critical role as a brake to turn down the transcription of cellulase genes to repress the overexpression of hydrolytic enzymes and prevent energy wastage. Transcriptional profiling analyses revealed that cellulase gene expression levels were maintained at high levels for 56 h in the Δstk-12 mutant, compared to only 8 h in the wild-type (WT) strain. After growth on cellulose for 3 days, the transcript levels of cellulase genes in the Δstk-12 mutant were 3.3-fold over WT, and clr-2 (encoding a transcriptional activator) was up-regulated in Δstk-12 while res-1 and rca-1 (encoding two cellulase repressors) were down-regulated. Consequently, total cellulase production in the Δstk-12 mutant was 7-fold higher than in the WT. These results strongly suggest that stk-12 deletion results in dysregulation of the cellulase expression machinery. Further analyses showed that STK-12 directly targets IGO-1 to regulate cellulase production. The TORC1 pathway promoted cellulase production, at least partly, by inhibiting STK-12 function, and STK-12 and CRE-1 functioned in parallel pathways to repress cellulase gene expression. Our results clarify how cellulase genes are repressed at the transcriptional level during cellulose induction, and highlight a new strategy to improve industrial fungal strains."
6606794,31266859,Crosstalk of Cellulose and Mannan Perception Pathways Leads to Inhibition of Cellulase Production in Several Filamentous Fungi,2019,"['neurospora crassa', 'cellulose/hemicellulose signaling', 'competitive inhibition', 'filamentous fungi', 'plant cell wall degradation']",0,"{'xyr1': 2, 'ace3': 0, 'cbh1': 0, 'cellulase': 40, 'reesei': 13}",5.614709844115208,mBio,10.1128/mBio.00277-19,"['Hassan, Lara', 'Lin, Liangcai', 'Sorek, Hagit', 'Sperl, Laura E.', 'Goudoulas, Thomas', 'Hagn, Franz', 'Germann, Natalie', 'Tian, Chaoguang', 'Benz, J. Philipp', 'Fischer, Reinhard']","In fungi, the production of enzymes for polysaccharide degradation is controlled by complex signaling networks. Previously, these networks were studied in response to simple sugars or single polysaccharides. Here, we tackled for the first time the molecular interplay between two seemingly unrelated perception pathways: those for cellulose and the hemicellulose (gluco)mannan. We identified a so far unknown competitive inhibition between the respective degradation products acting as signaling molecules. Competition was detected both at the level of the uptake and intracellularly, upstream of the main transcriptional regulator CLR-2. Our findings provide novel insights into the molecular communication between perception pathways. Also, they present possible targets for the improvement of industrial strains for higher cellulase production through the engineering of mannan insensitivity."
9552611,36165620,"MtTRC-1, a Novel Transcription Factor, Regulates Cellulase Production via Directly Modulating the Genes Expression of the Mthac-1 and Mtcbh-1 in Myceliophthora thermophila",2022,"['thermophilic fungi', 'myceliophthora thermophila', 'cellulase production', 'transcription factor', 'mttrc-1', 'mthac-1', 'mtcbh-1', 'er stress']",0,"{'xyr1': 0, 'ace3': 0, 'cbh1': 0, 'cellulase': 0, 'reesei': 0}",2.747233929620033,Applied and Environmental Microbiology,10.1128/aem.01263-22,"['Li, Nan', 'Liu, Yin', 'Liu, Defei', 'Liu, Dandan', 'Zhang, Chenyang', 'Lin, Liangcai', 'Zhu, Zhijian', 'Li, Huiyan', 'Dai, Yujie', 'Wang, Xingji', 'Liu, Qian', 'Tian, Chaoguang', 'Atomi, Haruyuki']","The thermophilic fungus Myceliophthora thermophila has been used to produce industrial enzymes and biobased chemicals. In saprotrophic fungi, the mechanisms regulating cellulase production have been studied, which revealed the involvement of multiple transcription factors. However, in M. thermophila, the transcription factors influencing cellulase gene expression and secretion remain largely unknown. In this study, we identified and characterized a novel cellulase regulator (MtTRC-1) in M. thermophila through a combination of functional genomics and genetic analyses. Deletion of Mttrc-1 resulted in significantly decreased cellulase production and activities. Transcriptome analysis revealed downregulation of not only the encoding genes of main cellulases but also the transcriptional regulator MtHAC-1 of UPR pathway after disruption of MtTRC-1 under cellulolytic induction conditions. Herein, we also characterized the ortholog of the yeast HAC1p in M. thermophila. We show that Mthac-1 mRNA undergoes an endoplasmic reticulum (ER) stress-induced splicing by removing a 23-nucleotide (nt) intron. Notably, the protein secretion on cellulose was dramatically impaired by the deletion of MtHAC-1. Moreover, the colonial growth on various carbon sources was defective in the absence of MtHAC-1. Electrophoretic mobility shift assays and chromatin immunoprecipitation assays verified MtTRC-1 regulates the transcription of Mthac-1 and the major cellulase gene Mtcbh-1 by binding directly to the promoters in vitro and in vivo. Furthermore, DNase I footprinting assays identified the putative consensus binding site (5′-GNG/C-3′). These results revealed the importance of MtTRC-1 for positively regulating cellulase production. This finding has clarified the complex regulatory pathways involved in cellulolytic enzyme production."
6901314,31659120,Deletion of the middle region of the transcription factor ClrB in Penicillium oxalicum enables cellulase production in the presence of glucose,2019,"['cellulase', 'transcription factor', 'transcription regulation', 'c-terminal domain (carboxyl tail domain, ctd)', 'fungi', 'aspergillus', 'biofuel', 'constitutive expression', 'lignocellulose', 'penicillium']",0,"{'xyr1': 0, 'ace3': 0, 'cbh1': 0, 'cellulase': 0, 'reesei': 0}",2.321928094887362,The Journal of Biological Chemistry,10.1074/jbc.RA119.010863,"['Gao, Liwei', 'Xu, Yanning', 'Song, Xin', 'Li, Shiying', 'Xia, Chengqiang', 'Xu, Jiadi', 'Qin, Yuqi', 'Liu, Guodong', 'Qu, Yinbo']","Enzymes that degrade lignocellulose to simple sugars are of great interest in research and for biotechnology because of their role in converting plant biomass to fuels and chemicals. The synthesis of cellulolytic enzymes in filamentous fungi is tightly regulated at the transcriptional level, with the transcriptional activator ClrB/CLR-2 playing a critical role in many species. In Penicillium oxalicum, clrB overexpression could not relieve the dependence of cellulase expression on cellulose as an inducer, suggesting that clrB is controlled post-transcriptionally. In this study, using a reporter gene system in yeast, we identified the C-terminal region of ClrB/CLR-2 as a transcriptional activation domain. Expression of clrBID, encoding a ClrB derivative in which the DNA-binding and transcriptional activation domains are fused together to remove the middle region, led to cellulase production in the absence of cellulose in P. oxalicum. Strikingly, the clrBID-expressing strain produced cellulase on carbon sources that normally repress cellulase expression, including glucose and glycerol. Results from deletion of the carbon catabolite repressor gene creA in the clrBID-expressing strain suggested that the effect of clrBID is independent of CreA\'s repressive function. A similar modification of clrB in Aspergillus niger resulted in the production of a mannanase in glucose medium. Taken together, these results indicate that ClrB suppression under noninducing conditions involves its middle region, suggesting a potential strategy to engineer fungal strains for improved cellulase production on commonly used carbon sources."
3648571,23690947,Systems Analysis of Lactose Metabolism in Trichoderma reesei Identifies a Lactose Permease That Is Essential for Cellulase Induction,2013,[],0,"{'xyr1': 8, 'ace3': 0, 'cbh1': 0, 'cellulase': 36, 'reesei': 39}",5.491853096329675,PLoS ONE,10.1371/journal.pone.0062631,"['Ivanova, Christa', 'Bååth, Jenny A.', 'Seiboth, Bernhard', 'Kubicek, Christian P.', 'Andersen, Mikael Rørdam']","'], b'Trichoderma reesei colonizes predecayed wood in nature and metabolizes cellulose and hemicellulose from the plant biomass. The respective enzymes are industrially produced for application in the biofuel and biorefinery industry. However, these enzymes are also induced in the presence of lactose (1,4-0-ß-d-galactopyranosyl-d-glucose), a waste product from cheese manufacture or whey processing industries. In fact, lactose is the only soluble carbon source that induces these enzymes in T. reesei on an industrial level but the reason for this unique phenomenon is not understood. To answer this question, we used systems analysis of the T. reesei transcriptome during utilization of lactose. We found that the respective CAZome encoded all glycosyl hydrolases necessary for cellulose degradation and particularly for the attack of monocotyledon xyloglucan, from which ß-galactosides could be released that may act as the inducers of T. reesei’s cellulases and hemicellulases. In addition, lactose also induces a high number of putative transporters of the major facilitator superfamily. Deletion of fourteen of them identified one gene that is essential for lactose utilization and lactose uptake, and for cellulase induction by lactose (but not sophorose) in pregrown mycelia of T. reesei. These data shed new light on the mechanism by which T. reesei metabolizes lactose and offers strategies for its improvement. They also illuminate the key role of ß-D-galactosides in habitat specificity of this fungus."
6175961,30297963,The Duality of the MAPK Signaling Pathway in the Control of Metabolic Processes and Cellulase Production in Trichoderma reesei,2018,[],0,"{'xyr1': 9, 'ace3': 1, 'cbh1': 4, 'cellulase': 52, 'reesei': 66}",6.653007888144255,Scientific Reports,10.1038/s41598-018-33383-1,"['de Paula, Renato Graciano', 'Antoniêto, Amanda Cristina Campos', 'Carraro, Cláudia Batista', 'Lopes, Douglas Christian Borges', 'Persinoti, Gabriela Felix', 'Peres, Nalu Teixeira Aguiar', 'Martinez-Rossi, Nilce Maria', 'Silva-Rocha, Rafael', 'Silva, Roberto Nascimento']","In this study, through global transcriptional analysis by RNA-Sequencing, we identified the main changes in gene expression that occurred in two functional mutants of the MAPK genes tmk1 and tmk2 in Trichoderma reesei during sugarcane bagasse degradation. We found that the proteins encoded by these genes regulated independent processes, sometimes in a cross-talk manner, to modulate gene expression in T. reesei. In the Δtmk2 strain, growth in sugarcane bagasse modulated the expression of genes involved in carbohydrate metabolism, cell growth and development, and G-protein-coupled receptor-mediated cell signaling. On the other hand, deletion of tmk1 led to decreased expression of the major genes for cellulases and xylanases. Furthermore, TMK1 found to be involved in the regulation of the expression of major facilitator superfamily transporters. Our results revealed that the MAPK signaling pathway in T. reesei regulates many important processes that allow the fungus to recognize, transport, and metabolize different carbon sources during plant cell wall degradation."
11032611,38643207,Small GTPase Rab7 is involved in stress adaptation to carbon starvation to ensure the induced cellulase biosynthesis in Trichoderma reesei,2024,"['rab gtpase', 'rab7', 'vesicular transport', 'cellulase secretion', 'trichoderma reesei']",0,"{'xyr1': 0, 'ace3': 0, 'cbh1': 0, 'cellulase': 0, 'reesei': 0}",3.169925001442312,Biotechnology for Biofuels and Bioproducts,10.1186/s13068-024-02504-6,"['Liu, Lin', 'Wang, Zhixing', 'Fang, Yu', 'Yang, Renfei', 'Pu, Yi', 'Meng, Xiangfeng', 'Liu, Weifeng']","The saprophytic filamentous fungus Trichoderma reesei represents one of the most prolific cellulase producers. The bulk production of lignocellulolytic enzymes by T. reesei not only relies on the efficient transcription of cellulase genes but also their efficient secretion after being translated. However, little attention has been paid to the functional roles of the involved secretory pathway in the high-level production of cellulases in T. reesei. Rab GTPases are key regulators in coordinating various vesicle trafficking associated with the eukaryotic secretory pathway. Specifically, Rab7 is a representative GTPase regulating the transition of the early endosome to the late endosome followed by its fusion to the vacuole as well as homotypic vacuole fusion. Although crosstalk between the endosomal/vacuolar pathway and the secretion pathway has been reported, the functional role of Rab7 in cellulase production in T. reesei remains unknown."
6948969,31517564,Regulation of gene expression by the action of a fungal lncRNA on a transactivator,2020,"['trichoderma reesei', 'fungi', 'gene regulation', 'lncrna', 'long non-coding rna', 'hax1', 'xyr1']",0,"{'xyr1': 287, 'ace3': 0, 'cbh1': 1, 'cellulase': 1, 'reesei': 16}",8.111425513538723,RNA Biology,10.1080/15476286.2019.1663618,"['Till, Petra', 'Derntl, Christian', 'Kiesenhofer, Daniel P', 'Mach, Robert L', 'Yaver, Debbie', 'Mach-Aigner, Astrid R']","Long non-coding RNAs (lncRNAs) are crucial factors acting on regulatory processes in eukaryotes. Recently, for the first time in a filamentous fungus, the lncRNA HAX1 was characterized in the ascomycete Trichoderma reesei. In industry, this fungus is widely applied for the high-yield production of cellulases. The lncRNA HAX1 was reported to influence the expression of cellulase-encoding genes; interestingly, this effect is dependent on the presence of its most abundant length. Clearly, HAX1 acts in association with a set of well-described transcription factors to regulate gene expression. In this study, we attempted to elucidate the regulatory strategy of HAX1 and its interactions with the major transcriptional activator Xylanase regulator 1 (Xyr1). We demonstrated that HAX1 interferes with the negative feedback regulatory loop of Xyr1 in a sophisticated manner and thus ultimately has a positive effect on gene expression."
10305053,37191516,Novel Transcription Factor CXRD Regulates Cellulase and Xylanase Biosynthesis in Penicillium oxalicum under Solid-State Fermentation,2023,"['transcription factor cxrd', 'cellulase and xylanase', 'penicillium oxalicum', 'solid-state fermentation']",0,"{'xyr1': 0, 'ace3': 0, 'cbh1': 0, 'cellulase': 0, 'reesei': 0}",2.9385994553358565,Applied and Environmental Microbiology,10.1128/aem.00360-23,"['Zhao, Shuai', 'Wang, Jiu-Xiang', 'Hou, Run', 'Ning, Yuan-Ni', 'Chen, Zhao-Xing', 'Liu, Qi', 'Luo, Xue-Mei', 'Feng, Jia-Xun', 'Druzhinina, Irina S.']","Penicillium oxalicum produces an integrated, extracellular cellulase and xylanase system, strictly regulated by several transcription factors. However, the understanding of the regulatory mechanism of cellulase and xylanase biosynthesis in P. oxalicum is limited, particularly under solid-state fermentation (SSF) conditions. In our study, deletion of a novel gene, cxrD (cellulolytic and xylanolytic regulator D), resulted in 49.3 to 2,230% enhanced production of cellulase and xylanase, except for 75.0% less xylanase at 2 days, compared with the P. oxalicum parental strain, when cultured on solid medium containing wheat bran plus rice straw for 2 to 4 days after transfer from glucose. In addition, the deletion of cxrD delayed conidiospore formation, leading to 45.1 to 81.8% reduced asexual spore production and altered mycelial accumulation to various extents. Comparative transcriptomics and real-time quantitative reverse transcription-PCR found that CXRD dynamically regulated the expression of major cellulase and xylanase genes and conidiation-regulatory gene brlA under SSF. In vitro electrophoretic mobility shift assays demonstrated that CXRD bound to the promoter regions of these genes. The core DNA sequence 5′-CYGTSW-3′ was identified to be specifically bound by CXRD. These findings will contribute to understanding the molecular mechanism of negative regulation of fungal cellulase and xylanase biosynthesis under SSF."
3226525,22070776,"Disruption of Trichoderma reesei cre2, encoding an ubiquitin C-terminal hydrolase, results in increased cellulase activity",2011,[],0,"{'xyr1': 0, 'ace3': 0, 'cbh1': 0, 'cellulase': 0, 'reesei': 0}",1.6880559936852597,BMC Biotechnology,10.1186/1472-6750-11-103,"['Denton, Jai A', 'Kelly, Joan M']","The filamentous fungus Trichoderma reesei (Hypocrea jecorina) is an important source of cellulases for use in the textile and alternative fuel industries. To fully understand the regulation of cellulase production in T. reesei, the role of a gene known to be involved in carbon regulation in Aspergillus nidulans, but unstudied in T. reesei, was investigated."
7243233,32461765,Rational engineering of the Trichoderma reesei RUT-C30 strain into an industrially relevant platform for cellulase production,2020,"['trichoderma reesei', 'rut-c30', 'crispr/cas9-based genetic engineering', 'bioprocess development', 'cellulase production']",0,"{'xyr1': 0, 'ace3': 0, 'cbh1': 0, 'cellulase': 0, 'reesei': 0}",2.4447848426728958,Biotechnology for Biofuels,10.1186/s13068-020-01732-w,"['Fonseca, Lucas Miranda', 'Parreiras, Lucas Salera', 'Murakami, Mario Tyago']","The path for the development of hypersecreting strains of Trichoderma reesei capable of producing industrially relevant enzyme titers remains elusive despite over 70 years of research and industrial utilization. Herein, we describe the rational engineering of the publicly available T. reesei RUT-C30 strain and a customized process for cellulase production based on agroindustrial by-products."
8939176,35317826,Factors regulating cellulolytic gene expression in filamentous fungi: an overview,2022,"['cellulase expression', 'transcription factors', 'regulation', 'transporters', 'catabolite repression']",0,"{'xyr1': 68, 'ace3': 24, 'cbh1': 17, 'cellulase': 200, 'reesei': 105}",8.906461158176894,Microbial Cell Factories,10.1186/s12934-022-01764-x,"['Mattam, Anu Jose', 'Chaudhari, Yogesh Babasaheb', 'Velankar, Harshad Ravindra']","The growing demand for biofuels such as bioethanol has led to the need for identifying alternative feedstock instead of conventional substrates like molasses, etc. Lignocellulosic biomass is a relatively inexpensive feedstock that is available in abundance, however, its conversion to bioethanol involves a multistep process with different unit operations such as size reduction, pretreatment, saccharification, fermentation, distillation, etc. The saccharification or enzymatic hydrolysis of cellulose to glucose involves a complex family of enzymes called cellulases that are usually fungal in origin. Cellulose hydrolysis requires the synergistic action of several classes of enzymes, and achieving the optimum secretion of these simultaneously remains a challenge. The expression of fungal cellulases is controlled by an intricate network of transcription factors and sugar transporters. Several genetic engineering efforts have been undertaken to modulate the expression of cellulolytic genes, as well as their regulators. This review, therefore, focuses on the molecular mechanism of action of these transcription factors and their effect on the expression of cellulases and hemicellulases."
8397228,34436152,Understanding the Role of Trichoderma reesei Vib1 in Gene Expression during Cellulose Degradation,2021,"['hypocrea jecorina', 'lignocellulose', 'biomass', 'biorefinery', 'cellulase', 'transcription factor', 'secondary metabolism', 'transcriptome']",0,"{'xyr1': 0, 'ace3': 0, 'cbh1': 0, 'cellulase': 0, 'reesei': 0}",2.584962500721156,Journal of Fungi,10.3390/jof7080613,"['Chen, Xiuzhen', 'Song, Bingran', 'Liu, Minglu', 'Qin, Lina', 'Dong, Zhiyang', 'Arroyo, Javier']","Vib1, a member of the Ndt80/PhoG-like transcription factor family, has been shown to be essential for cellulase production of Trichoderma reesei. Here, we combined transcriptomic and genetic analyses to gain mechanistic insights into the roles of Vib1 during cellulose degradation. Our transcriptome analysis showed that the vib1 deletion caused 586 genes with decreased expression and 431 genes with increased expression on cellulose. The downregulated genes were enriched for Gene Ontology terms associated with carbohydrate metabolism, transmembrane transport, oxidoreductase activity, and transcription factor activity. Of the 258 genes induced by cellulose, 229 showed no or decreased expression in Δvib1 on cellulose, including almost all (hemi)cellulase genes, crucial sugar transporter genes (IDs:69957, 3405), and the genes encoding main transcriptional activators Xyr1 and Ace3. Additionally, Vib1 also regulated the expression of genes involved in secondary metabolism. Further comparison of the transcriptomes of Δvib1 and Δxyr1 in cellulose revealed that the genes regulated by Vib1 had much overlap with Xyr1 targets especially for the gene set induced by cellulose, presumably whose expression requires the cooperativity between Vib1 and Xyr1. Genetic evidence indicated that Vib1 regulates cellulase gene expression partially via Xyr1. Our results will provide new clues for strain improvement."
5403845,28229208,Trichoderma reesei xylanase 5 is defective in the reference strain QM6a but functional alleles are present in other wild-type strains,2017,"['xyn1', 'trichoderma reesei', 'xylanase', 'gh11 family', 'recombinant protein production', 'biorefinery', 'biofuels']",0,"{'xyr1': 6, 'ace3': 0, 'cbh1': 0, 'cellulase': 9, 'reesei': 47}",5.513069582239371,Applied Microbiology and Biotechnology,10.1007/s00253-017-8161-4,"['Ramoni, Jonas', 'Marchetti-Deschmann, Martina', 'Seidl-Seiboth, Verena', 'Seiboth, Bernhard']","'], b'Trichoderma reesei is a paradigm for the regulation and industrial production of plant cell wall-degrading enzymes. Among these, five xylanases, including the glycoside hydrolase (GH) family 11 XYN1 and XYN2, the GH10 XYN3, and the GH30 XYN4 and XYN6, were described. By genome mining and transcriptome analysis, a further putative xylanase, encoded by xyn5, was identified. Analysis of xyn5 from the genome-sequenced reference strain T. reesei QM6a shows that it encodes a non-functional, truncated form of XYN5. However, non-truncated orthologues are present in other genome sequenced Trichoderma spp., and sequencing of xyn5 in other T. reesei wild-type isolates shows that they harbor a putative functional xyn5 allele. In silico analysis and 3D modeling revealed that the encoded XYN5 has significant structural similarities to xylanases of the GH11 family, including a GH-typical substrate binding groove and a carboxylate pair in the active site. The xyn5 of wild-type strain TUCIM1282 was recombinantly expressed in a T. reesei strain with a (hemi)cellulase-free background and the corresponding protein purified to apparent homogeneity. The pH and temperature optima and the kinetic parameters of the purified XYN5 were pH 4, 50 °C, and V', b'c toggle=""yes"">T. reesei xyn5 nucleotide sequence data are available in the DDBJ/EMBL/GenBank under the accession numbers KX139136 (TUCIM283), KX139137 (TUCIM665), KX139138 (TUCIM938), KX139139 (TUCIM1282/CBS 142139), KX455497 (QM6a), and KX455498 (RUT C-30)."
3342899,22314137,Construction of a cellulase hyper-expression system in Trichoderma reesei by promoter and enzyme engineering,2012,"['fusion protein', 'site-specific mutagenesis', 'heterologous expression', 'transcriptional regulation', 'cellulase']",0,"{'xyr1': 0, 'ace3': 0, 'cbh1': 0, 'cellulase': 0, 'reesei': 0}",1.7454271729144024,Microbial Cell Factories,10.1186/1475-2859-11-21,"['Zou, Gen', 'Shi, Shaohua', 'Jiang, Yanping', 'van den Brink, Joost', 'de Vries, Ronald P', 'Chen, Ling', 'Zhang, Jun', 'Ma, Liang', 'Wang, Chengshu', 'Zhou, Zhihua']","Trichoderma reesei is the preferred organism for producing industrial cellulases. However, a more efficient heterologous expression system for enzymes from different organism is needed to further improve its cellulase mixture. The strong cbh1 promoter of T. reesei is frequently used in heterologous expression, however, the carbon catabolite repressor CREI may reduce its strength by binding to the cbh1 promoter at several binding sites. Another crucial point to enhance the production of heterologous enzymes is the stability of recombinant mRNA and the prevention of protein degradation within the endoplasmic reticulum, especially for the bacteria originated enzymes."
10687790,38036984,Effect of the res2 transcription factor gene deletion on protein secretion and stress response in the hyperproducer strain Trichoderma reesei Rut-C30,2023,"['fungi', 'trichoderma reesei', 'cellulases', 'secretion', 'secretion stress', 'upr']",0,"{'xyr1': 0, 'ace3': 0, 'cbh1': 0, 'cellulase': 0, 'reesei': 0}",2.9385994553358565,BMC Microbiology,10.1186/s12866-023-03125-z,"['Alharake, Jawad', 'Bidard, Frédérique', 'Aouam, Thiziri', 'Sénamaud-Beaufort, Catherine', 'Margeot, Antoine', 'Heiss-Blanquet, Senta']","The fungus Trichoderma reesei is one of the most used industrial cellulase producers due to its high capacity of protein secretion. Strains of T. reesei with enhanced protein secretion capacity, such as Rut-C30, have been obtained after several rounds of random mutagenesis. The strain was shown to possess an expanded endoplasmic reticulum, but the genetic factors responsible for this phenotype remain still unidentified. Recently, three new transcription factors were described in Neurospora crassa which were demonstrated to be involved in protein secretion. One of them, RES2, was involved in upregulation of secretion-related genes. The aim of our present study was therefore to analyze the role of RES2, on protein secretion in the T. reesei Rut-C30 strain."
12310822,40739661,"Dual Role of MtHAC‐1 in Regulating Cellulase and Xylanase Production in Myceliophthora thermophila'], b'",2025,"['cellulase', 'comparative transcriptomics', 'gene expression', 'mthac‐1', 'myceliophthora thermophila', 'xylanase']",0,"{'xyr1': 0, 'ace3': 0, 'cbh1': 0, 'cellulase': 3, 'reesei': 1}",4.247927513443585,Microbial Biotechnology,10.1111/1751-7915.70203,"['Lai, Yapeng', 'Wang, Juan', 'Xie, Ning', 'Liu, Gang', 'Lacap‐Bugler, Donnabella C.']","Filamentous fungi produce large quantities of cellulase and xylanase as extracellular enzymes to degrade plant‐derived polysaccharides. This process is controlled by a complex network of transcription factors (TFs). Here, we present the bZIP TF Mthac‐1 exhibiting dual regulatory effects on the production of cellulase and xylanase in Myceliophthora thermophila. The deletion of Mthac‐1 reduced the cellulase and xylanase activities and protein secretion during the early phase of cultivation but enhanced in the middle and late stages of cultivation, compared with the wild‐type (WT) strain. It also led to fungal growth defects, characterised by few hyphal branching and reduced conidiation. Real‐time quantitative reverse transcription PCR (RT‐qPCR) analysis showed that Mthac‐1 dynamically regulates the expression of major cellulase genes. Furthermore, electrophoretic mobility shift assays (EMSAs) demonstrated that Mthac‐1 directly binds to the promoter regions of the β‐glucosidase gene bgl1 (MYCTH_66804), cellobiohydrolase gene cbh1 (MYCTH_109566), endoglucanase gene egl2 (MYCTH_86753), xylanase gene xyn1 (MYCTH_112050) and the regulatory gene xyr1 (MYCTH_2310145), exhibiting higher binding affinity for xyn1 and xyr1. The comparative transcriptomic analysis indicated that Mthac‐1 also plays an important role in the expression of 26S proteasome‐encoding genes under cellulolytic conditions. This work provides new insights into the regulatory mechanisms underlying cellulase and xylanase gene expression with potential applications in fungal strain engineering in biorefinery industries."
3568919,22750088,Systems biological approaches towards understanding cellulase production by Trichoderma reesei,2013,"['trichoderma', 'genomics', 'transcriptomics', 'proteomics', 'metabolomics', 'cellulase', 'hemicellulase']",0,"{'xyr1': 3, 'ace3': 0, 'cbh1': 1, 'cellulase': 78, 'reesei': 68}",6.294620748891627,Journal of Biotechnology,10.1016/j.jbiotec.2012.05.020,"['Kubicek, Christian P.']",► First systems biology review on Trichoderma reesei. ► First ‘omics comparison of Trichoderma reesei and other Trichoderma spp. ► The ‘omics results offer novel understanding of biomass hydrolyzing enzymes. ► Routes for further research are illustrated.
9784857,36547587,In Vitro Characterization of a Nuclear Receptor-like Domain of the Xylanase Regulator 1 from Trichoderma reesei,2022,"['carbohydrate signalling', 'eukaryotic transactivator', 'xylanase regulator 1', 'circular dichroism', 'trichoderma reesei']",0,"{'xyr1': 0, 'ace3': 0, 'cbh1': 0, 'cellulase': 0, 'reesei': 0}",2.747233929620033,Journal of Fungi,10.3390/jof8121254,"['Mello-de-Sousa, Thiago M.', 'Gorsche, Rita', 'Jovanović, Birgit', 'Mach, Robert L.', 'Mach-Aigner, Astrid R.', 'Kück, Ulrich']","Engineering transcription factors is an interesting research target gaining increasing attention, such as in the case of industrially used organisms. With respect to sustainability, biomass-degrading saprophytic fungi, such as Trichoderma reesei, are promising industrial work horses because they exhibit a high secretory capacity of native and heterologously expressed enzymes and compounds. A single-point mutation in the main transactivator of xylanase and cellulase expressions in T. reesei Xyr1 led to a strongly deregulated and enhanced xylanase expression. Circular dichroism spectroscopy revealed a change in secondary structure caused by this mutation. According to electrophoretic mobility shift assays and determination of the equilibrium-binding constants, the DNA-binding affinity of the mutated Xyr1 was considerably reduced compared to the wild-type Xyr1. Both techniques were also used to investigate the allosteric response to carbohydrates (D-glucose-6-phosphate, D-xylose, and sophorose) signalling the repression or induction of Xyr1 target genes. The mutated Xyr1 no longer exhibited a conformational change in response to these carbohydrates, indicating that the observed deregulation is not a simple matter of a change in DNA-binding of the transactivator. Altogether, we postulate that the part of Xyr1 where the mutation is located functions as a nuclear receptor-like domain that mediates carbohydrate signals and modulates the Xyr1 transactivating activity."
10744372,38132774,Overexpression of the Transcription Factor Azf1 Reveals Novel Regulatory Functions and Impacts β-Glucosidase Production in Trichoderma reesei,2023,"['trichoderma reesei', 'cellulases', 'azf1', 'transcription factor', 'overexpression', 'β-glucosidases']",0,"{'xyr1': 0, 'ace3': 0, 'cbh1': 0, 'cellulase': 0, 'reesei': 0}",2.9385994553358565,Journal of Fungi,10.3390/jof9121173,"['Maués, David Batista', 'Maraschin, Jhonatan Christian', 'Duarte, Diego Ângelo', 'Antoniêto, Amanda Cristina Campos', 'Silva, Roberto N.', 'Peng, Mao']","The fungus Trichoderma reesei is an essential producer of enzymes that degrade lignocellulosic biomass to produce value-added bioproducts. The cellulolytic system of T. reesei is controlled by several transcription factors (TFs) that efficiently regulate the production of these enzymes. Recently, a new TF named Azf1 was identified as a positive regulator of cellulase expression. Here, we investigated novel regulatory functions of Azf1 by its overexpression. In the mutant strain OEazf1, overexpression of azf1 was achieved under both repression and induction conditions. Although azf1 was more abundant in transcript and protein, overexpression of this TF did not activate transcription of the cellulase gene in the presence of the repressor glucose, suggesting that Azf1 may be subject to posttranslational regulation. In cellulose, the expression of swo, encoding the accessory protein swollenin, and the β-glucosidases cel1a, cel1b, cel3b, and cel3g increases in the early stages of cultivation. The increased production of these β-glucosidases increases the hydrolysis rate of cellobiose and sophorose, which activates carbon catabolite repression (CCR) and causes repression of cellulase genes and the regulator Xyr1 in the later stages of cultivation. Moreover, overexpression of azf1 led to increased cellulase activity in T. reesei during long-term cultivation in cellulose and sugarcane bagasse. Our results provide new insights into the mechanisms regulating Azf1 and novel genes that are important targets of this TF. This work contributes to a better understanding of the complex mechanisms regulating cellulase expression in T. reesei. It will contribute to the development of strains with higher production of these essential enzymes."
8898424,35248141,Simultaneous manipulation of multiple genes within a same regulatory stage for iterative evolution of Trichoderma reesei,2022,"['trichoderma reesei', 'semi-rational', 'cellulase', 'high-throughput', 'automation', 'biofuel']",0,"{'xyr1': 0, 'ace3': 0, 'cbh1': 0, 'cellulase': 0, 'reesei': 0}",2.747233929620033,Biotechnology for Biofuels and Bioproducts,10.1186/s13068-022-02122-0,"['Sun, Xianhua', 'Liang, Yazhe', 'Wang, Yuan', 'Zhang, Honglian', 'Zhao, Tong', 'Yao, Bin', 'Luo, Huiying', 'Huang, Huoqing', 'Su, Xiaoyun']","While there is growing interest in developing non-canonical filamentous fungi as hosts for producing secretory proteins, genetic engineering of filamentous fungi for improved expression often relies heavily on the understanding of regulatory mechanisms."
3364853,22462823,Unravelling the molecular basis for light modulated cellulase gene expression - the role of photoreceptors in Neurospora crassa,2012,[],0,"{'xyr1': 0, 'ace3': 0, 'cbh1': 0, 'cellulase': 0, 'reesei': 0}",1.7454271729144024,BMC Genomics,10.1186/1471-2164-13-127,"['Schmoll, Monika', 'Tian, Chaoguang', 'Sun, Jianping', 'Tisch, Doris', 'Glass, N Louise']","Light represents an important environmental cue, which exerts considerable influence on the metabolism of fungi. Studies with the biotechnological fungal workhorse Trichoderma reesei (Hypocrea jecorina) have revealed an interconnection between transcriptional regulation of cellulolytic enzymes and the light response. Neurospora crassa has been used as a model organism to study light and circadian rhythm biology. We therefore investigated whether light also regulates transcriptional regulation of cellulolytic enzymes in N. crassa."
7701987,33234686,Heterotrimeric G-Protein Signaling Is Required for Cellulose Degradation in Neurospora crassa,2020,"['g proteins', 'cell signaling', 'cellulolytic enzymes', 'cyclic amp', 'filamentous fungi', 'lignocellulose', 'molecular genetics']",0,"{'xyr1': 1, 'ace3': 0, 'cbh1': 2, 'cellulase': 109, 'reesei': 5}",6.774054912901426,mBio,10.1128/mBio.02419-20,"['Collier, Logan A.', 'Ghosh, Arit', 'Borkovich, Katherine A.', 'Heitman, Joseph']","Filamentous fungi are critical for the recycling of plant litter in the biosphere by degrading lignocellulosic biomass into simpler compounds for metabolism. Both saprophytic and pathogenic fungi utilize plant cell wall-degrading enzymes to liberate carbon for metabolism. Several studies have demonstrated a role for cellulase enzymes during infection of economically relevant crops by fungal pathogens. Especially in developing countries, severe plant disease means loss of entire crops, sometimes leading to starvation. In this study, we demonstrate that G-protein signaling is a key component of cellulase production. Therefore, understanding the role of G-protein signaling in the regulation of the unique metabolism of cellulose by these organisms can inform innovations in strain engineering of industrially relevant species for biofuel production and in combatting food shortages caused by plant pathogens."
6454604,31007715,Deletion of either the regulatory gene ara1 or metabolic gene xki1 in Trichoderma reesei leads to increased CAZyme gene expression on crude plant biomass,2019,"['plant biomass degradation', 'trichoderma reesei', 'xylan', 'cellulose', 'cazymes', 'xyr1']",0,"{'xyr1': 0, 'ace3': 0, 'cbh1': 0, 'cellulase': 0, 'reesei': 0}",2.321928094887362,Biotechnology for Biofuels,10.1186/s13068-019-1422-y,"['Benocci, Tiziano', 'Aguilar-Pontes, Maria Victoria', 'Kun, Roland Sándor', 'Lubbers, Ronnie J. M.', 'Lail, Kathleen', 'Wang, Mei', 'Lipzen, Anna', 'Ng, Vivian', 'Grigoriev, Igor V.', 'Seiboth, Bernhard', 'Daly, Paul', 'de Vries, Ronald P.']","Trichoderma reesei is one of the major producers of enzymes for the conversion of plant biomass to sustainable fuels and chemicals. Crude plant biomass can induce the production of CAZymes in T. reesei, but there is limited understanding of how the transcriptional response to crude plant biomass is regulated. In addition, it is unknown whether induction on untreated recalcitrant crude plant biomass (with a large diversity of inducers) can be sustained for longer. We investigated the transcriptomic response of T. reesei to the two industrial feedstocks, corn stover (CS) and soybean hulls (SBH), over time (4 h, 24 h and 48 h), and its regulatory basis using transcription factor deletion mutants (Δxyr1 and Δara1). We also investigated whether deletion of a xylulokinase gene (Δxki1) from the pentose catabolic pathway that converts potential inducers could lead to increased CAZyme gene expression."
10003064,36901932,Intracellular Nitric Oxide and cAMP Are Involved in Cellulolytic Enzyme Production in Neurospora crassa,2023,"['neurospora crassa', 'cellulase', 'enzyme production', 'nitric oxide', 'cyclic amp', 'mapk', 'filamentous fungi', 'enzyme activity', 'signaling pathways', 'reactive oxygen species']",0,"{'xyr1': 0, 'ace3': 0, 'cbh1': 0, 'cellulase': 0, 'reesei': 0}",2.9385994553358565,International Journal of Molecular Sciences,10.3390/ijms24054503,"['Yu, Nan-Nan', 'Ketya, Wirinthip', 'Park, Gyungsoon', 'Igamberdiev, Abir U.']","Although molecular regulation of cellulolytic enzyme production in filamentous fungi has been actively explored, the underlying signaling processes in fungal cells are still not clearly understood. In this study, the molecular signaling mechanism regulating cellulase production in Neurospora crassa was investigated. We found that the transcription and extracellular cellulolytic activity of four cellulolytic enzymes (cbh1, gh6-2, gh5-1, and gh3-4) increased in Avicel (microcrystalline cellulose) medium. Intracellular nitric oxide (NO) and reactive oxygen species (ROS) detected by fluorescent dyes were observed in larger areas of fungal hyphae grown in Avicel medium compared to those grown in glucose medium. The transcription of the four cellulolytic enzyme genes in fungal hyphae grown in Avicel medium was significantly decreased and increased after NO was intracellularly removed and extracellularly added, respectively. Furthermore, we found that the cyclic AMP (cAMP) level in fungal cells was significantly decreased after intracellular NO removal, and the addition of cAMP could enhance cellulolytic enzyme activity. Taken together, our data suggest that the increase in intracellular NO in response to cellulose in media may have promoted the transcription of cellulolytic enzymes and participated in the elevation of intracellular cAMP, eventually leading to improved extracellular cellulolytic enzyme activity."
6691542,31417630,Enhanced cellulase production by decreasing intercellular pH through H+-ATPase gene deletion in Trichoderma reesei RUT-C30,2019,"['trichoderma reesei', 'glucose', 'h+-atpase', 'intercellular ph', 'ca2+ channels', 'calcium signaling']",0,"{'xyr1': 0, 'ace3': 0, 'cbh1': 0, 'cellulase': 0, 'reesei': 0}",2.321928094887362,Biotechnology for Biofuels,10.1186/s13068-019-1536-2,"['Liu, Pei', 'Zhang, Guoxiu', 'Chen, Yumeng', 'Zhao, Jian', 'Wang, Wei', 'Wei, Dongzhi']",Cellulolytic enzymes produced by Trichoderma reesei are widely used for the industrial production of biofuels and chemicals from lignocellulose. We speculated that intracellular pH during the fermentation process can affect cellulase induction.
10992071,38647894,Induction of cellulase production by Sr2+ in Trichoderma reesei via calcium signaling transduction,2022,"['trichoderma reesei', 'sr2+', 'cellulase', 'ros', 'calcium signaling', 'signal transduction']",0,"{'xyr1': 10, 'ace3': 12, 'cbh1': 10, 'cellulase': 84, 'reesei': 29}",7.429855038697418,Bioresources and Bioprocessing,10.1186/s40643-022-00587-3,"['Li, Ni', 'Zeng, Yi', 'Chen, Yumeng', 'Shen, Yaling', 'Wang, Wei']","Trichoderma reesei RUT-C30 is a well-known high-yielding cellulase-producing fungal strain that converts lignocellulose into cellulosic sugar for resource regeneration. Calcium is a ubiquitous secondary messenger that regulates growth and cellulase production in T. reesei. We serendipitously found that adding Sr2+ to the medium significantly increased cellulase activity in the T. reesei RUT-C30 strain and upregulated the expression of cellulase-related genes. Further studies showed that Sr2+ supplementation increased the cytosolic calcium concentration and activated the calcium-responsive signal transduction pathway of Ca2+–calcineurin-responsive zinc finger transcription factor 1 (CRZ1). Using the plasma membrane Ca2+ channel blocker, LaCl3, we demonstrated that Sr2+ induces cellulase production via the calcium signaling pathway. Supplementation with the corresponding concentrations of Sr2+ also inhibited colony growth. Sr2+ supplementation led to an increase in intracellular reactive oxygen species (ROS) and upregulated the transcriptional levels of intracellular superoxide dismutase (sod1) and catalase (cat1). We further demonstrated that ROS content was detrimental to cellulase production, which was alleviated by the ROS scavenger N-acetyl cysteine (NAC). This study demonstrated for the first time that Sr2+ supplementation stimulates cellulase production and upregulates cellulase genes via the calcium signaling transduction pathway. Sr2+ leads to an increase in intracellular ROS, which is detrimental to cellulase production and can be alleviated by the ROS scavenger NAC. Our results provide insights into the mechanistic study of cellulase synthesis and the discovery of novel inducers of cellulase."
7330100,32671045,Engineering the Effector Domain of the Artificial Transcription Factor to Improve Cellulase Production by Trichoderma reesei,2020,"['trichoderma reesei', 'cellulase production', 'artificial transcription factors', 'effector domain', 'lignocellulosic biomass']",0,"{'xyr1': 37, 'ace3': 3, 'cbh1': 1, 'cellulase': 68, 'reesei': 89}",7.503384074119383,Frontiers in Bioengineering and Biotechnology,10.3389/fbioe.2020.00675,"['Meng, Qing-Shan', 'Zhang, Fei', 'Wang, Wei', 'Liu, Chen-Guang', 'Zhao, Xin-Qing', 'Bai, Feng-Wu']","Filamentous fungal strains of Trichoderma reesei have been widely used for cellulase production, and great effort has been devoted to enhancing their cellulase titers for the economic biorefinery of lignocellulosic biomass. In our previous studies, artificial zinc finger proteins (AZFPs) with the Gal4 effector domain were used to enhance cellulase biosynthesis in T. reesei, and it is of great interest to modify the AZFPs to further improve cellulase production. In this study, the endogenous activation domain from the transcription activator Xyr1 was used to replace the activation domain of Gal4 of the AZFP to explore impact on cellulase production. The cellulase producer T. reesei TU-6 was used as a host strain, and the engineered strains containing the Xyr1 and the Gal4 activation domains were named as T. reesei QS2 and T. reesei QS1, respectively. Compared to T. reesei QS1, activities of filter paper and endoglucanases in crude cellulase produced by T. reesei QS2 increased 24.6 and 50.4%, respectively. Real-time qPCR analysis also revealed significant up-regulation of major genes encoding cellulase in T. reesei QS2. Furthermore, the biomass hydrolytic performance of the cellulase was evaluated, and 83.8 and 97.9% more glucose was released during the hydrolysis of pretreated corn stover using crude enzyme produced by T. reesei QS2, when compared to the hydrolysis with cellulase produced by T. reesei QS1 and the parent strain T. reesei TU-6. As a result, we proved that the effector domain in the AZFPs can be optimized to construct more effective artificial transcription factors for engineering T. reesei to improve its cellulase production."
6100732,30151221,Truncation of the transcriptional repressor protein Cre1 in Trichoderma reesei Rut-C30 turns it into an activator,2018,"['carbon catabolite repression', 'trichoderma reesei', 'cre1', 'gene regulation', 'transcription factor', 'cellulases', 'xylanases', 'chromatin']",0,"{'xyr1': 0, 'ace3': 0, 'cbh1': 0, 'cellulase': 0, 'reesei': 0}",2.2129937233341983,Fungal Biology and Biotechnology,10.1186/s40694-018-0059-0,"['Rassinger, Alice', 'Gacek-Matthews, Agnieszka', 'Strauss, Joseph', 'Mach, Robert L.', 'Mach-Aigner, Astrid R.']","The filamentous fungus Trichoderma reesei (T. reesei) is a natural producer of cellulolytic and xylanolytic enzymes and is therefore industrially used. Many industries require high amounts of enzymes, in particular cellulases. Strain improvement strategies by random mutagenesis yielded the industrial ancestor strain Rut-C30. A key property of Rut-C30 is the partial release from carbon catabolite repression caused by a truncation of the repressor Cre1 (Cre1-96). In the T. reesei wild-type strain a full cre1 deletion leads to pleiotropic effects and strong growth impairment, while the truncated cre1-96 enhances cellulolytic activity without the effect of growth deficiencies. However, it is still unclear which function Cre1-96 has in Rut-C30."
6240962,30473732,The putative β-glucosidase BGL3I regulates cellulase induction in Trichoderma reesei,2018,"['β-glucosidase', 'cellulase', 'induction', 'regulation', 'trichoderma reesei']",0,"{'xyr1': 0, 'ace3': 0, 'cbh1': 0, 'cellulase': 0, 'reesei': 0}",2.2129937233341983,Biotechnology for Biofuels,10.1186/s13068-018-1314-6,"['Zou, Gen', 'Jiang, Yanping', 'Liu, Rui', 'Zhu, Zhihua', 'Zhou, Zhihua']","The filamentous fungus Trichoderma reesei (anamorph of Hypocrea jecorina) displays increased cellulase expression while growing on inducers such as lactose or cellulose. However, the mechanism of cellulase induction in T. reesei is not yet completely characterized. Here, a protein annotated as β-glucosidase (BGL3I) was found to be involved in cellulase induction in T. reesei. The effects of BGL3I on cellulase production have not yet been fully understood."
6380019,30820246,"N,N-dimethylformamide induces cellulase production in the filamentous fungus Trichoderma reesei",2019,"['trichoderma reesei', 'dmf induced', 'cellulase', 'calcium signaling', 'permeability', 'phospholipase c', 'plc-e']",0,"{'xyr1': 0, 'ace3': 0, 'cbh1': 0, 'cellulase': 0, 'reesei': 0}",2.321928094887362,Biotechnology for Biofuels,10.1186/s13068-019-1375-1,"['Chen, Yumeng', 'Wu, Chuan', 'Shen, Yaling', 'Ma, Yushu', 'Wei, Dongzhi', 'Wang, Wei']","The filamentous fungus Trichoderma reesei produces cellulase enzymes that are widely studied for lignocellulose bioconversion to biofuel. N,N-dimethylformamide (DMF) is a versatile organic solvent used in large quantities in industries."
6792246,31636703,Use of fusion transcription factors to reprogram cellulase transcription and enable efficient cellulase production in Trichoderma reesei,2019,"['fusion transcription factors', 'carbon catabolite repression', 'biomass', 'cellulase', 'trichoderma reesei', 'cre1']",0,"{'xyr1': 0, 'ace3': 0, 'cbh1': 0, 'cellulase': 0, 'reesei': 0}",2.321928094887362,Biotechnology for Biofuels,10.1186/s13068-019-1589-2,"['Wang, Fangzhong', 'Zhang, Ruiqin', 'Han, Lijuan', 'Guo, Wei', 'Du, Zhiqiang', 'Niu, Kangle', 'Liu, Yucui', 'Jia, Chunjiang', 'Fang, Xu']","Trichoderma reesei is widely used for cellulase production and accepted as an example for cellulase research. Cre1-mediated carbon catabolite repression (CCR) can significantly inhibit the transcription of cellulase genes during cellulase fermentation in T. reesei. Early efforts have been undertaken to modify Cre1 for the release of CCR; however, this approach leads to arrested hyphal growth and decreased biomass accumulation, which negatively affects cellulase production."
7351519,32719779,Global Reprogramming of Gene Transcription in Trichoderma reesei by Overexpressing an Artificial Transcription Factor for Improved Cellulase Production and Identification of Ypr1 as an Associated Regulator,2020,"['trichoderma reesei', 'cellulase production', 'artificial zinc finger protein', 'comparative transcriptome analysis', 'transcription factor', 'lignocellulosic biomass']",0,"{'xyr1': 12, 'ace3': 5, 'cbh1': 5, 'cellulase': 117, 'reesei': 156}",8.064293676796158,Frontiers in Bioengineering and Biotechnology,10.3389/fbioe.2020.00649,"['Zhang, Fei', 'Li, Jia-Xiang', 'Champreda, Verawat', 'Liu, Chen-Guang', 'Bai, Feng-Wu', 'Zhao, Xin-Qing']","Synthetic biology studies on filamentous fungi are providing unprecedented opportunities for optimizing this important category of microbial cell factory. Artificial transcription factor can be designed and used to offer novel modes of regulation on gene transcription network. Trichoderma reesei is commonly used for cellulase production. In our previous studies, a plasmid library harboring genes encoding artificial zinc finger proteins (AZFPs) was constructed for engineering T. reesei, and the mutant strains with improved cellulase production were selected. However, the underlying mechanism by which AZFP function remain unclear. In this study, a T. reesei Rut-C30 mutant strain T. reesei U5 bearing an AZFP named as AZFP-U5 was focused, which secretes high level protein and shows significantly improved cellulase and xylanase production comparing with its parental strain. In addition, enhanced sugar release was achieved from lignocellulosic biomass using the crude cellulase from T. reesei U5. Comparative transcriptome analysis was further performed, which showed reprogramming of global gene transcription and elevated transcription of genes encoding glycoside hydrolases by overexpressing AZFP-U5. Furthermore, 15 candidate regulatory genes which showed remarkable higher transcription levels by AZFP-U5 insertion were overexpressed in T. reesei Rut-C30 to examine their effects on cellulase biosynthesis. Among these genes, TrC30_93861 (ypr1) and TrC30_74374 showed stimulating effects on filter paper activity (FPase), but deletion of these two genes did not affect cellulase activity. In addition, increased yellow pigment production in T. reesei Rut-C30 by overexpression of gene ypr1 was observed, and changes of cellulase gene transcription were revealed in the ypr1 deletion mutant, suggesting possible interaction between pigment production and cellulase gene transcription. The results in this study revealed novel aspects in regulation of cellulase gene expression by the artificial regulators. In addition, the candidate genes and processes identified in the transcriptome data can be further explored for synthetic biology design and metabolic engineering of T. reesei to enhance cellulase production."
3831817,24070552,Targets of light signalling in Trichoderma reesei,2013,"['trichoderma reesei', 'hypocrea jecorina', 'light response', 'glycoside hydrolases', 'd-galactose', 'l-arabinose', 'envoy', 'blr1', 'blr2']",0,"{'xyr1': 0, 'ace3': 0, 'cbh1': 0, 'cellulase': 0, 'reesei': 0}",1.8073549220576042,BMC Genomics,10.1186/1471-2164-14-657,"['Tisch, Doris', 'Schmoll, Monika']",The tropical ascomycete Trichoderma reesei (Hypocrea jecorina) represents one of the most efficient plant cell wall degraders. Regulation of the enzymes required for this process is affected by nutritional signals as well as other environmental signals including light.
10687990,38031036,The transcriptional factor Clr-5 is involved in cellulose degradation through regulation of amino acid metabolism in Neurospora crassa,2023,"['neurospora crassa', 'transcription factor', 'cellulase production', 'amino acid metabolism', 'clr-5']",0,"{'xyr1': 0, 'ace3': 0, 'cbh1': 0, 'cellulase': 48, 'reesei': 5}",6.291554445843843,BMC Biotechnology,10.1186/s12896-023-00823-4,"['Xue, Fanglei', 'Zhao, Zhen', 'Gu, Shuying', 'Chen, Meixin', 'Xu, Jing', 'Luo, Xuegang', 'Li, Jingen', 'Tian, Chaoguang']","Filamentous fungi are efficient degraders of plant biomass and the primary producers of commercial cellulolytic enzymes. While the transcriptional regulation mechanisms of cellulases have been continuously explored in lignocellulolytic fungi, the induction of cellulase production remains a complex multifactorial system, with several aspects still largely elusive."
4754417,26909077,Understanding the Role of the Master Regulator XYR1 in Trichoderma reesei by Global Transcriptional Analysis,2016,"['trichoderma reesei', 'rna-seq', 'xyr1 transcription factor', 'gene expression', 'enzymes']",0,"{'xyr1': 145, 'ace3': 9, 'cbh1': 0, 'cellulase': 37, 'reesei': 65}",7.336420728531953,Frontiers in Microbiology,10.3389/fmicb.2016.00175,"['dos Santos Castro, Lilian', 'de Paula, Renato G.', 'Antoniêto, Amanda C. C.', 'Persinoti, Gabriela F.', 'Silva-Rocha, Rafael', 'Silva, Roberto N.']","We defined the role of the transcriptional factor—XYR1—in the filamentous fungus Trichoderma reesei during cellulosic material degradation. In this regard, we performed a global transcriptome analysis using RNA-Seq of the Δxyr1 mutant strain of T. reesei compared with the parental strain QM9414 grown in the presence of cellulose, sophorose, and glucose as sole carbon sources. We found that 5885 genes were expressed differentially under the three tested carbon sources. Of these, 322 genes were upregulated in the presence of cellulose, while 367 and 188 were upregulated in sophorose and glucose, respectively. With respect to genes under the direct regulation of XYR1, 30 and 33 are exclusive to cellulose and sophorose, respectively. The most modulated genes in the Δxyr1 belong to Carbohydrate-Active Enzymes (CAZymes), transcription factors, and transporters families. Moreover, we highlight the downregulation of transporters belonging to the MFS and ABC transporter families. Of these, MFS members were mostly downregulated in the presence of cellulose. In sophorose and glucose, the expression of these transporters was mainly upregulated. Our results revealed that MFS and ABC transporters could be new players in cellulose degradation and their role was shown to be carbon source-dependent. Our findings contribute to a better understanding of the regulatory mechanisms of XYR1 to control cellulase gene expression in T. reesei in the presence of cellulosic material, thereby potentially enhancing its application in several biotechnology fields."
11267940,38899886,Sub-genomic RNAi-assisted strain evolution of filamentous fungi for enhanced protein production,2024,"['genome engineering', 'suppression subtractive hybridization', 'rna interference', 'trichoderma reesei', 'humicola insolens']",0,"{'xyr1': 0, 'ace3': 0, 'cbh1': 0, 'cellulase': 0, 'reesei': 0}",3.169925001442312,Applied and Environmental Microbiology,10.1128/aem.02082-23,"['Sun, Xianhua', 'Gao, Fei', 'Fan, Chao', 'Yang, Shuyan', 'Zhao, Tong', 'Tu, Tao', 'Luo, Huiying', 'Yao, Bin', 'Huang, Huoqing', 'Su, Xiaoyun', 'Nygård, Yvonne']","Genetic engineering at the genomic scale provides a rapid means to evolve microbes for desirable traits. However, in many filamentous fungi, such trials are daunted by low transformation efficiency. Differentially expressed genes under certain conditions may contain important regulatory factors. Accordingly, although manipulating these subsets of genes only can largely reduce the time and labor, engineering at such a sub-genomic level may also be able to improve the microbial performance. Herein, first using the industrially important cellulase-producing filamentous fungus Trichoderma reesei as a model organism, we constructed suppression subtractive hybridization (SSH) libraries enriched with differentially expressed genes under cellulase induction (MM-Avicel) and cellulase repression conditions (MM-Glucose). The libraries, in combination with RNA interference, enabled sub-genomic engineering of T. reesei for enhanced cellulase production. The ability of T. reesei to produce endoglucanase was improved by 2.8~3.3-fold. In addition, novel regulatory genes (tre49304, tre120391, and tre123541) were identified to affect cellulase expression in T. reesei. Iterative manipulation using the same strategy further increased the yield of endoglucanase activity to 75.6 U/mL, which was seven times as high as that of the wild type (10.8 U/mL). Moreover, using Humicola insolens as an example, such a sub-genomic RNAi-assisted strain evolution proved to be also useful in other industrially important filamentous fungi. H. insolens is a filamentous fungus commonly used to produce catalase, albeit with similarly low transformation efficiency and scarce knowledge underlying the regulation of catalase expression. By combining SSH and RNAi, a strain of H. insolens producing 28,500 ± 288 U/mL of catalase was obtained, which was 1.9 times as high as that of the parent strain."
5249074,28107376,Deletion of pH Regulator pac-3 Affects Cellulase and Xylanase Activity during Sugarcane Bagasse Degradation by Neurospora crassa,2017,[],0,"{'xyr1': 1, 'ace3': 0, 'cbh1': 3, 'cellulase': 51, 'reesei': 10}",5.574908836057233,PLoS ONE,10.1371/journal.pone.0169796,"['Campos Antoniêto, Amanda Cristina', 'Ramos Pedersoli, Wellington', 'dos Santos Castro, Lílian', 'da Silva Santos, Rodrigo', 'Cruz, Aline Helena da Silva', 'Nogueira, Karoline Maria Vieira', 'Silva-Rocha, Rafael', 'Rossi, Antonio', 'Silva, Roberto Nascimento', 'Borkovich, Katherine A.']","Microorganisms play a vital role in bioethanol production whose usage as fuel energy is increasing worldwide. The filamentous fungus Neurospora crassa synthesize and secrete the major enzymes involved in plant cell wall deconstruction. The production of cellulases and hemicellulases is known to be affected by the environmental pH; however, the regulatory mechanisms of this process are still poorly understood. In this study, we investigated the role of the pH regulator PAC-3 in N. crassa during their growth on sugarcane bagasse at different pH conditions. Our data indicate that secretion of cellulolytic enzymes is reduced in the mutant Δpac-3 at alkaline pH, whereas xylanases are positively regulated by PAC-3 in acidic (pH 5.0), neutral (pH 7.0), and alkaline (pH 10.0) medium. Gene expression profiles, evaluated by real-time qPCR, revealed that genes encoding cellulases and hemicellulases are also subject to PAC-3 control. Moreover, deletion of pac-3 affects the expression of transcription factor-encoding genes. Together, the results suggest that the regulation of holocellulase genes by PAC-3 can occur as directly as in indirect manner. Our study helps improve the understanding of holocellulolytic performance in response to PAC-3 and should thereby contribute to the better use of N. crassa in the biotechnology industry."
6781402,31624500,"The influence of feedstock characteristics on enzyme production in Trichoderma reesei: a review on productivity, gene regulation and secretion profiles",2019,"['on-site enzyme manufacturing', 'integrated enzyme manufacturing', 'trichoderma reesei', 'lignocellulose', 'secretome', 'transcriptome', 'gene regulation', 'productivity']",0,"{'xyr1': 0, 'ace3': 0, 'cbh1': 0, 'cellulase': 0, 'reesei': 0}",2.321928094887362,Biotechnology for Biofuels,10.1186/s13068-019-1571-z,"['Novy, Vera', 'Nielsen, Fredrik', 'Seiboth, Bernhard', 'Nidetzky, Bernd']","Biorefineries, designed for the production of lignocellulose-based chemicals and fuels, are receiving increasing attention from the public, governments, and industries. A major obstacle for biorefineries to advance to commercial scale is the high cost of the enzymes required to derive the fermentable sugars from the feedstock used. As summarized in this review, techno-economic studies suggest co-localization and integration of enzyme manufacturing with the cellulosic biorefinery as the most promising alternative to alleviate this problem. Thus, cultivation of Trichoderma reesei, the principal producer of lignocellulolytic enzymes, on the lignocellulosic biomass processed on-site can reduce the cost of enzyme manufacturing. Further, due to a complex gene regulation machinery, the fungus can adjust the gene expression of the lignocellulolytic enzymes towards the characteristics of the feedstock, increasing the hydrolytic efficiency of the produced enzyme cocktail. Despite extensive research over decades, the underlying regulatory mechanisms are not fully elucidated. One aspect that has received relatively little attention in literature is the influence the characteristics of a lignocellulosic substrate, i.e., its chemical and physical composition, has on the produced enzyme mixture. Considering that the fungus is dependent on efficient enzymatic degradation of the lignocellulose for continuous supply of carbon and energy, a relationship between feedstock characteristics and secretome composition can be expected. The aim of this review was to systematically collect, appraise, and aggregate data and integrate results from studies analyzing enzyme production by T. reesei on insoluble cellulosic model substrates and lignocellulosic biomass. The results show that there is a direct effect of the substrate’s complexity (rated by structure, composition of the lignin–carbohydrate complex, and recalcitrance in enzymatic saccharification) on enzyme titers and the composition of specific activities in the secretome. It further shows that process-related factors, such as substrate loading and cultivation set-up, are direct targets for increasing enzyme yields. The literature on transcriptome and secretome composition further supports the proposed influence of substrate-related factors on the expression of lignocellulolytic enzymes. This review provides insights into the interrelation between the characteristics of the substrate and the enzyme production by T. reesei, which may help to advance integrated enzyme manufacturing of substrate-specific enzymes cocktails at scale."
6747117,31443450,The GATA-Type Transcriptional Factor Are1 Modulates the Expression of Extracellular Proteases and Cellulases in Trichoderma reesei,2019,"['trichoderma reesei', 'gata factors', 'are1', 'cellulase', 'protease']",0,"{'xyr1': 0, 'ace3': 0, 'cbh1': 0, 'cellulase': 0, 'reesei': 0}",2.321928094887362,International Journal of Molecular Sciences,10.3390/ijms20174100,"['Qian, Yuanchao', 'Sun, Yu', 'Zhong, Lixia', 'Sun, Ningning', 'Sheng, Yifan', 'Qu, Yinbo', 'Zhong, Yaohua']","Trichoderma reesei is a biotechnologically important filamentous fungus with the remarkable ability to secrete large amounts of enzymes, whose production is strongly affected by both the carbon and nitrogen sources. While the carbon metabolism regulators are extensively studied, the regulation of enzyme production by the nitrogen metabolism regulators is still poorly understood. In this study, the GATA transcription factor Are1, which is an orthologue of the Aspergillus global nitrogen regulator AREA, was identified and characterized for its functions in regulation of both protease and cellulase production in T. reesei. Deletion of the are1 gene abolished the capability to secrete proteases, and complementation of the are1 gene rescued the ability to produce proteases. Quantitative RT-PCR analysis revealed that the transcripts of protease genes apw1 and apw2 were also significantly reduced in the Δare1 strain when grown in the medium with peptone as the nitrogen source. In addition, deletion of are1 resulted in decreased cellulase production in the presence of (NH4)2SO4. Consistent with the reduction of cellulase production, the transcription levels of the major cellulase genes, including cbh1, cbh2, egl1, and egl2, were dramatically decreased in Δare1. Sequence analysis showed that all promoter regions of the tested protease and cellulase genes contain the consensus GATA elements. However, the expression levels of the major cellulase transcription activator Xyr1 and the repressor Cre1 had no significant difference between Δare1 and the parental strain QM9414, indicating that the regulatory mechanism deserves further investigation. Taken together, these results demonstrate the important role of Are1 in the regulation of protease and cellulase production in T. reesei, although these processes depend on the kind of nitrogen sources. The findings in this study contribute to the understanding of the regulation network of carbon and nitrogen sources in filamentous fungi."
2584116,18842142,Sulphur metabolism and cellulase gene expression are connected processes in the filamentous fungus Hypocrea jecorina (anamorph Trichoderma reesei),2008,[],0,"{'xyr1': 0, 'ace3': 0, 'cbh1': 0, 'cellulase': 0, 'reesei': 0}",1.538419914784126,BMC Microbiology,10.1186/1471-2180-8-174,"['Gremel, Gabriela', 'Dorrer, Marcel', 'Schmoll, Monika']","Sulphur compounds like cysteine, methionine and S-adenosylmethionine are essential for the viability of most cells. Thus many organisms have developed a complex regulatory circuit that governs the expression of enzymes involved in sulphur assimilation and metabolism. In the filamentous fungus Hypocrea jecorina (anamorph Trichoderma reesei) little is known about the participants in this circuit."
6174759,30345291,New Genomic Approaches to Enhance Biomass Degradation by the Industrial Fungus Trichoderma reesei,2018,[],0,"{'xyr1': 0, 'ace3': 0, 'cbh1': 0, 'cellulase': 0, 'reesei': 0}",2.2129937233341983,International Journal of Genomics,10.1155/2018/1974151,"['de Paula, Renato Graciano', 'Antoniêto, Amanda Cristina Campos', 'Ribeiro, Liliane Fraga Costa', 'Carraro, Cláudia Batista', 'Nogueira, Karoline Maria Vieira', 'Lopes, Douglas Christian Borges', 'Silva, Alinne Costa', 'Zerbini, Mariana Taíse', 'Pedersoli, Wellington Ramos', 'Costa, Mariana do Nascimento', 'Silva, Roberto Nascimento']","The filamentous fungi Trichoderma reesei is one of the most well-studied cellulolytic microorganisms. It is the most important fungus for the industrial production of enzymes to biomass deconstruction being widely used in the biotechnology industry, mainly in the production of biofuels. Here, we performed an analytic review of the holocellulolytic system presented by T. reesei as well as the transcriptional and signaling mechanisms involved with holocellulase expression in this fungus. We also discuss new perspectives about control of secretion and cellulase expression based on RNA-seq and functional characterization data of T. reesei growth in different carbon sources, which comprise glucose, cellulose, sophorose, and sugarcane bagasse."
2794218,19801419,Molecular Regulation of Arabinan and l-Arabinose Metabolism in Hypocrea jecorina (Trichoderma reesei)▿ ,2009,[],0,"{'xyr1': 0, 'ace3': 0, 'cbh1': 0, 'cellulase': 0, 'reesei': 0}",1.584962500721156,Eukaryotic Cell,10.1128/EC.00162-09,"['Akel, Eda', 'Metz, Benjamin', 'Seiboth, Bernhard', 'Kubicek, Christian P.']","Hypocrea jecorina (anamorph: Trichoderma reesei) can grow on plant arabinans by the aid of secreted arabinan-degrading enzymes. This growth on arabinan and its degradation product l-arabinose requires the operation of the aldose reductase XYL1 and the l-arabinitol dehydrogenase LAD1. Growth on arabinan and l-arabinose is also severely affected in a strain deficient in the general cellulase and hemicellulase regulator XYR1, but this impairment can be overcome by constitutive expression of the xyl1 encoding the aldose reductase. An inspection of the genome of H. jecorina reveals four genes capable of degrading arabinan, i.e., the α-l-arabinofuranosidase encoding genes abf1, abf2, and abf3 and also bxl1, which encodes a β-xylosidase with a separate α-l-arabinofuranosidase domain and activity but no endo-arabinanase. Transcriptional analysis reveals that in the parent strain QM9414 the expression of all of these genes is induced by l-arabinose and to a lesser extent by l-arabinitol and absent on d-glucose. Induction by l-arabinitol, however, is strongly enhanced in a Δlad1 strain lacking l-arabinitol dehydrogenase activity and severely impaired in an aldose reductase (Δxyl1) strain, suggesting a cross talk between l-arabinitol and the aldose reductase XYL1 in an α-l-arabinofuranosidase gene expression. Strains bearing a knockout in the cellulase regulator xyr1 do not show any induction of abf2 and bxl1, and this phenotype cannot be reverted by constitutive expression of xyl1. The loss of function of xyr1 has also a slight effect on the expression of abf1 and abf3. We conclude that the expression of the four α-l-arabinofuranosidases of H. jecorina for growth on arabinan requires an early pathway intermediate (l-arabinitol or l-arabinose), the first enzyme of the pathway XYL1, and in the case of abf2 and bxl1 also the function of the cellulase regulator XYR1."
4413991,25926888,Characterization of a copper responsive promoter and its mediated overexpression of the xylanase regulator 1 results in an induction-independent production of cellulases in Trichoderma reesei,2015,"['trichoderma reesei', 'copper responsive promoter', 'xyr1', 'cellulase', 'carbon catabolite repression']",0,"{'xyr1': 0, 'ace3': 0, 'cbh1': 0, 'cellulase': 0, 'reesei': 0}",1.9475325801058645,Biotechnology for Biofuels,10.1186/s13068-015-0249-4,"['Lv, Xinxing', 'Zheng, Fanglin', 'Li, Chunyan', 'Zhang, Weixin', 'Chen, Guanjun', 'Liu, Weifeng']","Trichoderma reesei represents an important workhorse for industrial production of cellulases as well as other proteins. The large-scale production is usually performed in a substrate-inducing manner achieved by a fine-tuned cooperation of a suite of transcription factors. Their production and subsequent analysis are, however, often either difficult to manipulate or complicated by the concomitant production of other inducible proteins. Alternatives to control gene expression independent of the nutritional state are thus preferred in some cases to facilitate not only biochemical studies of proteins but also genetic engineering of the producer."
10394125,36892404,Engineering cellulases for conversion of lignocellulosic biomass,2023,"['biorefining', 'cellulase', 'lignocellulose', 'processivity', 'thermostability']",0,"{'xyr1': 1, 'ace3': 0, 'cbh1': 0, 'cellulase': 105, 'reesei': 10}",7.342815461361186,"Protein Engineering, Design and Selection",10.1093/protein/gzad002,"['Chaudhari, Yogesh B', 'Várnai, Anikó', 'Sørlie, Morten', 'Horn, Svein J', 'Eijsink, Vincent G H']","Lignocellulosic biomass is a renewable source of energy, chemicals and materials. Many applications of this resource require the depolymerization of one or more of its polymeric constituents. Efficient enzymatic depolymerization of cellulose to glucose by cellulases and accessory enzymes such as lytic polysaccharide monooxygenases is a prerequisite for economically viable exploitation of this biomass. Microbes produce a remarkably diverse range of cellulases, which consist of glycoside hydrolase (GH) catalytic domains and, although not in all cases, substrate-binding carbohydrate-binding modules (CBMs). As enzymes are a considerable cost factor, there is great interest in finding or engineering improved and robust cellulases, with higher activity and stability, easy expression, and minimal product inhibition. This review addresses relevant engineering targets for cellulases, discusses a few notable cellulase engineering studies of the past decades and provides an overview of recent work in the field."
11448445,39162516,Transgressive phenotypes from outbreeding between the Trichoderma reesei hyper producer RutC30 and a natural isolate,2024,"['trichoderma reesei', 'sexual reproduction', 'cellulases', 'transgressive phenotype', 'outbreeding']",0,"{'xyr1': 2, 'ace3': 5, 'cbh1': 4, 'cellulase': 23, 'reesei': 17}",6.501439145158873,Microbiology Spectrum,10.1128/spectrum.00441-24,"['Chan Ho Tong, Laetitia', 'Jourdier, Etienne', 'Naquin, Delphine', 'Ben Chaabane, Fadhel', 'Aouam, Thiziri', 'Chartier, Gwladys', 'Castro González, Itzel', 'Margeot, Antoine', 'Bidard, Frederique', 'Atanasova, Lea']","Trichoderma reesei, the main filamentous fungus used for industrial cellulase production, was long considered to be asexual. The recent discovery of the mating type locus in the natural isolate QM6a and the possibility to cross this sterile female strain with a fertile natural female strain opened up a new avenue for strain optimization. We crossed the hyperproducer RutC30 with a compatible female ascospore-derived isolate of the wild-type strain CBS999.97 and analyzed about 300 offspring. A continuous distribution of secreted protein levels was observed in the progeny, confirming the involvement of several mutated loci in the hyperproductive phenotype. A bias toward MAT1-2 strains was identified for higher producers, but not directly linked to the Mating-type locus itself. Transgressive phenotypes were observed in terms of both productivity and secretome quality, with offspring that outperform their parents for three enzymatic activities. Genomic sequences of the 10 best producers highlighted the genetic diversity generated and the involvement of parental alleles in hyperproduction and fertility."
4140635,25144221,"VIB1, a Link between Glucose Signaling and Carbon Catabolite Repression, Is Essential for Plant Cell Wall Degradation by Neurospora crassa'], b'Role of VIB1 in Plant Cell Wall Degradation",2014,[],0,"{'xyr1': 1, 'ace3': 0, 'cbh1': 0, 'cellulase': 42, 'reesei': 11}",5.020887366473824,PLoS Genetics,10.1371/journal.pgen.1004500,"['Xiong, Yi', 'Sun, Jianping', 'Glass, N. Louise', 'Butler, Geraldine']","Filamentous fungi that thrive on plant biomass are the major producers of hydrolytic enzymes used to decompose lignocellulose for biofuel production. Although induction of cellulases is regulated at the transcriptional level, how filamentous fungi sense and signal carbon-limited conditions to coordinate cell metabolism and regulate cellulolytic enzyme production is not well characterized. By screening a transcription factor deletion set in the filamentous fungus Neurospora crassa for mutants unable to grow on cellulosic materials, we identified a role for the transcription factor, VIB1, as essential for cellulose utilization. VIB1 does not directly regulate hydrolytic enzyme gene expression or function in cellulosic inducer signaling/processing, but affects the expression level of an essential regulator of hydrolytic enzyme genes, CLR2. Transcriptional profiling of a Δvib-1 mutant suggests that it has an improper expression of genes functioning in metabolism and energy and a deregulation of carbon catabolite repression (CCR). By characterizing new genes, we demonstrate that the transcription factor, COL26, is critical for intracellular glucose sensing/metabolism and plays a role in CCR by negatively regulating cre-1 expression. Deletion of the major player in CCR, cre-1, or a deletion of col-26, did not rescue the growth of Δvib-1 on cellulose. However, the synergistic effect of the Δcre-1; Δcol-26 mutations circumvented the requirement of VIB1 for cellulase gene expression, enzyme secretion and cellulose deconstruction. Our findings support a function of VIB1 in repressing both glucose signaling and CCR under carbon-limited conditions, thus enabling a proper cellular response for plant biomass deconstruction and utilization."
7491124,32944074,Studies on sugar transporter CRT1 reveal new characteristics that are critical for cellulase induction in Trichoderma reesei,2020,"['trichoderma reesei', 'transmembrane transport', 'cellobiose transporter', 'cellulase induction']",0,"{'xyr1': 0, 'ace3': 0, 'cbh1': 0, 'cellulase': 0, 'reesei': 0}",2.4447848426728958,Biotechnology for Biofuels,10.1186/s13068-020-01797-7,"['Havukainen, Sami', 'Valkonen, Mari', 'Koivuranta, Kari', 'Landowski, Christopher P.']","Trichoderma reesei is an ascomycete fungus that has a tremendous capability of secreting extracellular proteins, mostly lignocellulose-degrading enzymes. Although many aspects of the biology of this organism have been unfolded, the roles of the many sugar transporters coded in its genome are still a mystery with a few exceptions. One of the most interesting sugar transporters that has thus far been discovered is the cellulose response transporter 1 (CRT1), which has been suggested to be either a sugar transporter or a sensor due to its seemingly important role in cellulase induction."
6193071,30364340,The Promoter Toolbox for Recombinant Gene Expression in Trichoderma reesei,2018,"['constitutive promoter', 'inducible promoter', 'cellulase', 'promoter engineering', 'recombinant protein production', 'synthetic biology', 'strain engineering', 'trichoderma reesei']",0,"{'xyr1': 9, 'ace3': 1, 'cbh1': 2, 'cellulase': 60, 'reesei': 54}",6.589055255355039,Frontiers in Bioengineering and Biotechnology,10.3389/fbioe.2018.00135,"['Fitz, Elisabeth', 'Wanka, Franziska', 'Seiboth, Bernhard']","The ascomycete Trichoderma reesei is one of the main fungal producers of cellulases and xylanases based on its high production capacity. Its enzymes are applied in food, feed, and textile industry or in lignocellulose hydrolysis in biofuel and biorefinery industry. Over the last years, the demand to expand the molecular toolbox for T. reesei to facilitate genetic engineering and improve the production of heterologous proteins grew. An important instrument to modify the expression of key genes are promoters to initiate and control their transcription. To date, the most commonly used promoter for T. reesei is the strong inducible promoter of the main cellobiohydrolase cel7a. Beside this one, there is a number of alternative inducible promoters derived from other cellulase- and xylanase encoding genes and a few constitutive promoters. With the advances in genomics and transcriptomics the identification of new constitutive and tunable promoters with different expression strength was simplified. In this review, we will discuss new developments in the field of promoters and compare their advantages and disadvantages. Synthetic expression systems constitute a new option to control gene expression and build up complex gene circuits. Therefore, we will address common structural features of promoters and describe options for promoter engineering and synthetic design of promoters. The availability of well-characterized gene expression control tools is essential for the analysis of gene function, detection of bottlenecks in gene networks and yield increase for biotechnology applications."
3629775,23291620,Xylanase Gene Transcription in Trichoderma reesei Is Triggered by Different Inducers Representing Different Hemicellulosic Pentose Polymers,2013,[],0,"{'xyr1': 0, 'ace3': 0, 'cbh1': 0, 'cellulase': 0, 'reesei': 0}",1.8073549220576042,Eukaryotic Cell,10.1128/EC.00182-12,"['Herold, Silvia', 'Bischof, Robert', 'Metz, Benjamin', 'Seiboth, Bernhard', 'Kubicek, Christian P.']","The ascomycete Trichoderma reesei is a paradigm for the regulation and production of plant cell wall-degrading enzymes, including xylanases. Four xylanases, including XYN1 and XYN2 of glycosyl hydrolase family 11 (GH11), the GH10 XYN3, and the GH30 XYN4, were already described. By genome mining, we identified a fifth xylanase, XYN5, belonging to GH11. Transcriptional analysis reveals that the expression of all xylanases but xyn3 is induced by d-xylose, dependent on the cellulase and xylanase regulator XYR1 and negatively regulated by the carbon catabolite repressor CRE1. Impairment of d-xylose catabolism at the d-xylose reductase and xylitol dehydrogenase step strongly enhanced induction by d-xylose. Knockout of the l-xylulose reductase-encoding gene lxr3, which connects the d-xylose and l-arabinose catabolic pathways, had no effect on xylanase induction. Besides the induction by d-xylose, the T. reesei xylanases were also induced by l-arabinose, and this induction was also enhanced in knockout mutants in l-arabinose reductase (xyl1), l-arabitol dehydrogenase (lad1), and l-xylulose reductase (lxr3). Induction by l-arabinose was also XYR1 dependent. Analysis of intracellular polyols revealed accumulation of xylitol in all strains only during incubation with d-xylose and accumulation of l-arabitol only during incubation with l-arabinose. Induction by l-arabinose could be further stimulated by addition of d-xylose. We conclude that the expression of the T. reesei xylanases can be induced by both d-xylose and l-arabinose, but independently of each other and by using different inducing metabolites."
3654998,23638967,Mutation of the Xylanase regulator 1 causes a glucose blind hydrolase expressing phenotype in industrially used Trichoderma strains,2013,"['trichoderma reesei', 'hypocrea jecorina', 'cellulases and hemicellulases', 'inducer-independent enzyme production', 'biofuel', 'xylanase regulator 1 (xyr1)', 'glucose response domain']",0,"{'xyr1': 0, 'ace3': 0, 'cbh1': 0, 'cellulase': 0, 'reesei': 0}",1.8073549220576042,Biotechnology for Biofuels,10.1186/1754-6834-6-62,"['Derntl, Christian', 'Gudynaite-Savitch, Loreta', 'Calixte, Sophie', 'White, Theresa', 'Mach, Robert L', 'Mach-Aigner, Astrid R']","Trichoderma reesei is an organism involved in degradation of (hemi)cellulosic biomass. Consequently, the corresponding enzymes are commonly used in different types of industries, and recently gained considerable importance for production of second-generation biofuel. Many industrial T. reesei strains currently in use are derived from strain Rut-C30, in which cellulase and hemicellulase expression is released from carbon catabolite repression. Nevertheless, inducing substances are still necessary for a satisfactory amount of protein formation."
2483294,18620557,The Hypocrea jecorina (Trichoderma reesei) hypercellulolytic mutant RUT C30 lacks a 85 kb (29 gene-encoding) region of the wild-type genome,2008,[],0,"{'xyr1': 0, 'ace3': 0, 'cbh1': 0, 'cellulase': 0, 'reesei': 0}",1.538419914784126,BMC Genomics,10.1186/1471-2164-9-327,"['Seidl, Verena', 'Gamauf, Christian', 'Druzhinina, Irina S', 'Seiboth, Bernhard', 'Hartl, Lukas', 'Kubicek, Christian P']",The hypercellulolytic mutant Hypocrea jecorina (anamorph Trichoderma reesei) RUT C30 is the H. jecorina strain most frequently used for cellulase fermentations and has also often been employed for basic research on cellulase regulation. This strain has been reported to contain a truncated carbon catabolite repressor gene cre1 and is consequently carbon catabolite derepressed. To date this and an additional frame-shift mutation in the glycoprotein-processing β-glucosidase II encoding gene are the only known genetic differences in strain RUT C30.
2653238,19136572,The G-Alpha Protein GNA3 of Hypocrea jecorina (Anamorph Trichoderma reesei) Regulates Cellulase Gene Expression in the Presence of Light▿ †,2009,[],0,"{'xyr1': 0, 'ace3': 0, 'cbh1': 0, 'cellulase': 0, 'reesei': 0}",1.584962500721156,Eukaryotic Cell,10.1128/EC.00256-08,"['Schmoll, Monika', 'Schuster, André', 'Silva, Roberto do Nascimento', 'Kubicek, Christian P.']","Although the enzymes enabling Hypocrea jecorina (anamorph Trichoderma reesei) to degrade the insoluble substrate cellulose have been investigated in some detail, little is still known about the mechanism by which cellulose signals its presence to the fungus. In order to investigate the possible role of a G-protein/cyclic AMP signaling pathway, the gene encoding GNA3, which belongs to the adenylate cyclase-activating class III of G-alpha subunits, was cloned. gna3 is clustered in tandem with the mitogen-activated protein kinase gene tmk3 and the glycogen phosphorylase gene gph1. The gna3 transcript is upregulated in the presence of light and is almost absent in the dark. A strain bearing a constitutively activated version of GNA3 (gna3QL) exhibits strongly increased cellulase transcription in the presence of the inducer cellulose and in the presence of light, whereas a gna3 antisense strain showed delayed cellulase transcription under this condition. However, the gna3QL mutant strain was unable to form cellulases in the absence of cellulose. The necessity of light for stimulation of cellulase transcription by GNA3 could not be overcome in a mutant which expressed gna3 under control of the constitutive gpd1 promoter also in darkness. We conclude that the previously reported stimulation of cellulase gene transcription by light, but not the direct transmission of the cellulose signal, involves the function and activation of GNA3. The upregulation of gna3 by light is influenced by the light modulator ENVOY, but GNA3 itself has no effect on transcription of the light regulator genes blr1, blr2, and env1. Our data for the first time imply an involvement of a G-alpha subunit in a light-dependent signaling event in fungi."
9797302,36589721,"A Combined Study on Optimization, In Silico Modeling, and Genetic Modification of Large Scale Microbial Cellulase Production",2022,[],0,"{'xyr1': 0, 'ace3': 0, 'cbh1': 0, 'cellulase': 0, 'reesei': 0}",2.747233929620033,Biochemistry Research International,10.1155/2022/4598937,"['Rabby, Md. Raisul Islam', 'Ahmed, Zabed Bin', 'Paul, Gobindo Kumar', 'Chowdhury, Nafisa Nusrat', 'Akter, Fatema', 'Razu, Mamudul Hasan', 'Karmaker, Pranab', 'Khan, Mala']","Cellulase is a biocatalyst that hydrolyzes cellulosic biomass and is considered a major group of industrial enzymes for its applications. Extensive work has been done on microbial cellulase but fungi are considered a novel strain for their maximum cellulase production. Production cost and novel microbial strains are major challenges for its improvement where cheap agro wastes can be essential sources of cellulose as substrates. The researcher searches for more cellulolytic microbes from natural sources but the production level of isolated strains is comparatively low. So genetic modification or mutation can be employed for large-scale cellulase production before optimization. After genetic modification than in silico molecular modeling can be evaluated for substrate molecule\'s binding affinity. In this review, we focus not only on the conventional methods of cellulase production but also on modern biotechnological approaches applied to cellulase production by a sequential study on common cellulase-producing microbes, modified microbes, culture media, carbon sources, substrate pretreatment process, and the importance of optimum pH and temperature on fermentation. In this review, we also compare different cellulase activity determination methods. As a result, this review provides insights into the interrelationship between the characteristics of optimizing different culture conditions, genetic modification, and in silico enzyme modeling for the production of cellulase enzymes, which may aid in the advancement of large-scale integrated enzyme manufacturing of substrate-specific enzymes."
6202828,30386428,Constitutive hyperproduction of sorbicillinoids in Trichoderma reesei ZC121,2018,"['biosynthetic gene cluster', 'secondary metabolites', 'natural product', 'yellow pigment', 'sorbicillinoids', 'trichoderma reesei']",0,"{'xyr1': 0, 'ace3': 0, 'cbh1': 0, 'cellulase': 0, 'reesei': 0}",2.2129937233341983,Biotechnology for Biofuels,10.1186/s13068-018-1296-4,"['Li, Chengcheng', 'Lin, Fengming', 'Sun, Wei', 'Yuan, Shaoxun', 'Zhou, Zhihua', 'Wu, Fu-Gen', 'Chen, Zhan']","In addition to its outstanding cellulase production ability, Trichoderma reesei produces a wide variety of valuable secondary metabolites, the production of which has not received much attention to date. Among them, sorbicillinoids, a large group of hexaketide secondary metabolites derived from polyketides, are drawing a growing interest from researchers because they exhibit a variety of important biological functions, including anticancer, antioxidant, antiviral, and antimicrobial properties. The development of fungi strains with constitutive, hyperproduction of sorbicillinoids is thus desired for future industry application but is not well-studied. Moreover, although T. reesei has been demonstrated to produce sorbicillinoids with the corresponding gene cluster and biosynthesis pathway proposed, the underlying molecular mechanism governing sorbicillinoid biosynthesis remains unknown."
3847502,24016404,Comparative analysis of the Trichoderma reesei transcriptome during growth on the cellulase inducing substrates wheat straw and lactose,2013,[],0,"{'xyr1': 0, 'ace3': 0, 'cbh1': 0, 'cellulase': 0, 'reesei': 0}",1.8073549220576042,Biotechnology for Biofuels,10.1186/1754-6834-6-127,"['Bischof, Robert', 'Fourtis, Lukas', 'Limbeck, Andreas', 'Gamauf, Christian', 'Seiboth, Bernhard', 'Kubicek, Christian P']","Renewable lignocellulosic biomass is an advantageous resource for the production of second generation biofuels and other biorefinery products. In Middle Europe, wheat straw is one of the most abundant low-cost sources of lignocellulosic biomass. For its efficient use, an efficient mix of cellulases and hemicellulases is required. In this paper, we investigated how cellulase production by T. reesei on wheat straw compares to that on lactose, the only soluble and also cheap inducing carbon source for enzyme production."
8825865,35154055,Elimination of the Sugar Transporter GAT1 Increased Xylanase I Production in Trichoderma reesei,2022,"['trichoderma reesei', 'xylanase', 'sugar transporter', 'gat1', 'xyni']",0,"{'xyr1': 3, 'ace3': 2, 'cbh1': 1, 'cellulase': 24, 'reesei': 33}",6.298553586513553,Frontiers in Microbiology,10.3389/fmicb.2022.810066,"['Xu, Wenqiang', 'Fang, Yu', 'Ding, Mingyang', 'Ren, Yajing', 'Meng, Xiangfeng', 'Chen, Guanjun', 'Zhang, Weixin', 'Liu, Weifeng']","The filamentous fungus Trichoderma reesei secretes large quantities of cellulases and hemicellulases that have found wide applications in industry. Compared with extensive studies on the mechanism controlling cellulase gene expression, less is known about the regulatory mechanism behind xylanase gene expression. Herein, several putative sugar transporter encoding genes that showed significant upregulation on xylan were identified in T. reesei. Deletion of one such gene, gat1, resulted in increased xylanase production but hardly affected cellulase induction. Further analyses demonstrated that deletion of gat1 markedly increased XYNI production at the transcriptional level and only exerted a minor effect on XYNII synthesis. In contrast, overexpressing gat1 caused a continuous decrease in xyn1 expression. Deletion of gat1 also affected the expression of xyn1 and pectinase genes when T. reesei was cultivated with galacturonic acid as the sole carbon source. Transcriptome analyses of Δgat1 and its parental strain identified 255 differentially expressed genes that are enriched in categories of glycoside hydrolases, lipid metabolism, transporters, and transcriptional factors. The results thus implicate a repressive role of the sugar transporter GAT1 in xyn1 expression and reveal that distinct regulatory mechanisms may exist in controlling the expression of different xylanase genes in T. reesei."
7396459,32765896,Application of the human estrogen receptor within a synthetic transcription factor in Trichoderma reesei,2020,"['trichoderma reesei', 'synthetic biology', 'xyr1', 'ypr1', 'transcription factor', 'estradiol', 'gene expression', 'human estrogen receptor α']",0,"{'xyr1': 0, 'ace3': 0, 'cbh1': 0, 'cellulase': 0, 'reesei': 0}",2.4447848426728958,Fungal Biology and Biotechnology,10.1186/s40694-020-00102-3,"['Derntl, Christian', 'Mach, Robert', 'Mach-Aigner, Astrid']","Synthetic gene expression systems offer a possibility for controllable and targeted induction of the expression of genes of interest, which is a fundamental technique necessary for basic research and industrial applications. The human estrogen receptor α contains a ligand binding domain that enforces dimerization and nuclear import upon binding of the inducer 17β-estradiol. In this study, we tested the potential of this ligand binding domain to be used in filamentous fungi as an auto-regulatory domain in a synthetic transcription factor."
3922861,24472375,Screening of candidate regulators for cellulase and hemicellulase production in Trichoderma reesei and identification of a factor essential for cellulase production,2014,"['carbohydrate active enzymes', 'cellulase', 'co-regulation', 'gene regulation', 'hemicellulase', 'transcription factors', 'transcriptional profiling']",0,"{'xyr1': 0, 'ace3': 0, 'cbh1': 0, 'cellulase': 0, 'reesei': 0}",1.874469117916141,Biotechnology for Biofuels,10.1186/1754-6834-7-14,"['Häkkinen, Mari', 'Valkonen, Mari J', 'Westerholm-Parvinen, Ann', 'Aro, Nina', 'Arvas, Mikko', 'Vitikainen, Marika', 'Penttilä, Merja', 'Saloheimo, Markku', 'Pakula, Tiina M']","The soft rot ascomycetal fungus Trichoderma reesei is utilized for industrial production of secreted enzymes, especially lignocellulose degrading enzymes. T. reesei uses several different enzymes for the degradation of plant cell wall-derived material, including 9 characterized cellulases, 15 characterized hemicellulases and at least 42 genes predicted to encode cellulolytic or hemicellulolytic activities. Production of cellulases and hemicellulases is modulated by environmental and physiological conditions. Several regulators affecting the expression of cellulase and hemicellulase genes have been identified but more factors still unknown are believed to be present in the genome of T. reesei."
11053031,38671155,The transcription factor STE12 influences growth on several carbon sources and production of dehydroacetic acid (DHAA) in Trichoderma reesei,2024,"['trichoderma', 'hypocrea', 'secondary metabolism', 'dehydroacetic acid', 'light response', 'cellulases', 'trichodimerol', 'sorbicillin', 'transcription factor', 'gene expression', 'gene regulation', 'rna sequencing', 'fungal biology', 'fungal genetics', 'fungal genomics', 'fungal physiology', 'mass spectrometry', 'nmr spectroscopy']",0,"{'xyr1': 6, 'ace3': 0, 'cbh1': 13, 'cellulase': 16, 'reesei': 37}",6.9565213633331195,Scientific Reports,10.1038/s41598-024-59511-8,"['Schalamun, Miriam', 'Hinterdobler, Wolfgang', 'Schinnerl, Johann', 'Brecker, Lothar', 'Schmoll, Monika']","The filamentous ascomycete Trichoderma reesei, known for its prolific cellulolytic enzyme production, recently also gained attention for its secondary metabolite synthesis. Both processes are intricately influenced by environmental factors like carbon source availability and light exposure. Here, we explore the role of the transcription factor STE12 in regulating metabolic pathways in T. reesei in terms of gene regulation, carbon source utilization and biosynthesis of secondary metabolites. We show that STE12 is involved in regulating cellulase gene expression and growth on carbon sources associated with iron homeostasis. STE12 impacts gene regulation in a light dependent manner on cellulose with modulation of several CAZyme encoding genes as well as genes involved in secondary metabolism. STE12 selectively influences the biosynthesis of the sorbicillinoid trichodimerol, while not affecting the biosynthesis of bisorbibutenolide, which was recently shown to be regulated by the MAPkinase pathway upstream of STE12 in the signaling cascade. We further report on the biosynthesis of dehydroacetic acid (DHAA) in T. reesei, a compound known for its antimicrobial properties, which is subject to regulation by STE12. We conclude, that STE12 exerts functions beyond development and hence contributes to balance the energy distribution between substrate consumption, reproduction and defense."
7212764,32384133,CRZ1 regulator and calcium cooperatively modulate holocellulases gene expression in Trichoderma reesei QM6a,2020,"['gene regulatory network', 'cellulase expression', 'transcriptional regulation', 'calcium sensing']",0,"{'xyr1': 12, 'ace3': 0, 'cbh1': 2, 'cellulase': 48, 'reesei': 83}",7.0696735278068115,Genetics and Molecular Biology,10.1590/1678-4685-GMB-2019-0244,"['Martins-Santana, Leonardo', 'de Paula, Renato Graciano', 'Silva, Adriano Gomes', 'Lopes, Douglas Christian Borges', 'Silva, Roberto do Nascimento', 'Silva-Rocha, Rafael']","'], b'Trichoderma reesei is the main filamentous fungus used in industry to produce cellulases. Here we investigated the role of CRZ1 and Ca2+signaling in the fungus T. reesei QM6a concerning holocellulases production. For this, we first searched for potential CRZ1 binding sites in promoter regions of key genes coding holocellulases, as well as transcriptional regulators and sugar and calcium transporters. Using a nearly constructed T. reeseiAcrz1 strain, we demonstrated that most of the genes expected to be regulated by CRZ1 were affected in the mutant strain induced with sugarcane bagasse (SCB) and cellulose. In particular, our data demonstrate that Ca2+ acts synergistically with CRZ1 to modulate gene expression, but also exerts CRZ1-independent regulatory role in gene expression in T. reesei, highlighting the role of the major regulator Ca2+ on the signaling for holocellulases transcriptional control in the most part of cellulases genes here investigated. This work presents new evidence on the regulatory role of CRZ1 and Ca2+ sensing in the regulation of cellulolytic enzymes in T. reesei, evidencing significant and previously unknown function of this Ca2+sensing system in the control key transcriptional regulators (XYR1 and CRE1) and on the expression of genes related to sugar and Ca2+ transport."
6662751,31358805,"Protein phosphatases regulate growth, development, cellulases and secondary metabolism in Trichoderma reesei",2019,"['fungal genetics', 'molecular biology']",0,"{'xyr1': 3, 'ace3': 0, 'cbh1': 7, 'cellulase': 46, 'reesei': 41}",6.368069876532083,Scientific Reports,10.1038/s41598-019-47421-z,"['Rodriguez-Iglesias, Aroa', 'Schmoll, Monika']","Trichoderma reesei represents one of the most prolific producers of plant cell wall degrading enzymes. Recent research showed broad regulation by phosphorylation in T. reesei, including important transcription factors involved in cellulase regulation. To evaluate factors crucial for changes in these phosphorylation events, we studied non-essential protein phosphatases (PPs) of T. reesei. Viable deletion strains were tested for growth on different carbon sources, osmotic and oxidative stress response, asexual and sexual development, cellulase and protease production as well as secondary metabolism. Six PPs were found to be positive or negative regulators for cellulase production. A correlation of the effects of PPs on protease activities and cellulase activities was not detected. Hierarchical clustering of regulation patterns and phenotypes of deletion indicated functional specialization within PP classes and common as well as variable effects. Our results confirmed the central role of catalytic and regulatory subunits of PP2A which regulates several aspects of cell growth and metabolism. Moreover we show that the additional homologue of PPH5 in Trichoderma spp., PPH5-2 assumes distinct functions in metabolism, development and stress response, different from PPH5. The influence of PPs on both cellulase gene expression and secondary metabolite production support an interrelationship in the underlying regulation mechanisms."
3358856,22532664,Conserved and essential transcription factors for cellulase gene expression in ascomycete fungi,2012,[],0,"{'xyr1': 0, 'ace3': 0, 'cbh1': 0, 'cellulase': 0, 'reesei': 0}",1.7454271729144024,Proceedings of the National Academy of Sciences of the United States of America,10.1073/pnas.1200785109,"['Coradetti, Samuel T.', 'Craig, James P.', 'Xiong, Yi', 'Shock, Teresa', 'Tian, Chaoguang', 'Glass, N. Louise']","Rational engineering of filamentous fungi for improved cellulase production is hampered by our incomplete knowledge of transcriptional regulatory networks. We therefore used the model filamentous fungus Neurospora crassa to search for uncharacterized transcription factors associated with cellulose deconstruction. A screen of a N. crassa transcription factor deletion collection identified two uncharacterized zinc binuclear cluster transcription factors (clr-1 and clr-2) that were required for growth and enzymatic activity on cellulose, but were not required for growth or hemicellulase activity on xylan. Transcriptional profiling with next-generation sequencing methods refined our understanding of the N. crassa transcriptional response to cellulose and demonstrated that clr-1 and clr-2 were required for the bulk of that response, including induction of all major cellulase and some major hemicellulase genes. Functional CLR-1 was necessary for expression of clr-2 and efficient cellobiose utilization. Phylogenetic analyses showed that CLR-1 and CLR-2 are conserved in the genomes of most filamentous ascomycete fungi capable of degrading cellulose. In Aspergillus nidulans, a strain carrying a deletion of the clr-2 homolog (clrB) failed to induce cellulase gene expression and lacked cellulolytic activity on Avicel. Further manipulation of this control system in industrial production strains may significantly improve yields of cellulases for cellulosic biofuel production."
5835483,29527447,A new regulator of cellulase and xylanase in the thermophilic fungus Myceliophthora thermophila strain ATCC 42464,2018,"['myceliophthora thermophila', 'cellulase', 'xylanase', 'rnai', 'transcription factor']",0,"{'xyr1': 0, 'ace3': 0, 'cbh1': 0, 'cellulase': 0, 'reesei': 0}",2.2129937233341983,3 Biotech,10.1007/s13205-017-1069-y,"['Wang, Juan', 'Gong, Yanfen', 'Zhao, Shengming', 'Liu, Gang']","Myceliophthora thermophila (ATCC 42464) is a thermophilic fungus that produces cellulolytic enzymes with high thermal stability. Unlike its mesophile counterparts, study on gene expression regulation of cellulolytic enzymes in M. thermophila is inadequate. This work identified the function of MHR1, a putative transcription regulator of cellulolytic enzymes in M. thermophila that was found through RNA-Seq based gene expression profile analysis. RNA interference was used to study the role of MHR1. A recombinant plasmid, pUC19–Ppdc–mhr1–Tpdc, which contained the RNAi sequence for mhr1 was constructed and transformed into M. thermophila. One of the transformants, MtR5, in which the RNA interference efficiency was the highest, was used for the following studies. In the mhr1-silenced strain MtR5, the filter paper hydrolyzing activity was 1.33-fold; β-1, 4-endoglucanase activity was 1.65-fold; and xylanase activity was 1.48-fold higher than those of the parental strain after induction, respectively, by wheat straw powder. qRT-PCR showed that gene expression of cbh1, cbh2, egl3 and xyr1 were 9.56-, 37.36-, 56.14- and 28.30-fold higher in MtR5 than in wild type, respectively. Our findings suggest that the transcription factor MHR1 of M. thermophila can repress cellulase and xylanase activities. Silenced mhr1 results in increased expression not only of the main cellulase genes, but also of the positive regulatory gene xyr1. This work is relevant to the development of M. thermophila as an industrial production host for cellulolytic and hemicellulolytic enzymes, which could be used to degrade a wide range of different biomass, converting lignocellulosic feedstock into sugar precursors for biofuels."
7251307,32508786,The Kinase USK1 Regulates Cellulase Gene Expression and Secondary Metabolite Biosynthesis in Trichoderma reesei,2020,"['trichoderma reesei', 'hypocrea jecorina', 'sorbicillin', 'dihydrotrichotetronin', 'secondary metabolism', 'plant cell wall degradation', 'signal transduction']",0,"{'xyr1': 1, 'ace3': 1, 'cbh1': 3, 'cellulase': 14, 'reesei': 26}",5.506032031499436,Frontiers in Microbiology,10.3389/fmicb.2020.00974,"['Beier, Sabrina', 'Hinterdobler, Wolfgang', 'Monroy, Alberto Alonso', 'Bazafkan, Hoda', 'Schmoll, Monika']","The complex environment of fungi requires a delicate balance between the efforts to acquire nutrition, to reproduce, and to fend off competitors. In Trichoderma reesei, an interrelationship between regulation of enzyme gene expression and secondary metabolism was shown. In this study, we investigated the physiological relevance of the unique YPK1-type kinase USK1 of T. reesei. Usk1 is located in the vicinity of the SOR cluster and is involved in regulation of several genes from this secondary metabolite cluster as well as dihydrotrichotetronine and other secondary metabolites. Moreover, USK1 is required for biosynthesis of normal levels of secondary metabolites in liquid culture. USK1 positively influences cellulase gene regulation, secreted cellulase activity, and biomass formation upon growth in constant darkness on cellulose. Positive effects of USK1 on transcript abundance of the regulator of secondary metabolism, vel1, and the carbon catabolite repressor gene cre1 are in agreement with these functions. In summary, we found that with USK1, T. reesei comprises a unique kinase that adds an additional layer of regulation to the connection of secondary metabolism and enzyme production in fungi."
9862206,36675895,The ERAD Pathway Participates in Fungal Growth and Cellulase Secretion in Trichoderma reesei,2023,"['trichoderma reesei', 'erad', 'fungal growth', 'cellulase secretion', 'endoplasmic reticulum stress']",0,"{'xyr1': 0, 'ace3': 0, 'cbh1': 0, 'cellulase': 0, 'reesei': 0}",2.9385994553358565,Journal of Fungi,10.3390/jof9010074,"['Yao, Cheng', 'Yan, Mengjie', 'Li, Kehang', 'Gao, Weihao', 'Li, Xihai', 'Zhang, Jiaxin', 'Liu, Hong', 'Zhong, Yaohua', 'Arkowitz, Robert A.']","Trichoderma reesei is a powerful fungal cell factory for the production of cellulolytic enzymes due to its outstanding protein secretion capacity. Endoplasmic reticulum-associated degradation (ERAD) plays an integral role in protein secretion that responds to secretion pressure and removes misfolded proteins. However, the role of ERAD in fungal growth and endogenous protein secretion, particularly cellulase secretion, remains poorly understood in T. reesei. Here, we investigated the ability of T. reesei to grow under different stresses and to secrete cellulases by disrupting three major genes (hrd1, hrd3 and der1) involved in the critical parts of the ERAD pathway. Under the ER stress induced by high concentrations of DTT, knockout of hrd1, hrd3 and der1 resulted in severely impaired growth, and the mutants Δhrd1 and Δhrd3 exhibited high sensitivity to the cell wall-disturbing agents, CFW and CR. In addition, the absence of either hrd3 or der1 led to the decreased heat tolerance of this fungus. These mutants showed significant differences in the secretion of cellulases compared to the parental strain QM9414. During fermentation, the secretion of endoglucanase in the mutants was essentially consistent with that of the parental strain, while cellobiohydrolase and β-glucosidase were declined. It was further discovered that the transcription levels of the endoglucanase-encoding genes (eg1 and eg2) and the cellobiohydrolase-encoding gene (cbh1) were not remarkedly changed. However, the β-glucosidase-encoding gene (bgl1) was significantly downregulated in the ERAD-deficient mutants, which was presumably due to the activation of a proposed feedback mechanism, repression under secretion stress (RESS). Taken together, our results indicate that a defective ERAD pathway negatively affects fungal growth and cellulase secretion, which provides a novel insight into the cellulase secretion mechanism in T. reesei."
4696228,26719764,The impact of a single-nucleotide mutation of bgl2 on cellulase induction in a Trichoderma reesei mutant,2015,"['trichoderma reesei', 'hypocrea jecorina', 'β-glucosidase', 'cellobiose', 'cellulase induction', 'gene regulation']",0,"{'xyr1': 0, 'ace3': 0, 'cbh1': 0, 'cellulase': 0, 'reesei': 0}",1.9475325801058645,Biotechnology for Biofuels,10.1186/s13068-015-0420-y,"['Shida, Yosuke', 'Yamaguchi, Kaori', 'Nitta, Mikiko', 'Nakamura, Ayana', 'Takahashi, Machiko', 'Kidokoro, Shun-ichi', 'Mori, Kazuki', 'Tashiro, Kosuke', 'Kuhara, Satoru', 'Matsuzawa, Tomohiko', 'Yaoi, Katsuro', 'Sakamoto, Yasumitsu', 'Tanaka, Nobutada', 'Morikawa, Yasushi', 'Ogasawara, Wataru']","The filamentous fungus Trichoderma reesei (anamorph of Hypocrea jecorina) produces increased cellulase expression when grown on cellulose or its derivatives as a sole carbon source. It has been believed that β-glucosidases of T. reesei not only metabolize cellobiose but also contribute in the production of inducers of cellulase gene expression by their transglycosylation activity. The cellulase hyper-producing mutant PC-3-7 developed in Japan has enhanced cellulase production ability when cellobiose is used as the inducer. The comparative genomics analysis of PC-3-7 and its parent revealed a single-nucleotide mutation within the bgl2 gene encoding intracellular β-glucosidase II (BGLII/Cel1a), giving rise to an amino acid substitution in PC-3-7, which could potentially account for the enhanced cellulase expression when these strains are cultivated on cellulose and cellobiose."
5192574,28031033,The ACEII recombinant Trichoderma reesei QM9414 strains with enhanced xylanase production and its applications in production of xylitol from tree barks,2016,"['xylitol', 'tree barks', 'aceii gene', 'xylanase', 'trichoderma reesei']",0,"{'xyr1': 0, 'ace3': 0, 'cbh1': 0, 'cellulase': 0, 'reesei': 0}",2.027480736422107,Microbial Cell Factories,10.1186/s12934-016-0614-4,"['Xiong, Lili', 'Kameshwar, Ayyappa Kumar Sista', 'Chen, Xi', 'Guo, Zhiyun', 'Mao, Canquan', 'Chen, Sanfeng', 'Qin, Wensheng']","ACEII transcription factor plays a significant role in regulating the expression of cellulase and hemicellulase encoding genes. Apart from ACEII, transcription factors such as XYR1, CRE1, HAP2/3/5 complex and ACEI function in a coordinated pattern for regulating the gene expression of cellulases and hemicellulases. Studies have demonstrated that ACEII gene deletion results in decreased total cellulase and xylanase activities with reduced transcript levels of lignocellulolytic enzymes."
7381231,32765463,Improved Production of Majority Cellulases in Trichoderma reesei by Integration of cbh1 Gene From Chaetomium thermophilum,2020,"['trichoderma reesei', 'thermophilic fungi', 'chaetomium thermophilum', 'cellobiohydrolase i', 'lignocellulase', 'biomass', 'cellulase']",0,"{'xyr1': 10, 'ace3': 6, 'cbh1': 209, 'cellulase': 70, 'reesei': 117}",8.53786549408651,Frontiers in Microbiology,10.3389/fmicb.2020.01633,"['Jiang, Xianzhang', 'Du, Jiawen', 'He, Ruonan', 'Zhang, Zhengying', 'Qi, Feng', 'Huang, Jianzhong', 'Qin, Lina']","Lignocellulose is an abundant waste resource and has been considered as a promising material for production of biofuels or other valuable bio-products. Currently, one of the major bottlenecks in the economic utilization of lignocellulosic materials is the cost-efficiency of converting lignocellulose into soluble sugars for fermentation. One way to address this problem is to seek superior lignocellulose degradation enzymes or further improve current production yields of lignocellulases. In the present study, the lignocellulose degradation capacity of a thermophilic fungus Chaetomium thermophilum was firstly evaluated and compared to that of the biotechnological workhorse Trichoderma reesei. The data demonstrated that compared to T. reesei, C. thermophilum displayed substantially higher cellulose-utilizing efficiency with relatively lower production of cellulases, indicating that better cellulases might exist in C. thermophilum. Comparison of the protein secretome between C. thermophilum and T. reesei showed that the secreted protein categories were quite different in these two species. In addition, to prove that cellulases in C. thermophilum had better enzymatic properties, the major cellulase cellobiohydrolase I (CBH1) from C. thermophilum and T. reesei were firstly characterized, respectively. The data showed that the specific activity of C. thermophilum CBH1 was about 4.5-fold higher than T. reesei CBH1 in a wide range of temperatures and pH. To explore whether increasing CBH1 activity in T. reesei could contribute to improving the overall cellulose-utilizing efficiency of T. reesei, T. reesei cbh1 gene was replaced with C. thermophilum cbh1 gene by integration of C. thermophilum cbh1 gene into T. reesei cbh1 gene locus. The data surprisingly showed that this gene replacement not only increased the cellobiohydrolase activities by around 4.1-fold, but also resulted in stronger induction of other cellulases genes, which caused the filter paper activities, Azo-CMC activities and β-glucosidase activities increased by about 2.2, 1.9, and 2.3-fold, respectively. The study here not only provided new resources of superior cellulases genes and new strategy to improve the cellulase production in T. reesei, but also contribute to opening the path for fundamental research on C. thermophilum."
5883349,29636818,Functional characterization of the upstream components of the Hog1-like kinase cascade in hyperosmotic and carbon sensing in Trichoderma reesei,2018,"['mapk', 'stress response', 'cell wall integrity', 'cellulase production', 'signal transduction', 'trichoderma reesei']",0,"{'xyr1': 0, 'ace3': 0, 'cbh1': 0, 'cellulase': 0, 'reesei': 0}",2.2129937233341983,Biotechnology for Biofuels,10.1186/s13068-018-1098-8,"['Wang, Zhixing', 'An, Ning', 'Xu, Wenqiang', 'Zhang, Weixin', 'Meng, Xiangfeng', 'Chen, Guanjun', 'Liu, Weifeng']","Trichoderma reesei holds a high capacity for protein secretion and represents the most important cellulase producer in industry. However, the external signal sensing and intracellular signal transduction during cellulose induction remain unclear. As one of the most pervasive signal transduction pathways in all eukaryotic species, the mitogen-activated protein kinase (MAPK) pathway and its upstream sensing and signaling components are involved in various physiological processes including stress and nutrient sensing. Particularly, the Hog1-type MAPK Tmk3 has been reported to be involved in the cellulase production in T. reesei."
7365963,32695894,Redesigning transcription factor Cre1 for alleviating carbon catabolite repression in Trichoderma reesei,2020,"['carbon catabolite repression', 'chimera', 'cre1', 'cel7a', 'trichoderma reesei']",0,"{'xyr1': 11, 'ace3': 0, 'cbh1': 1, 'cellulase': 24, 'reesei': 30}",6.00250250720317,Synthetic and Systems Biotechnology,10.1016/j.synbio.2020.07.002,"['Han, Lijuan', 'Liu, Kuimei', 'Ma, Wei', 'Jiang, Yi', 'Hou, Shaoli', 'Tan, Yinshuang', 'Yuan, Quanquan', 'Niu, Kangle', 'Fang, Xu']","Carbon catabolite repression (CCR), which is mainly mediated by Cre1 and triggered by glucose, leads to a decrease in cellulase production in Trichoderma reesei. Many studies have focused on modifying Cre1 for alleviating CCR. Based on the homologous alignment of CreA from wild-type Penicillium oxalicum 114–2 (Po-0) and cellulase hyperproducer JUA10-1(Po-1), we constructed a C-terminus substitution strain—Po-2—with decreased transcriptional levels of cellulase and enhanced CCR. Results revealed that the C-terminal domain of CreAPo−1 plays an important role in alleviating CCR. Furthermore, we replaced the C-terminus of Cre1 with that of CreAPo−1 in T. reesei (Tr-0) and generated Tr-1. As a control, the C-terminus of Cre1 was truncated and Tr-2 was generated. The transcriptional profiles of these transformants revealed that the C-terminal chimera greatly improves cellulase transcription in the presence of glucose and thus upregulates cellulase in the presence of glucose and weakens CCR, consistent with truncating the C-terminus of Cre1 in Tr-0. Therefore, we propose constructing a C-terminal chimera as a new strategy to improve cellulase production and alleviate CCR in the presence of glucose."
4279801,25550711,Kinetic transcriptome analysis reveals an essentially intact induction system in a cellulase hyper-producer Trichoderma reesei strain,2014,"['biofuels', 'cellulase', 'fed-batch', 'trichoderma reesei', 'transcriptome', 'systems biology']",0,"{'xyr1': 0, 'ace3': 0, 'cbh1': 0, 'cellulase': 0, 'reesei': 0}",1.874469117916141,Biotechnology for Biofuels,10.1186/s13068-014-0173-z,"['Poggi-Parodi, Dante', 'Bidard, Frédérique', 'Pirayre, Aurélie', 'Portnoy, Thomas', 'Blugeon, Corinne', 'Seiboth, Bernhard', 'Kubicek, Christian P', 'Le Crom, Stéphane', 'Margeot, Antoine']","The filamentous fungus Trichoderma reesei is the main industrial cellulolytic enzyme producer. Several strains have been developed in the past using random mutagenesis, and despite impressive performance enhancements, the pressure for low-cost cellulases has stimulated continuous research in the field. In this context, comparative study of the lower and higher producer strains obtained through random mutagenesis using systems biology tools (genome and transcriptome sequencing) can shed light on the mechanisms of cellulase production and help identify genes linked to performance. Previously, our group published comparative genome sequencing of the lower and higher producer strains NG 14 and RUT C30. In this follow-up work, we examine how these mutations affect phenotype as regards the transcriptome and cultivation behaviour."
8004424,33771193,High-dose rapamycin exerts a temporary impact on T. reesei RUT-C30 through gene trFKBP12,2021,[],0,"{'xyr1': 0, 'ace3': 0, 'cbh1': 0, 'cellulase': 0, 'reesei': 0}",2.584962500721156,Biotechnology for Biofuels,10.1186/s13068-021-01926-w,"['Pang, Ai-Ping', 'Wang, Haiyan', 'Zhang, Funing', 'Hu, Xin', 'Wu, Fu-Gen', 'Zhou, Zhihua', 'Wang, Wei', 'Lu, Zuhong', 'Lin, Fengming']","Knowledge with respect to regulatory systems for cellulase production is prerequisite for exploitation of such regulatory networks to increase cellulase production, improve fermentation efficiency and reduce the relevant production cost. The target of rapamycin (TOR) signaling pathway is considered as a central signaling hub coordinating eukaryotic cell growth and metabolism with environmental inputs. However, how and to what extent the TOR signaling pathway and rapamycin are involved in cellulase production remain elusive."
4526299,26246855,"Xpp1 regulates the expression of xylanases, but not of cellulases in Trichoderma reesei",2015,"['trichoderma reesei', 'xylanases', 'cellulases', 'gene regulation', 'transcription factor', 'cellulosic ethanol']",0,"{'xyr1': 0, 'ace3': 0, 'cbh1': 0, 'cellulase': 0, 'reesei': 0}",1.9475325801058645,Biotechnology for Biofuels,10.1186/s13068-015-0298-8,"['Derntl, Christian', 'Rassinger, Alice', 'Srebotnik, Ewald', 'Mach, Robert L', 'Mach-Aigner, Astrid R']","The ascomycete Trichoderma reesei is industrially used for the production of cellulases. During the production process xylanases are co-secreted, which uses energy and nutrients. Cellulases and xylanases share the same main regulators, which makes a knowledge-based strain design difficult. However, previously a cis-element in the promoter of the main xylanase-encoding gene was identified as binding site for a putative repressor. Subsequently, three candidate repressors were identified in a pull-down approach. The expression of the most promising candidate, Xpp1 (Xylanase promoter-binding protein 1), was reported to be up-regulated on the repressing carbon source d-glucose and to bind the cis-element in vitro."
5688634,29167702,Production of the versatile cellulase for cellulose bioconversion and cellulase inducer synthesis by genetic improvement of Trichoderma reesei,2017,"['trichoderma reesei', 'cellulase', 'cre1', 'β-glucosidase', 'transglycosylation', 'β-disaccharides']",0,"{'xyr1': 0, 'ace3': 0, 'cbh1': 0, 'cellulase': 0, 'reesei': 0}",2.1154772174199357,Biotechnology for Biofuels,10.1186/s13068-017-0963-1,"['Gao, Jia', 'Qian, Yuanchao', 'Wang, Yifan', 'Qu, Yinbo', 'Zhong, Yaohua']","The enzymes for efficient hydrolysis of lignocellulosic biomass are a major factor in the development of an economically feasible cellulose bioconversion process. Up to now, low hydrolysis efficiency and high production cost of cellulases remain the significant hurdles in this process. The aim of the present study was to develop a versatile cellulase system with the enhanced hydrolytic efficiency and the ability to synthesize powerful inducers by genetically engineering Trichoderma reesei."
9394075,35996177,Sorbicillinoids hyperproduction without affecting the cellulosic enzyme production in Trichoderma reesei JNTR5,2022,"['tr69957', 'trichoderma reesei', 'yellow pigment', 'sorbicillinoids', 'secondary metabolites', 'hyperproduction']",0,"{'xyr1': 0, 'ace3': 0, 'cbh1': 0, 'cellulase': 0, 'reesei': 0}",2.747233929620033,Biotechnology for Biofuels and Bioproducts,10.1186/s13068-022-02183-1,"['Li, Chengcheng', 'Gu, Ruihan', 'Lin, Fengming', 'Xiao, Huining']","Microbial production of bioactive secondary metabolites is challenging as most of the encoding genes are silent; and even if they are activated, the biosynthetic pathways are usually complex. Sorbicillinoids with multifunctional bioactivities are examples of these problems, which if solved can result in a more sustainable, simple supply of these important compounds to the pharmaceutical industry. As an excellent producer of cellulosic enzymes, Trichoderma reesei can secrete various sorbicillinoids."
7869464,33557925,Disruption of alpha-tubulin releases carbon catabolite repression and enhances enzyme production in Trichoderma reesei even in the presence of glucose,2021,"['trichoderma reesei', 'biomass saccharification enzyme', 'cellulase', 'hemicellulase', 'carbon catabolite repression', 'glucose resistant', 'alpha-tubulin']",0,"{'xyr1': 0, 'ace3': 0, 'cbh1': 0, 'cellulase': 0, 'reesei': 0}",2.584962500721156,Biotechnology for Biofuels,10.1186/s13068-021-01887-0,"['Shibata, Nozomu', 'Kakeshita, Hiroshi', 'Igarashi, Kazuaki', 'Takimura, Yasushi', 'Shida, Yosuke', 'Ogasawara, Wataru', 'Koda, Tohru', 'Hasunuma, Tomohisa', 'Kondo, Akihiko']","Trichoderma reesei is a filamentous fungus that is important as an industrial producer of cellulases and hemicellulases due to its high secretion of these enzymes and outstanding performance in industrial fermenters. However, the reduction of enzyme production caused by carbon catabolite repression (CCR) has long been a problem. Disruption of a typical transcriptional regulator, Cre1, does not sufficiently suppress this reduction in the presence of glucose."
5541735,28785310,A novel transcription factor specifically regulates GH11 xylanase genes in Trichoderma reesei,2017,"['hemi-cellulase', 'transcription factor', 'xylanase', 'glycoside hydrolase', 'trichoderma reesei', 'crispr/cas9']",0,"{'xyr1': 0, 'ace3': 0, 'cbh1': 0, 'cellulase': 0, 'reesei': 0}",2.1154772174199357,Biotechnology for Biofuels,10.1186/s13068-017-0878-x,"['Liu, Rui', 'Chen, Ling', 'Jiang, Yanping', 'Zou, Gen', 'Zhou, Zhihua']","The filamentous fungus Trichoderma reesei is widely utilized in industry for cellulase production, but its xylanase activity must be improved to enhance the accessibility of lignocellulose to cellulases. Several transcription factors play important roles in this progress; however, nearly all the reported transcription factors typically target both cellulase and hemi-cellulase genes. Specific xylanase transcription factor would be useful to regulate xylanase activity directly."
4136121,24951787,Trichoderma atroviride Transcriptional Regulator Xyr1 Supports the Induction of Systemic Resistance in Plants,2014,[],0,"{'xyr1': 0, 'ace3': 0, 'cbh1': 0, 'cellulase': 0, 'reesei': 0}",1.874469117916141,Applied and Environmental Microbiology,10.1128/AEM.00930-14,"['Reithner, Barbara', 'Mach-Aigner, Astrid R.', 'Herrera-Estrella, Alfredo', 'Mach, Robert L.', 'Brakhage, A. A.']","As a result of a transcriptome-wide analysis of the ascomycete Trichoderma atroviride, mycoparasitism-related genes were identified; of these, 13 genes were further investigated for differential expression. In silico analysis of the upstream regulatory regions of these genes pointed to xylanase regulator 1 (Xyr1) as a putatively involved regulatory protein. Transcript analysis of the xyr1 gene of T. atroviride in confrontation with other fungi allowed us to determine that xyr1 levels increased during mycoparasitism. To gain knowledge about the precise role of Xyr1 in the mycoparasitic process, the corresponding gene was deleted from the T. atroviride genome. This resulted in strong reductions in the transcript levels of axe1 and swo1, which encode accessory cell wall-degrading enzymes considered relevant for mycoparasitism. We also analyzed the role of Xyr1 in the Trichoderma-Arabidopsis interaction, finding that the plant response elicited by T. atroviride is delayed if Xyr1 is missing in the fungus."
5694953,29188230,Primers and copper responsive promoter design and data of real-time RT-PCR assay in filamentous fungus Trichoderma reesei,2018,"['trichoderma reesei', 'filamentous fungus', 'copper responsive promoter', 'quantitative real-time pcr', 'plasmid construction', 'gene expression']",0,"{'xyr1': 0, 'ace3': 0, 'cbh1': 0, 'cellulase': 0, 'reesei': 0}",2.2129937233341983,Data in Brief,10.1016/j.dib.2017.11.018,"['Wang, Wei', 'Chen, Yumeng', 'Wei, Dong-Zhi']","This data article contains data related to the research article entitled “Copper-mediated on-off control of gene expression in filamentous fungus Trichoderma reesei” (Wang et al., 2017) [1]. Four kinds of copper responsive promoters were designed. Quantitative PCR (qPCR) was performed to determine relative mRNA levels of red fluorescent protein gene (rfp) extracted from cells grown under different concentrations of CuSO4. Three deletion vectors were constructed by using a copper-mediated self-excision cassette instead of a xylose-mediated self-excision cassette (Zhang et al., 2016) [2] to knock out xyn1, one of the two major specific endo-β-1,4-xylanases (Rauscher et al., 2006) [3], xyr1, the key transcriptional activator of cellulolytic and xylanolytic genes (Lichius et al., 2015) [4], and ace3, a factor essential for cellulase production (Häkkinen et al., 2014) [5]. This data article reports the primers, vector construction, and qPCR assay."
5658622,28557371,Genetic engineering of Trichoderma reesei cellulases and their production,2017,[],0,"{'xyr1': 0, 'ace3': 0, 'cbh1': 1, 'cellulase': 6, 'reesei': 5}",3.6244908649077936,Microbial Biotechnology,10.1111/1751-7915.12726,"['Druzhinina, Irina S.', 'Kubicek, Christian P.']","Lignocellulosic biomass, which mainly consists of cellulose, hemicellulose and lignin, is the most abundant renewable source for production of biofuel and biorefinery products. The industrial use of plant biomass involves mechanical milling or chipping, followed by chemical or physicochemical pretreatment steps to make the material more susceptible to enzymatic hydrolysis. Thereby the cost of enzyme production still presents the major bottleneck, mostly because some of the produced enzymes have low catalytic activity under industrial conditions and/or because the rate of hydrolysis of some enzymes in the secreted enzyme mixture is limiting. Almost all of the lignocellulolytic enzyme cocktails needed for the hydrolysis step are produced by fermentation of the ascomycete Trichoderma reesei (Hypocreales). For this reason, the structure and mechanism of the enzymes involved, the regulation of their expression and the pathways of their formation and secretion have been investigated in T. reesei in considerable details. Several of the findings thereby obtained have been used to improve the formation of the T. reesei cellulases and their properties. In this article, we will review the achievements that have already been made and also show promising fields for further progress."
7399057,32850722,Precision Engineering of the Transcription Factor Cre1 in Hypocrea jecorina (Trichoderma reesei) for Efficient Cellulase Production in the Presence of Glucose,2020,"['carbon catabolite repression', 'transcription factor', 'cre1', 'cellulase', 'phosphorylation', 'trichoderma reesei']",0,"{'xyr1': 7, 'ace3': 0, 'cbh1': 0, 'cellulase': 16, 'reesei': 22}",5.506032031499436,Frontiers in Bioengineering and Biotechnology,10.3389/fbioe.2020.00852,"['Han, Lijuan', 'Tan, Yinshuang', 'Ma, Wei', 'Niu, Kangle', 'Hou, Shaoli', 'Guo, Wei', 'Liu, Yucui', 'Fang, Xu']","In Trichoderma reesei, carbon catabolite repression (CCR) significantly downregulates the transcription of cellulolytic enzymes, which is usually mediated by the zinc finger protein Cre1. It was found that there is a conserved region at the C-terminus of Cre1/CreA in several cellulase-producing fungi that contains up to three continuous S/T phosphorylation sites. Here, S387, S388, T389, and T390 at the C-terminus of Cre1 in T. reesei were mutated to valine for mimicking an unphosphorylated state, thereby generating the transformants Tr_Cre1S387V, Tr_Cre1S388V, Tr_Cre1T389V, and Tr_Cre1T390V, respectively. Transcription of cel7a in Tr_ Cre1S388V was markedly higher than that of the parent strain when grown in glucose-containing media. Under these conditions, both filter paperase (FPase) and p-nitrophenyl-β-D-cellobioside (pNPCase) activities, as well as soluble proteins from Tr_Cre1S388V were significantly increased by up to 2- to 3-fold compared with that of other transformants and the parent strain. The results suggested that S388 is critical site of phosphorylation for triggering CCR at the terminus of Cre1. To our knowledge, this is the first report demonstrating an improvement of cellulase production in T. reesei under CCR by mimicking dephosphorylation at the C-terminus of Cre1. Taken together, we developed a precision engineering strategy based on the modification of phosphorylation sites of Cre1 transcription factor to enhance the production of cellulase in T. reesei under CCR."
6581689,31213522,A Novel Cys2His2 Zinc Finger Homolog of AZF1 Modulates Holocellulase Expression in Trichoderma reesei,2019,"['cis-regulatory elements', 'holocellulase expression', 'regulatory networks', 'systems biology']",0,"{'xyr1': 4, 'ace3': 1, 'cbh1': 0, 'cellulase': 38, 'reesei': 48}",6.281698250098829,mSystems,10.1128/mSystems.00161-19,"['Antonieto, Amanda Cristina Campos', 'Nogueira, Karoline Maria Vieira', 'de Paula, Renato Graciano', 'Nora, Luísa Czamanski', 'Cassiano, Murilo Henrique Anzolini', 'Guazzaroni, Maria-Eugenia', 'Almeida, Fausto', 'da Silva, Thiago Aparecido', 'Ries, Laure Nicolas Annick', 'de Assis, Leandro Jose', 'Goldman, Gustavo Henrique', 'Silva, Roberto Nascimento', 'Silva-Rocha, Rafael', 'Vickers, Claudia']","In this work, we used a systems biology approach to map new regulatory interactions in Trichoderma reesei controlling the expression of genes encoding cellulase and hemicellulase. By integrating transcriptomics related to complex biomass degradation, we were able to identify a novel transcriptional regulator which is able to activate the expression of these genes in response to two different cellulose sources. In vivo experimental validation confirmed the role of this new regulator in several other processes related to carbon source utilization and nutrient transport. Therefore, this work revealed novel forms of regulatory interaction in this model system for plant biomass deconstruction and also represented a new approach that could be easy applied to other organisms."
3731814,24294104,Regulation of Cellulase and Hemicellulase Gene Expression in Fungi,2013,"['cellulase', 'cellulose', 'cre1', 'hemicellulase', 'sophorose', 'xylan', 'xyr1.']",0,"{'xyr1': 30, 'ace3': 0, 'cbh1': 15, 'cellulase': 180, 'reesei': 50}",7.139551352398794,Current Genomics,10.2174/1389202911314040002,"['Amore, Antonella', 'Giacobbe, Simona', 'Faraco, Vincenza']","Research on regulation of cellulases and hemicellulases gene expression may be very useful for increasing the production of these enzymes in their native producers. Mechanisms of gene regulation of cellulase and hemicellulase expression in filamentous fungi have been studied, mainly in Aspergillus and Trichoderma. The production of these extracellular enzymes is an energy-consuming process, so the enzymes are produced only under conditions in which the fungus needs to use plant polymers as an energy and carbon source. Moreover, production of many of these enzymes is coordinately regulated, and induced in the presence of the substrate polymers. In addition to induction by mono- and oligo-saccharides, genes encoding hydrolytic enzymes involved in plant cell wall deconstruction in filamentous fungi can be repressed during growth in the presence of easily metabolizable carbon sources, such as glucose. Carbon catabolite repression is an important mechanism to repress the production of plant cell wall degrading enzymes during growth on preferred carbon sources. This manuscript reviews the recent advancements in elucidation of molecular mechanisms responsible for regulation of expression of cellulase and hemicellulase genes in fungi."
5669031,29119000,Comparing the physiochemical parameters of three celluloses reveals new insights into substrate suitability for fungal enzyme production,2017,"['microcrystalline cellulose', 'powdered cellulose', 'cellulase production', 'cellulose crystallinity', 'neurospora crassa', 'trichoderma reesei', 'rut-c30']",0,"{'xyr1': 0, 'ace3': 0, 'cbh1': 0, 'cellulase': 0, 'reesei': 0}",2.1154772174199357,Fungal Biology and Biotechnology,10.1186/s40694-017-0039-9,"['Hassan, Lara', 'Reppke, Manfred J.', 'Thieme, Nils', 'Schweizer, Steffen A.', 'Mueller, Carsten W.', 'Benz, J. Philipp']","The industrial applications of cellulases are mostly limited by the costs associated with their production. Optimized production pathways are therefore desirable. Based on their enzyme inducing capacity, celluloses are commonly used in fermentation media. However, the influence of their physiochemical characteristics on the production process is not well understood. In this study, we examined how physical, structural and chemical properties of celluloses influence cellulase and hemicellulase production in an industrially-optimized and a non-engineered filamentous fungus: Trichoderma reesei RUT-C30 and Neurospora crassa. The performance was evaluated by quantifying gene induction, protein secretion and enzymatic activities."
8425032,34496831,Functional characterization of a highly specific l-arabinose transporter from Trichoderma reesei,2021,"['trichoderma reesei', 'transmembrane transport', 'arabinose transporter', 'pentose fermentation']",0,"{'xyr1': 0, 'ace3': 0, 'cbh1': 0, 'cellulase': 0, 'reesei': 0}",2.584962500721156,Microbial Cell Factories,10.1186/s12934-021-01666-4,"['Havukainen, Sami', 'Pujol-Giménez, Jonai', 'Valkonen, Mari', 'Hediger, Matthias A.', 'Landowski, Christopher P.']","Lignocellulose biomass has been investigated as a feedstock for second generation biofuels and other value-added products. Some of the processes for biofuel production utilize cellulases and hemicellulases to convert the lignocellulosic biomass into a range of soluble sugars before fermentation with microorganisms such as yeast Saccharomyces cerevisiae. One of these sugars is l-arabinose, which cannot be utilized naturally by yeast. The first step in l-arabinose catabolism is its transport into the cells, and yeast lacks a specific transporter, which could perform this task."
4902900,27287427,Cellulases and beyond: the first 70 years of the enzyme producer Trichoderma reesei,2016,"['trichoderma reesei', 'cellulase', 'recombinant protein production', 'biorefinery', 'lignocellulose', 'gene expression', 'consolidated bioprocessing']",0,"{'xyr1': 0, 'ace3': 0, 'cbh1': 0, 'cellulase': 0, 'reesei': 0}",2.027480736422107,Microbial Cell Factories,10.1186/s12934-016-0507-6,"['Bischof, Robert H.', 'Ramoni, Jonas', 'Seiboth, Bernhard']","More than 70 years ago, the filamentous ascomycete Trichoderma reesei was isolated on the Solomon Islands due to its ability to degrade and thrive on cellulose containing fabrics. This trait that relies on its secreted cellulases is nowadays exploited by several industries. Most prominently in biorefineries which use T. reesei enzymes to saccharify lignocellulose from renewable plant biomass in order to produce biobased fuels and chemicals. In this review we summarize important milestones of the development of T. reesei as the leading production host for biorefinery enzymes, and discuss emerging trends in strain engineering. Trichoderma reesei has very recently also been proposed as a consolidated bioprocessing organism capable of direct conversion of biopolymeric substrates to desired products. We therefore cover this topic by reviewing novel approaches in metabolic engineering of T. reesei."
3998047,24655731,"Comparative metabolism of cellulose, sophorose and glucose in Trichoderma reesei using high-throughput genomic and proteomic analyses",2014,"['trichoderma reesei', 'rna-seq', 'dige', 'cellulases', 'bioethanol']",0,"{'xyr1': 0, 'ace3': 0, 'cbh1': 0, 'cellulase': 0, 'reesei': 0}",1.874469117916141,Biotechnology for Biofuels,10.1186/1754-6834-7-41,"['dos Santos Castro, Lilian', 'Pedersoli, Wellington Ramos', 'Antoniêto, Amanda Cristina Campos', 'Steindorff, Andrei Stecca', 'Silva-Rocha, Rafael', 'Martinez-Rossi, Nilce M', 'Rossi, Antonio', 'Brown, Neil Andrew', 'Goldman, Gustavo H', 'Faça, Vitor M', 'Persinoti, Gabriela F', 'Silva, Roberto Nascimento']","The filamentous fungus Trichoderma reesei is a major producer of lignocellulolytic enzymes utilized by bioethanol industries. However, to achieve low cost second generation bioethanol production on an industrial scale an efficient mix of hydrolytic enzymes is required for the deconstruction of plant biomass. In this study, we investigated the molecular basis for lignocellulose-degrading enzyme production T. reesei during growth in cellulose, sophorose, and glucose."
4446002,25925231,The effects of extracellular pH and of the transcriptional regulator PACI on the transcriptome of Trichoderma reesei,2015,"['trichoderma reesei', 'ambient ph', 'pac1', 'gene regulation', 'gene expression', 'carbohydrate active enzymes', 'cellulase', 'hemicellulase', 'transcriptional profiling']",0,"{'xyr1': 0, 'ace3': 0, 'cbh1': 0, 'cellulase': 0, 'reesei': 0}",1.9475325801058645,Microbial Cell Factories,10.1186/s12934-015-0247-z,"['Häkkinen, Mari', 'Sivasiddarthan, Dhinakaran', 'Aro, Nina', 'Saloheimo, Markku', 'Pakula, Tiina M']","Extracellular pH is one of the several environmental factors affecting protein production by filamentous fungi. Regulatory mechanisms ensure that extracellular enzymes are produced under pH-conditions in which the enzymes are active. In filamentous fungi, the transcriptional regulation in different ambient pH has been studied especially in Aspergilli, whereas the effects of pH in the industrial producer of hydrolytic enzymes, Trichoderma reesei, have mainly been studied at the protein level. In this study, the pH-dependent expression of T. reesei genes was investigated by genome-wide transcriptional profiling and by analysing the effects of deletion of the gene encoding the transcriptional regulator pac1, the orthologue of Aspergillus nidulans pacC gene."
2749017,19723296,Metabolic engineering strategies for the improvement of cellulase production by Hypocrea jecorina,2009,[],0,"{'xyr1': 0, 'ace3': 0, 'cbh1': 0, 'cellulase': 0, 'reesei': 0}",1.584962500721156,Biotechnology for Biofuels,10.1186/1754-6834-2-19,"['Kubicek, Christian P', 'Mikus, Marianna', 'Schuster, André', 'Schmoll, Monika', 'Seiboth, Bernhard']","Hypocrea jecorina (= Trichoderma reesei) is the main industrial source of cellulases and hemicellulases used to depolymerise plant biomass to simple sugars that are converted to chemical intermediates and biofuels, such as ethanol. Cellulases are formed adaptively, and several positive (XYR1, ACE2, HAP2/3/5) and negative (ACE1, CRE1) components involved in this regulation are now known. In addition, its complete genome sequence has been recently published, thus making the organism susceptible to targeted improvement by metabolic engineering. In this review, we summarise current knowledge about how cellulase biosynthesis is regulated, and outline recent approaches and suitable strategies for facilitating the targeted improvement of cellulase production by genetic engineering."
6745793,31534479,Myceliophthora thermophila Xyr1 is predominantly involved in xylan degradation and xylose catabolism,2019,"['myceliophthora thermophila', 'xylanolytic regulator', 'pentose catabolism', 'xylan degradation', 'cellulose degradation']",0,"{'xyr1': 0, 'ace3': 0, 'cbh1': 0, 'cellulase': 0, 'reesei': 0}",2.321928094887362,Biotechnology for Biofuels,10.1186/s13068-019-1556-y,"['dos Santos Gomes, Ana Carolina', 'Falkoski, Daniel', 'Battaglia, Evy', 'Peng, Mao', 'Nicolau de Almeida, Maira', 'Coconi Linares, Nancy', 'Meijnen, Jean-Paul', 'Visser, Jaap', 'de Vries, Ronald P.']","Myceliophthora thermophila is a thermophilic ascomycete fungus that is used as a producer of enzyme cocktails used in plant biomass saccharification. Further development of this species as an industrial enzyme factory requires a detailed understanding of its regulatory systems driving the production of plant biomass-degrading enzymes. In this study, we analyzed the function of MtXlr1, an ortholog of the (hemi-)cellulolytic regulator XlnR first identified in another industrially relevant fungus, Aspergillus niger."
4812632,27030800,"A complete annotation of the chromosomes of the cellulase producer Trichoderma reesei provides insights in gene clusters, their expression and reveals genes required for fitness",2016,"['t. reesei', 'chromosomes', 'gene clusters', 'telomeres', 'cellulases', 'proteases', 'gene silencing', 'siderophores']",0,"{'xyr1': 0, 'ace3': 0, 'cbh1': 0, 'cellulase': 0, 'reesei': 0}",2.027480736422107,Biotechnology for Biofuels,10.1186/s13068-016-0488-z,"['Druzhinina, Irina S.', 'Kopchinskiy, Alexey G.', 'Kubicek, Eva M.', 'Kubicek, Christian P.']","Investigations on a few eukaryotic model organisms showed that many genes are non-randomly distributed on chromosomes. In addition, chromosome ends frequently possess genes that are important for the fitness of the organisms. Trichoderma reesei is an industrial producer of enzymes for food, feed and biorefinery production. Its seven chromosomes have recently been assembled, thus making an investigation of its chromosome architecture possible."
6182798,30309363,Regulation of the Gα-cAMP/PKA signaling pathway in cellulose utilization of Chaetomium globosum,2018,"['chaetomium globosum', 'heterotrimeric gtp binding protein', 'camp', 'pka', 'cellulase', 'xylanase']",0,"{'xyr1': 0, 'ace3': 0, 'cbh1': 0, 'cellulase': 0, 'reesei': 0}",2.2129937233341983,Microbial Cell Factories,10.1186/s12934-018-1008-6,"['Hu, Yang', 'Liu, Yanjie', 'Hao, Xiaoran', 'Wang, Dan', 'Akhberdi, Oren', 'Xiang, Biyun', 'Zhu, Xudong']","The canonical heterotrimeric G protein-cAMP/PKA pathway regulates numerous cellular processes in filamentous fungi. Chaetomium globosum, a saprophytic fungus, is known for producing many secondary metabolites, including cytotoxic chaetoglobosin A (ChA), as well as abundant cellulase and xylanase."
4590280,26424592,Evidence of cAMP involvement in cellobiohydrolase expression and secretion by Trichoderma reesei in presence of the inducer sophorose,2015,"['carbon source', 'cellulases', 'saprophytic fungus', 'secondary messenger', 'signaling pathways']",0,"{'xyr1': 0, 'ace3': 0, 'cbh1': 0, 'cellulase': 0, 'reesei': 0}",1.9475325801058645,BMC Microbiology,10.1186/s12866-015-0536-z,"['Nogueira, Karoline Maria Vieira', 'Costa, Mariana do Nascimento', 'de Paula, Renato Graciano', 'Mendonça-Natividade, Flávia Costa', 'Ricci-Azevedo, Rafael', 'Silva, Roberto Nascimento']",The signaling second messenger cyclic AMP (cAMP) regulates many aspects of cellular function in all organisms. Previous studies have suggested a role for cAMP in the regulation of gene expression of cellulolytic enzymes in Trichoderma reesei (anamorph of Hypocrea jecorina).
8319711,38624901,Tailoring in fungi for next generation cellulase production with special reference to CRISPR/CAS system,2021,"['cellulose', 'cellulase', 'fungi', 'genetic manipulation', 'crispr', 'cas']",0,"{'xyr1': 0, 'ace3': 0, 'cbh1': 0, 'cellulase': 0, 'reesei': 0}",2.584962500721156,Systems Microbiology and Biomanufacturing,10.1007/s43393-021-00045-9,"['Mondal, Subhadeep', 'Halder, Suman Kumar', 'Mondal, Keshab Chandra']","Cellulose is the utmost plenteous source of biopolymer in our earth, and fungi are the most efficient and ubiquitous organism in degrading the cellulosic biomass by synthesizing cellulases. Tailoring through genetic manipulation has played a substantial role in constructing novel fungal strains towards improved cellulase production of desired traits. However, the traditional methods of genetic manipulation of fungi are time-consuming and tedious. With the availability of the full-genome sequences of several industrially relevant filamentous fungi, CRISPR-CAS (clustered regularly interspaced short palindromic repeats/CRISPR-associated protein) technology has come into the focus for the proficient development of manipulated strains of filamentous fungi. This review summarizes the mode of action of cellulases, transcription level regulation for cellulase expression, various traditional strategies of genetic manipulation with CRISPR-CAS technology to develop modified fungal strains for a preferred level of cellulase production, and the futuristic trend in this arena of research."
6570945,31223336,Extracellular vesicles carry cellulases in the industrial fungus Trichoderma reesei,2019,"['trichoderma reesei', 'extracellular vesicles', 'cellulases', 'secretion', 'proteome']",0,"{'xyr1': 0, 'ace3': 0, 'cbh1': 0, 'cellulase': 0, 'reesei': 0}",2.321928094887362,Biotechnology for Biofuels,10.1186/s13068-019-1487-7,"['de Paula, Renato Graciano', 'Antoniêto, Amanda Cristina Campos', 'Nogueira, Karoline Maria Vieira', 'Ribeiro, Liliane Fraga Costa', 'Rocha, Marina Campos', 'Malavazi, Iran', 'Almeida, Fausto', 'Silva, Roberto Nascimento']","Trichoderma reesei is the most important industrial producer of lignocellulolytic enzymes. These enzymes play an important role in biomass degradation leading to novel applications of this fungus in the biotechnology industry, specifically biofuel production. The secretory pathway of fungi is responsible for transporting proteins addressed to different cellular locations involving some cellular endomembrane systems. Although protein secretion is an extremely efficient process in T. reesei, the mechanisms underlying protein secretion have remained largely uncharacterized in this organism."
11409678,39109875,Genus-wide analysis of Trichoderma antagonism toward Pythium and Globisporangium plant pathogens and the contribution of cellulases to the antagonism,2024,"['trichoderma', 'pythium', 'genus-wide analysis', 'parasitism', 'exo-proteomics', 'globisporangium']",0,"{'xyr1': 41, 'ace3': 0, 'cbh1': 0, 'cellulase': 94, 'reesei': 60}",8.326429487122303,Applied and Environmental Microbiology,10.1128/aem.00681-24,"['Chen, Siqiao', 'Daly, Paul', 'Anjago, Wilfred Mabeche', 'Wang, Rong', 'Zhao, Yishen', 'Wen, Xian', 'Zhou, Dongmei', 'Deng, Sheng', 'Lin, Xisha', 'Voglmeir, Josef', 'Cai, Feng', 'Shen, Qirong', 'Druzhinina, Irina S.', 'Wei, Lihui', 'Johnson, Karyn N.']","Parasitism is an important lifestyle in the Trichoderma genus but has not been studied in a genus-wide way toward Pythium and Globisporangium hosts. Our approach screened a genus-wide set of 30 Trichoderma species in dual culture assays with two soil-borne Pythium and three Globisporangium plant-parasitic species and used exo-proteomic analyses, with the aim to correlate Trichoderma antagonism with potential strategies for attacking Pythium and Globisporangium. The Trichoderma spp. showed a wide range of antagonism from strong to weak, but the same Trichoderma strain showed similar levels toward all the Pythium and Globisporangium species. The Trichoderma enzymes from strong (Trichoderma asperellum, Trichoderma atroviride, and Trichoderma virens), moderate (Trichoderma cf. guizhouense and Trichoderma reesei), and weak (Trichoderma parepimyces) antagonists were induced by the autoclaved mycelia of one of the screened Pythium species, Pythium myriotylum. The variable proportions of putative cellulases, proteases, and redox enzymes suggested diverse as well as shared strategies amongst the antagonists. There was a partial positive correlation between antagonism from microscopy and the cellulase activity induced by autoclaved P. myriotylum mycelia in different Trichoderma species. The deletion of the cellulase transcriptional activator XYR1 in T. reesei led to lower antagonism toward Pythium and Globisporangium. The antagonism of Pythium and Globisporangium appears to be a generic property of Trichoderma as most of the Trichoderma species were at least moderately antagonistic. While a role for cellulases in the antagonism was uncovered, cellulases did not appear to make a major contribution to T. reesei antagonism, and other factors are also likely contributing."
5425790,28497120,Analysis of Light- and Carbon-Specific Transcriptomes Implicates a Class of G-Protein-Coupled Receptors in Cellulose Sensing,2017,"['cazyme clusters', 'hypocrea jecorina', 'trichoderma reesei', 'cellulase gene expression', 'heterotrimeric g-protein pathway', 'light response', 'signal transduction', 'surface sensing']",0,"{'xyr1': 3, 'ace3': 2, 'cbh1': 9, 'cellulase': 81, 'reesei': 28}",6.431845786965398,mSphere,10.1128/mSphere.00089-17,"['Stappler, Eva', 'Dattenböck, Christoph', 'Tisch, Doris', 'Schmoll, Monika', 'Mitchell, Aaron P.']","In fungi, most metabolic processes are subject to regulation by light. For Trichoderma reesei, light-dependent regulation of cellulase gene expression is specifically shown. Therefore, we intended to unravel the relationship between regulation of enzymes by the carbon source and regulation of enzymes by light. Our two-dimensional analysis included inducing and repressing carbon sources which we used to compare light-specific regulation to dark-specific regulation and to rule out effects specific for a single carbon source. We found close connections with respect to gene regulation as well as significant differences in dealing with carbon in the environment in light and darkness. Moreover, our analyses showed an intricate regulation mechanism for substrate degradation potentially involving surface sensing and provide a basis for knowledge-based screening for strain improvement."
5493111,28666414,Comparative transcriptome analysis reveals different strategies for degradation of steam-exploded sugarcane bagasse by Aspergillus niger and Trichoderma reesei,2017,"['sugarcane bagasse', 'rna-seq', 'aspergillus niger', 'trichoderma reesei', 'cazymes', 'transporters', 'transcription factors']",0,"{'xyr1': 0, 'ace3': 0, 'cbh1': 0, 'cellulase': 0, 'reesei': 0}",2.1154772174199357,BMC Genomics,10.1186/s12864-017-3857-5,"['Borin, Gustavo Pagotto', 'Sanchez, Camila Cristina', 'de Santana, Eliane Silva', 'Zanini, Guilherme Keppe', 'dos Santos, Renato Augusto Corrêa', 'de Oliveira Pontes, Angélica', 'de Souza, Aline Tieppo', 'Dal’Mas, Roberta Maria Menegaldo Tavares Soares', 'Riaño-Pachón, Diego Mauricio', 'Goldman, Gustavo Henrique', 'Oliveira, Juliana Velasco de Castro']","Second generation (2G) ethanol is produced by breaking down lignocellulosic biomass into fermentable sugars. In Brazil, sugarcane bagasse has been proposed as the lignocellulosic residue for this biofuel production. The enzymatic cocktails for the degradation of biomass-derived polysaccharides are mostly produced by fungi, such as Aspergillus niger and Trichoderma reesei. However, it is not yet fully understood how these microorganisms degrade plant biomass. In order to identify transcriptomic changes during steam-exploded bagasse (SEB) breakdown, we conducted a RNA-seq comparative transcriptome profiling of both fungi growing on SEB as carbon source."
8290022,34282161,Electrophysiological characterization of a diverse group of sugar transporters from Trichoderma reesei,2021,"['monosaccharides', 'polysaccharides', 'membrane proteins', 'voltage clamp', 'industrial microbiology', 'fungal biology', 'fungal physiology', 'fungal genes', 'saccharomyces cerevisiae', 'xenopus', 'genetic engineering']",0,"{'xyr1': 6, 'ace3': 5, 'cbh1': 0, 'cellulase': 26, 'reesei': 39}",6.357552004618084,Scientific Reports,10.1038/s41598-021-93552-7,"['Havukainen, Sami', 'Pujol-Giménez, Jonai', 'Valkonen, Mari', 'Westerholm-Parvinen, Ann', 'Hediger, Matthias A.', 'Landowski, Christopher P.']","Trichoderma reesei is an ascomycete fungus known for its capability to secrete high amounts of extracellular cellulose- and hemicellulose-degrading enzymes. These enzymes are utilized in the production of second-generation biofuels and T. reesei is a well-established host for their production. Although this species has gained considerable interest in the scientific literature, the sugar transportome of T. reesei remains poorly characterized. Better understanding of the proteins involved in the transport of different sugars could be utilized for engineering better enzyme production strains. In this study we aimed to shed light on this matter by characterizing multiple T. reesei transporters capable of transporting various types of sugars. We used phylogenetics to select transporters for expression in Xenopus laevis oocytes to screen for transport activities. Of the 18 tested transporters, 8 were found to be functional in oocytes. 10 transporters in total were investigated in oocytes and in yeast, and for 3 of them no transport function had been described in literature. This comprehensive analysis provides a large body of new knowledge about T. reesei sugar transporters, and further establishes X. laevis oocytes as a valuable tool for studying fungal sugar transporters."
10071736,37013645,The putative methyltransferase LaeA regulates mycelium growth and cellulase production in Myceliophthora thermophila,2023,"['myceliophthora thermophila', 'laea', 'fungal growth', 'cellulase', 'gene regulation']",0,"{'xyr1': 0, 'ace3': 0, 'cbh1': 0, 'cellulase': 0, 'reesei': 0}",2.9385994553358565,Biotechnology for Biofuels and Bioproducts,10.1186/s13068-023-02313-3,"['Zhao, Zhen', 'Gu, Shuying', 'Liu, Defei', 'Liu, Dandan', 'Chen, Bingchen', 'Li, Jingen', 'Tian, Chaoguang']","Filamentous fungi with the ability to use complex carbon sources has been developed as platforms for biochemicals production. Myceliophthora thermophila has been developed as the cell factory to produce lignocellulolytic enzymes and plant biomass-based biofuels and biochemicals in biorefinery. However, low fungal growth rate and cellulose utilization efficiency are significant barriers to the satisfactory yield and productivity of target products, which needs our further exploration and improvement."
7120360,,Metabolic Engineering of Fungal Strains for Efficient Production of Cellulolytic Enzymes,2018,"['filamentous fungi', 'trichoderma reesei', 'cellulase', 'promoter engineering', 'artificial transcription factor', 'genome editing', 'metabolic engineering']",0,"{'xyr1': 9, 'ace3': 1, 'cbh1': 5, 'cellulase': 46, 'reesei': 38}",6.259957202304785,Fungal Cellulolytic Enzymes,10.1007/978-981-13-0749-2_2,"['Fang, Xu', 'Qu, Yinbo', 'Zhao, Xin-Qing', 'Zhang, Xiao-Yue', 'Zhang, Fei', 'Zhang, Ruiqin', 'Jiang, Bao-Jie', 'Bai, Feng-Wu']","Filamentous fungi are widely used for production of cellulase and other cellulolytic enzymes. Metabolic engineering of filamentous fungal strains has been applied to improve enzyme production, and rapid progress has been made in the recent years. In this chapter, genetic tools and methods to develop superior enzyme producers are summarized, which includes establishment of genetic modification systems, selection and redesign of promoters, and metabolic engineering using either native transcription factors or artificial ones. In addition, enhancement of cellulase production through morphology engineering was also discussed. Emerging tools including CRISPR-Cas9-based genome editing and synthetic biology are highlighted, which are speeding up mechanisms elucidation and strain development, and will further facilitate economic cellulolytic enzyme production."
4955148,27446237,Identification and functional characterization of novel xylose transporters from the cell factories Aspergillus niger and Trichoderma reesei,2016,"['aspergillus niger', 'trichoderma reesei', 'hidden markov model', 'xylose', 'sugar porter', 'transport kinetics', 'xlta', 'xltb', 'xltc', 'str1', 'str2', 'str3']",0,"{'xyr1': 0, 'ace3': 0, 'cbh1': 0, 'cellulase': 0, 'reesei': 0}",2.027480736422107,Biotechnology for Biofuels,10.1186/s13068-016-0564-4,"['Sloothaak, Jasper', 'Tamayo-Ramos, Juan Antonio', 'Odoni, Dorett I.', 'Laothanachareon, Thanaporn', 'Derntl, Christian', 'Mach-Aigner, Astrid R.', 'Martins dos Santos, Vitor A. P.', 'Schaap, Peter J.']","Global climate change and fossil fuels limitations have boosted the demand for robust and efficient microbial factories for the manufacturing of bio-based products from renewable feedstocks. In this regard, efforts have been done to enhance the enzyme-secreting ability of lignocellulose-degrading fungi, aiming to improve protein yields while taking advantage of their ability to use lignocellulosic feedstocks. Access to sugars in complex polysaccharides depends not only on their release by specific hydrolytic enzymes, but also on the presence of transporters capable of effectively transporting the constituent sugars into the cell. This study aims to identify and characterize xylose transporters from Aspergillus niger and Trichoderma reesei, two fungi that have been industrially exploited for decades for the production of lignocellulose-degrading hydrolytic enzymes."
7327088,32670240,Progress in Ameliorating Beneficial Characteristics of Microbial Cellulases by Genetic Engineering Approaches for Cellulose Saccharification,2020,"['genetic engineering', 'protein engineering', 'cellulose saccharification', 'cellulases', 'thermostability', 'multifunctional cellulases', 'cellulosomes']",0,"{'xyr1': 2, 'ace3': 0, 'cbh1': 4, 'cellulase': 101, 'reesei': 19}",6.87583465994037,Frontiers in Microbiology,10.3389/fmicb.2020.01387,"['Dadwal, Anica', 'Sharma, Shilpa', 'Satyanarayana, Tulasi']","Lignocellulosic biomass is a renewable and sustainable energy source. Cellulases are the enzymes that cleave β-1, 4-glycosidic linkages in cellulose to liberate sugars that can be fermented to ethanol, butanol, and other products. Low enzyme activity and yield, and thermostability are, however, some of the limitations posing hurdles in saccharification of lignocellulosic residues. Recent advancements in synthetic and systems biology have generated immense interest in metabolic and genetic engineering that has led to the development of sustainable technology for saccharification of lignocellulosics in the last couple of decades. There have been several attempts in applying genetic engineering in the production of a repertoire of cellulases at a low cost with a high biomass saccharification. A diverse range of cellulases are produced by different microbes, some of which are being engineered to evolve robust cellulases. This review summarizes various successful genetic engineering strategies employed for improving cellulase kinetics and cellulolytic efficiency."
7789494,33407462,Heterologous expression of Phanerochaete chrysosporium cellobiose dehydrogenase in Trichoderma reesei,2021,"['cellobiose dehydrogenase', 'catalytic constants', 'cofactor occupancy', 'glycosylation', 'lignocellulose depolymerization', 'phanerochaete chrysosporium', 'redox potential', 'trichoderma reesei']",0,"{'xyr1': 0, 'ace3': 0, 'cbh1': 0, 'cellulase': 0, 'reesei': 0}",2.584962500721156,Microbial Cell Factories,10.1186/s12934-020-01492-0,"['Wohlschlager, Lena', 'Csarman, Florian', 'Chang, Hucheng', 'Fitz, Elisabeth', 'Seiboth, Bernhard', 'Ludwig, Roland']","Cellobiose dehydrogenase from Phanerochaete chrysosporium (PcCDH) is a key enzyme in lignocellulose depolymerization, biosensors and biofuel cells. For these applications, it should retain important molecular and catalytic properties when recombinantly expressed. While homologous expression is time-consuming and the prokaryote Escherichia coli is not suitable for expression of the two-domain flavocytochrome, the yeast Pichia pastoris is hyperglycosylating the enzyme. Fungal expression hosts like Aspergillus niger and Trichoderma reesei were successfully used to express CDH from the ascomycete Corynascus thermophilus. This study describes the expression of basidiomycetes PcCDH in T. reesei (PcCDHTr) and the detailed comparison of its molecular, catalytic and electrochemical properties in comparison with PcCDH expressed by P. chrysosporium and P. pastoris (PcCDHPp)."
8710005,34952627,Carbon catabolite repression involves physical interaction of the transcription factor CRE1/CreA and the Tup1–Cyc8 complex in Penicillium oxalicum and Trichoderma reesei,2021,"['ccr', 'cellulases', 'cre1', 'penicillium', 'transcription factor', 'trichoderma']",0,"{'xyr1': 0, 'ace3': 0, 'cbh1': 23, 'cellulase': 12, 'reesei': 40}",6.339850002884624,Biotechnology for Biofuels,10.1186/s13068-021-02092-9,"['Hu, Yueyan', 'Li, Mengxue', 'Liu, Zhongjiao', 'Song, Xin', 'Qu, Yinbo', 'Qin, Yuqi']","Cellulolytic enzyme production in filamentous fungi requires a release from carbon catabolite repression (CCR). The protein CRE1/CreA (CRE = catabolite responsive element) is a key transcription factor (TF) that is involved in CCR and represses cellulolytic gene expression. CRE1/CreA represents the functional equivalent of Mig1p, an important Saccharomyces cerevisiae TF in CCR that exerts its repressive effect by recruiting a corepressor complex Tup1p–Cyc8p. Although it is known from S. cerevisiae that CRE1/CreA might repress gene expression via interacting with the corepressor complex Tup1–Cyc8, this mechanism is unconfirmed in other filamentous fungi, since the physical interaction has not yet been verified in these organisms. The precise mechanism on how CRE1/CreA achieves transcriptional repression after DNA binding remains unknown."
4422585,25949521,Redesigning the regulatory pathway to enhance cellulase production in Penicillium oxalicum,2015,"['penicillium oxalicum', 'cellulase', 'transcription factor', 'beta-glucosidase', 'genetic engineering', 'secretome']",0,"{'xyr1': 0, 'ace3': 0, 'cbh1': 0, 'cellulase': 0, 'reesei': 0}",1.9475325801058645,Biotechnology for Biofuels,10.1186/s13068-015-0253-8,"['Yao, Guangshan', 'Li, Zhonghai', 'Gao, Liwei', 'Wu, Ruimei', 'Kan, Qinbiao', 'Liu, Guodong', 'Qu, Yinbo']","In cellulolytic fungi, induction and repression mechanisms synchronously regulate the synthesis of cellulolytic enzymes for accurate responses to carbon sources in the environment. Many proteins, particularly transcription regulatory factors involved in these processes, were identified and genetically engineered in Penicillium oxalicum and other cellulolytic fungi. Despite such great efforts, its effect of modifying a single target to improve the production of cellulase is highly limited."
6097775,29974182,A current view on long noncoding RNAs in yeast and filamentous fungi,2018,"['long noncoding rna', 'lncrna', 'yeast', 'saccharomyces cerevisiae', 'schizosaccharomyces pombe', 'trichoderma reesei']",0,"{'xyr1': 5, 'ace3': 0, 'cbh1': 0, 'cellulase': 15, 'reesei': 12}",4.802663226732882,Applied Microbiology and Biotechnology,10.1007/s00253-018-9187-y,"['Till, Petra', 'Mach, Robert L.', 'Mach-Aigner, Astrid R.']","Long noncoding RNAs (lncRNAs) are crucial players in epigenetic regulation. They were initially discovered in human, yet they emerged as common factors involved in a number of central cellular processes in several eukaryotes. For example, in the past decade, research on lncRNAs in yeast has steadily increased. Several examples of lncRNAs were described in Saccharomyces cerevisiae and Schizosaccharomyces pombe. Also, screenings for lncRNAs in ascomycetes were performed and, just recently, the first full characterization of a lncRNA was performed in the filamentous fungus Trichoderma reesei. In this review, we provide a broad overview about currently known fugal lncRNAs. We make an attempt to categorize them according to their functional context, regulatory strategies or special properties. Moreover, the potential of lncRNAs as a biotechnological tool is discussed."
10512294,37746225,Assessing the intracellular primary metabolic profile of Trichoderma reesei and Aspergillus niger grown on different carbon sources,2022,"['t. reesei', 'a. niger', 'sugarcane bagasse', 'metabolism', 'metabolomics']",0,"{'xyr1': 0, 'ace3': 0, 'cbh1': 0, 'cellulase': 21, 'reesei': 118}",7.371309928948868,Frontiers in Fungal Biology,10.3389/ffunb.2022.998361,"['Borin, Gustavo Pagotto', 'Oliveira, Juliana Velasco de Castro']","Trichoderma reesei and Aspergillus niger are efficient biological platforms for the production of various industrial products, including cellulases and organic acids. Nevertheless, despite the extensive research on these fungi, integrated analyses of omics-driven approaches are still missing. In this study, the intracellular metabolic profile of T. reesei RUT-C30 and A. niger N402 strains grown on glucose, lactose, carboxymethylcellulose (CMC), and steam-exploded sugarcane bagasse (SEB) as carbon sources for 48 h was analysed by proton nuclear magnetic resonance. The aim was to verify the changes in the primary metabolism triggered by these substrates and use transcriptomics data from the literature to better understand the dynamics of the observed alterations. Glucose and CMC induced higher fungal growth whereas fungi grown on lactose showed the lowest dry weight. Metabolic profile analysis revealed that mannitol, trehalose, glutamate, glutamine, and alanine were the most abundant metabolites in both fungi regardless of the carbon source. These metabolites are of particular interest for the mobilization of carbon and nitrogen, and stress tolerance inside the cell. Their concomitant presence indicates conserved mechanisms adopted by both fungi to assimilate carbon sources of different levels of recalcitrance. Moreover, the higher levels of galactose intermediates in T. reesei suggest its better adaptation in lactose, whereas glycolate and malate in CMC might indicate activation of the glyoxylate shunt. Glycerol and 4-aminobutyrate accumulated in A. niger grown on CMC and lactose, suggesting their relevant role in these carbon sources. In SEB, a lower quantity and diversity of metabolites were identified compared to the other carbon sources, and the metabolic changes and higher xylanase and pNPGase activities indicated a better utilization of bagasse by A. niger. Transcriptomic analysis supported the observed metabolic changes and pathways identified in this work. Taken together, we have advanced the knowledge about how fungal primary metabolism is affected by different carbon sources, and have drawn attention to metabolites still unexplored. These findings might ultimately be considered for developing more robust and efficient microbial factories."
8549263,34702369,An overview on current molecular tools for heterologous gene expression in Trichoderma,2021,"['trichoderma', 'heterologous protein expression', 'biocontrol', 'industrial enzymes', 'promoters', 'genome editing', 'protein secretion']",0,"{'xyr1': 0, 'ace3': 0, 'cbh1': 5, 'cellulase': 9, 'reesei': 41}",5.930737337562887,Fungal Biology and Biotechnology,10.1186/s40694-021-00119-2,"['Tomico-Cuenca, Irene', 'Mach, Robert L.', 'Mach-Aigner, Astrid R.', 'Derntl, Christian']","Fungi of the genus Trichoderma are routinely used as biocontrol agents and for the production of industrial enzymes. Trichoderma spp. are interesting hosts for heterologous gene expression because their saprotrophic and mycoparasitic lifestyles enable them to thrive on a large number of nutrient sources and some members of this genus are generally recognized as safe (GRAS status). In this review, we summarize and discuss several aspects involved in heterologous gene expression in Trichoderma, including transformation methods, genome editing strategies, native and synthetic expression systems and implications of protein secretion. This review focuses on the industrial workhorse Trichoderma reesei because this fungus is the best-studied member of this genus for protein expression and secretion. However, the discussed strategies and tools can be expected to be transferable to other Trichoderma species."
4239378,25419234,Insights into high-efficiency lignocellulolytic enzyme production by Penicillium oxalicum GZ-2 induced by a complex substrate,2014,"['secretome', 'penicillium oxalicum', 'cellulose and xylan', 'lignocellulolytic enzyme', 'gene expression']",0,"{'xyr1': 0, 'ace3': 0, 'cbh1': 0, 'cellulase': 0, 'reesei': 0}",1.874469117916141,Biotechnology for Biofuels,10.1186/s13068-014-0162-2,"['Liao, Hanpeng', 'Li, Shuixian', 'Wei, Zhong', 'Shen, Qirong', 'Xu, Yangchun']","Agricultural residue is more efficient than purified cellulose at inducing lignocellulolytic enzyme production in Penicillium oxalicum GZ-2, but in Trichoderma reesei RUT-C30, cellulose induces a more efficient response. To understand the reasons, we designed an artificially simulated plant biomass (cellulose plus xylan) to study the roles and relationships of each component in the production of lignocellulolytic enzymes by P. oxalicum GZ-2."
11677643,39728349,"Regulatory Role of Vacuolar Calcium Transport Proteins in Growth, Calcium Signaling, and Cellulase Production in Trichoderma reesei",2024,"['trichoderma reesei', 'calcium', 'transport', 'vacuole', 'cellulase']",0,"{'xyr1': 0, 'ace3': 0, 'cbh1': 0, 'cellulase': 0, 'reesei': 0}",3.169925001442312,Journal of Fungi,10.3390/jof10120853,"['Oshiquiri, Letícia Harumi', 'Pereira, Lucas Matheus Soares', 'Maués, David Batista', 'Milani, Elizabete Rosa', 'Silva, Alinne Costa', 'de Jesus, Luiz Felipe de Morais Costa', 'Silva-Neto, Julio Alves', 'Veras, Flávio Protásio', 'de Paula, Renato Graciano', 'Silva, Roberto Nascimento', 'Mendoza-Mendoza, Artemio', 'Villalobos-Escobedo, José M.']","Recent research has revealed the calcium signaling significance in the production of cellulases in Trichoderma reesei. While vacuoles serve as the primary calcium storage within cells, the function of vacuolar calcium transporter proteins in this process remains unclear. In this study, we conducted a functional characterization of four vacuolar calcium transport proteins in T. reesei. This was accomplished by the construction of the four mutant strains ∆trpmc1, ∆tryvc1, ∆tryvc3, and ∆tryvc4. These mutants displayed enhanced growth when subjected to arabinose, xylitol, and xylose. Furthermore, the mutants ∆trpmc1, ∆tryvc1, and ∆tryvc4 showed a reduction in growth under conditions of 100 mM MnCl2, implying their role in manganese resistance. Our enzymatic activity assays revealed a lack of the expected augmentation in cellulolytic activity that is typically seen in the parental strain following the introduction of calcium. This was mirrored in the expression patterns of the cellulase genes. The vacuolar calcium transport genes were also found to play a role in the expression of genes involved with the biosynthesis of secondary metabolites. In summary, our research highlights the crucial role of the vacuolar calcium transporters and, therefore, of the calcium signaling in orchestrating cellulase and hemicellulase expression, sugar utilization, and stress resistance in T. reesei."
5700522,29201143,Transcriptomic profiling and genetic analyses reveal novel key regulators of cellulase and xylanase gene expression in Penicillium oxalicum,2017,"['penicillium oxalicum', 'transcriptomic profiling', 'transcription factor', 'cellulase', 'xylanase', 'regulation']",0,"{'xyr1': 0, 'ace3': 0, 'cbh1': 0, 'cellulase': 0, 'reesei': 0}",2.1154772174199357,Biotechnology for Biofuels,10.1186/s13068-017-0966-y,"['Yan, Yu-Si', 'Zhao, Shuai', 'Liao, Lu-Sheng', 'He, Qi-Peng', 'Xiong, Ya-Ru', 'Wang, Long', 'Li, Cheng-Xi', 'Feng, Jia-Xun']","The transition to a more environmentally friendly economy has prompted studies of modern biorefineries, including the utilization of low-value lignocellulose. The major challenge facing the widespread application of biorefineries is the high cost of enzymes that can efficiently hydrolyze recalcitrant cellulose to sugars. Penicillium oxalicum produces large amounts of plant-cell-wall-degrading enzymes, but their production is tightly controlled by complex regulatory networks, resulting in low yields of the native enzymes. Regulatory genes have been the targets of genetic engineering to improve enzyme production in microorganisms. In this study, we used transcriptomic profiling and genetic analyses to screen for and identify novel key regulators of cellulase and xylanase gene expression in P. oxalicum."
3700993,23844049,"Sda1, a Cys2-His2 Zinc Finger Transcription Factor, Is Involved in Polyol Metabolism and Fumonisin B1 Production in Fusarium verticillioides'], b'Role of Sda1 in Fusarium verticillioides",2013,[],0,"{'xyr1': 0, 'ace3': 0, 'cbh1': 2, 'cellulase': 13, 'reesei': 21}",4.426264754702098,PLoS ONE,10.1371/journal.pone.0067656,"['Malapi-Wight, Martha', 'Smith, Jonathon', 'Campbell, Jacquelyn', 'Bluhm, Burton H.', 'Shim, Won-Bo', 'Yu, Jae-Hyuk']","The ubiquitous ascomycete Fusarium verticillioides causes ear rot and stalk rot of maize, both of which reduce grain quality and yield. Additionally, F. verticillioides produces the mycotoxin fumonisin B1 (FB1) during infection of maize kernels, and thus potentially compromises human and animal health. The current knowledge is fragmentary regarding the regulation of FB1 biosynthesis, particularly when considering interplay with environmental factors such as nutrient availability. In this study, SDA1 of F. verticillioides, predicted to encode a Cys-2 His-2 zinc finger transcription factor, was shown to play a key role in catabolizing select carbon sources. Growth of the SDA1 knock-out mutant (Δsda1) was completely inhibited when sorbitol was the sole carbon source and was severely impaired when exclusively provided mannitol or glycerol. Deletion of SDA1 unexpectedly increased FB1 biosynthesis, but reduced arabitol and mannitol biosynthesis, as compared to the wild-type progenitor. Trichoderma reesei ACE1, a regulator of cellulase and xylanase expression, complemented the F. verticillioides Δsda1 mutant, which indicates that Ace1 and Sda1 are functional orthologs. Taken together, the data indicate that Sda1 is a transcriptional regulator of carbon metabolism and toxin production in F. verticillioides."
10991675,38647596,Production of cellulosic ethanol and value-added products from corn fiber,2022,"['corn fiber', 'structure and chemical compositions', 'cellulosic ethanol', 'value-added products', 'production']",0,"{'xyr1': 3, 'ace3': 0, 'cbh1': 0, 'cellulase': 43, 'reesei': 7}",6.0722283275551785,Bioresources and Bioprocessing,10.1186/s40643-022-00573-9,"['Guo, Yingjie', 'Liu, Guodong', 'Ning, Yanchun', 'Li, Xuezhi', 'Hu, Shiyang', 'Zhao, Jian', 'Qu, Yinbo']","Corn fiber, a by-product from the corn processing industry, mainly composed of residual starch, cellulose, and hemicelluloses, is a promising raw material for producing cellulosic ethanol and value-added products due to its abundant reserves and low costs of collection and transportation. Now, several technologies for the production of cellulosic ethanol from corn fiber have been reported, such as the D3MAX process, Cellerate™ process, etc., and part of the technologies have also been used in industrial production in the United States. The ethanol yields range from 64 to 91% of the theoretical maximum, depending on different production processes. Because of the multicomponent of corn fiber and the complex structures highly substituted by a variety of side chains in hemicelluloses of corn fiber, however, there are many challenges in cellulosic ethanol production from corn fiber, such as the low conversion of hemicelluloses to fermentable sugars in enzymatic hydrolysis, high production of inhibitors during pretreatment, etc. Some technologies, including an effective pretreatment process for minimizing inhibitors production and maximizing fermentable sugars recovery, production of enzyme preparations with suitable protein compositions, and the engineering of microorganisms capable of fermenting hexose and pentose in hydrolysates and inhibitors tolerance, etc., need to be further developed. The process integration of cellulosic ethanol and value-added products also needs to be developed to improve the economic benefits of the whole process. This review summarizes the status and progresses of cellulosic ethanol production and potential value-added products from corn fiber and presents some challenges in this field at present."
11946570,40142477,The Impact of DNA Methylation in Trichoderma reesei on Cellulase Production and Strain Degeneration,2025,"['cellulase', 'dna methylation', 'dna methyltransferase', 'trichoderma reesei', 'strain degeneration']",0,"{'xyr1': 0, 'ace3': 0, 'cbh1': 0, 'cellulase': 0, 'reesei': 0}",3.4594316186372973,Microorganisms,10.3390/microorganisms13030584,"['Danner, Caroline', 'Mello de Sousa, Thiago M.', 'Mach, Robert L.', 'Mach-Aigner, Astrid R.', 'Seo, Myung-Ji']","The spontaneous loss of cellulase productivity of industrial T. reesei strains during production results in significant economic losses. This phenomenon was suggested to be epigenetically regulated, but the previous findings did not explain which epigenetic mechanisms occur and how they promote strain degeneration. Until now, the epigenetic landscape of T. reesei has been poorly understood. This study investigated whether DNA methylation and cellulase production are connected, and, if so, what that connection is and how it relates to strain degeneration. In order to determine what the impact of DNA methylation is on strain degeneration, we induced hypomethylation with hydralazine HCL, which showed a reduced non-productive phenotype and partially restored cellulase productivity. As a second test, we conducted a global DNA cytosine methylation assay, which showed T. reesei DNA methylation levels of between 0.2 and 1.3% 5-mC. Importantly, non-productive strains exhibited stronger methylation than productive counterparts, and global methylation patterns varied depending on the carbon source. As a final test, we carried out deletion experiments targeting the putative DNA methyltransferases Dim2 and Rid1, which initially reduced the occurrence of a non-producing subpopulation, but subsequent sub-cultivation eliminated cellulase productivity. This study shows that DNA methylation impacts T. reesei cellulase productivity, an understanding that can help us develop targeted strategies to reduce strain degeneration and improve cellulase production in industrial applications."
4858783,27017621,Diverse Regulation of the CreA Carbon Catabolite Repressor in Aspergillus nidulans,2016,"['aspergillus nidulans', 'carbon catabolite repression', 'cellulases', 'ubiquitination', 'protein domains']",0,"{'xyr1': 0, 'ace3': 0, 'cbh1': 0, 'cellulase': 0, 'reesei': 0}",2.027480736422107,Genetics,10.1534/genetics.116.187872,"['Ries, Laure N. A.', 'Beattie, Sarah R.', 'Espeso, Eduardo A.', 'Cramer, Robert A.', 'Goldman, Gustavo H.']","Carbon catabolite repression (CCR) is a process that selects the energetically most favorable carbon source in an environment. CCR represses the use of less favorable carbon sources when a better source is available. Glucose is the preferential carbon source for most microorganisms because it is rapidly metabolized, generating quick energy for growth. In the filamentous fungus Aspergillus nidulans, CCR is mediated by the transcription factor CreA, a C2H2 finger domain DNA-binding protein. The aim of this work was to investigate the regulation of CreA and characterize its functionally distinct protein domains. CreA depends in part on de novo protein synthesis and is regulated in part by ubiquitination. CreC, the scaffold protein in the CreB-CreC deubiquitination (DUB) complex, is essential for CreA function and stability. Deletion of select protein domains in CreA resulted in persistent nuclear localization and target gene repression. A region in CreA conserved between Aspergillus spp. and Trichoderma reesei was identified as essential for growth on various carbon, nitrogen, and lipid sources. In addition, a role of CreA in amino acid transport and nitrogen assimilation was observed. Taken together, these results indicate previously unidentified functions of this important transcription factor. These novel functions serve as a basis for additional research in fungal carbon metabolism with the potential aim to improve fungal industrial applications."
9745658,32699200,Transcription Analysis of Recombinant Trichoderma reesei HJ-48 to Compare the Molecular Basis for Fermentation of Glucose and Xylose,2020,"['transcription', 'trichoderma reesei', 'fermentation']",0,"{'xyr1': 1, 'ace3': 0, 'cbh1': 1, 'cellulase': 5, 'reesei': 38}",5.506032031499436,Journal of Microbiology and Biotechnology,10.4014/jmb.2004.04007,"['Huang, Jun', 'Lin, Mei', 'Liang, Shijie', 'Qin, Qiurong', 'Liao, Siming', 'Lu, Bo', 'Wang, Qingyan']","Profiling the transcriptome changes involved in xylose metabolism by the fungus Trichoderma reesei allows for the identification of potential targets for ethanol production processing. In the present study, the transcriptome of T. reesei HJ-48 grown on xylose versus glucose was analyzed using nextgeneration sequencing technology. During xylose fermentation, numerous genes related to central metabolic pathways, including xylose reductase (XR) and xylitol dehydrogenase (XDH), were expressed at higher levels in T. reesei HJ-48. Notably, growth on xylose did not fully repress the genes encoding enzymes of the tricarboxylic acid and respiratory pathways. In addition, increased expression of several sugar transporters was observed during xylose fermentation. This study provides a valuable dataset for further investigation of xylose fermentation and provides a deeper insight into the various genes involved in this process."
4460134,26053961,Comparative Secretome Analysis of Trichoderma reesei and Aspergillus niger during Growth on Sugarcane Biomass,2015,[],0,"{'xyr1': 1, 'ace3': 0, 'cbh1': 2, 'cellulase': 15, 'reesei': 61}",5.614709844115208,PLoS ONE,10.1371/journal.pone.0129275,"['Borin, Gustavo Pagotto', 'Sanchez, Camila Cristina', 'de Souza, Amanda Pereira', 'de Santana, Eliane Silva', 'de Souza, Aline Tieppo', 'Leme, Adriana Franco Paes', 'Squina, Fabio Marcio', 'Buckeridge, Marcos', 'Goldman, Gustavo Henrique', 'Oliveira, Juliana Velasco de Castro', 'Balestrini, Raffaella']","Our dependence on fossil fuel sources and concern about the environment has generated a worldwide interest in establishing new sources of fuel and energy. Thus, the use of ethanol as a fuel is advantageous because it is an inexhaustible energy source and has minimal environmental impact. Currently, Brazil is the world\'s second largest producer of ethanol, which is produced from sugarcane juice fermentation. However, several studies suggest that Brazil could double its production per hectare by using sugarcane bagasse and straw, known as second-generation (2G) bioethanol. Nevertheless, the use of this biomass presents a challenge because the plant cell wall structure, which is composed of complex sugars (cellulose and hemicelluloses), must be broken down into fermentable sugar, such as glucose and xylose. To achieve this goal, several types of hydrolytic enzymes are necessary, and these enzymes represent the majority of the cost associated with 2G bioethanol processing. Reducing the cost of the saccharification process can be achieved via a comprehensive understanding of the hydrolytic mechanisms and enzyme secretion of polysaccharide-hydrolyzing microorganisms. In many natural habitats, several microorganisms degrade lignocellulosic biomass through a set of enzymes that act synergistically. In this study, two fungal species, Aspergillus niger and Trichoderma reesei, were grown on sugarcane biomass with two levels of cell wall complexity, culm in natura and pretreated bagasse. The production of enzymes related to biomass degradation was monitored using secretome analyses after 6, 12 and 24 hours. Concurrently, we analyzed the sugars in the supernatant."
7182937,32121667,Studies of Cellulose and Starch Utilization and the Regulatory Mechanisms of Related Enzymes in Fungi,2020,"['fungi', 'polysaccharides', 'enzyme', 'regulator', 'cellulase', 'amylase']",0,"{'xyr1': 0, 'ace3': 0, 'cbh1': 0, 'cellulase': 0, 'reesei': 0}",2.4447848426728958,Polymers,10.3390/polym12030530,"['Wang, Bao-Teng', 'Hu, Shuang', 'Yu, Xing-Ye', 'Jin, Long', 'Zhu, Yun-Jia', 'Jin, Feng-Jie']","Polysaccharides are biopolymers made up of a large number of monosaccharides joined together by glycosidic bonds. Polysaccharides are widely distributed in nature: Some, such as peptidoglycan and cellulose, are the components that make up the cell walls of bacteria and plants, and some, such as starch and glycogen, are used as carbohydrate storage in plants and animals. Fungi exist in a variety of natural environments and can exploit a wide range of carbon sources. They play a crucial role in the global carbon cycle because of their ability to break down plant biomass, which is composed primarily of cell wall polysaccharides, including cellulose, hemicellulose, and pectin. Fungi produce a variety of enzymes that in combination degrade cell wall polysaccharides into different monosaccharides. Starch, the main component of grain, is also a polysaccharide that can be broken down into monosaccharides by fungi. These monosaccharides can be used for energy or as precursors for the biosynthesis of biomolecules through a series of enzymatic reactions. Industrial fermentation by microbes has been widely used to produce traditional foods, beverages, and biofuels from starch and to a lesser extent plant biomass. This review focuses on the degradation and utilization of plant homopolysaccharides, cellulose and starch; summarizes the activities of the enzymes involved and the regulation of the induction of the enzymes in well-studied filamentous fungi."
5397729,28428823,Combining manipulation of transcription factors and overexpression of the target genes to enhance lignocellulolytic enzyme production in Penicillium oxalicum,2017,"['penicillium oxalicum', 'transcription factor', 'cellulase', 'hemicellulase']",0,"{'xyr1': 0, 'ace3': 0, 'cbh1': 0, 'cellulase': 0, 'reesei': 0}",2.1154772174199357,Biotechnology for Biofuels,10.1186/s13068-017-0783-3,"['Gao, Liwei', 'Li, Zhonghai', 'Xia, Chengqiang', 'Qu, Yinbo', 'Liu, Meng', 'Yang, Piao', 'Yu, Lele', 'Song, Xin']","Lignocellulolytic enzymes are the main enzymes to saccharify lignocellulose from renewable plant biomass in the bio-based economy. The production of these enzymes is transcriptionally regulated by multiple transcription factors. We previously engineered Penicillium oxalicum for improved cellulase production via manipulation of three genes in the cellulase expression regulatory network. However, the potential of combinational engineering of multiple regulators and their targets at protein abundance and activity levels has not been fully explored."
10745023,38132803,Functional Study of cAMP-Dependent Protein Kinase A in Penicillium oxalicum,2023,"['protein kinase a', 'cellulase', 'signaling pathway', 'penicillium oxalicum']",0,"{'xyr1': 0, 'ace3': 0, 'cbh1': 0, 'cellulase': 0, 'reesei': 0}",2.9385994553358565,Journal of Fungi,10.3390/jof9121203,"['Sun, Qiuyan', 'Xu, Gen', 'Li, Xiaobei', 'Li, Shuai', 'Jia, Zhilei', 'Yan, Mengdi', 'Chen, Wenchao', 'Shi, Zhimin', 'Li, Zhonghai', 'Chen, Mei', 'Takano, Eriko']","Signaling pathways play a crucial role in regulating cellulase production. The pathway mediated by signaling proteins plays a crucial role in understanding how cellulase expression is regulated. In this study, using affinity purification of ClrB, we have identified sixteen proteins that potentially interact with ClrB. One of the proteins, the catalytic subunit of cAMP-dependent protein kinase A (PoPKA-C), is an important component of the cAMP/PKA signaling pathway. Knocking out PoPKA-C resulted in significant decreases in the growth, glucose utilization, and cellulose hydrolysis ability of the mutant strain. Furthermore, the cellulase activity and gene transcription levels were significantly reduced in the ΔPoPKA-C mutant, while the expression activity of CreA, a transcriptional regulator of carbon metabolism repression, was notably increased. Additionally, deletion of PoPKA-C also led to earlier timing of conidia production. The expression levels of key transcription factor genes stuA and brlA, which are involved in the production of the conidia, showed significant enhancement in the ΔPoPKA-C mutant. These findings highlight the involvement of PoPKA-C in mycelial development, conidiation, and the regulation of cellulase expression. The functional analysis of PoPKA-C provides insights into the mechanism of the cAMP/PKA signaling pathway in cellulase expression in filamentous fungi and has significant implications for the development of high-yielding cellulase strains."
6700826,31452679,Normal transcription of cellulolytic enzyme genes relies on the balance between the methylation of H3K36 and H3K4 in Penicillium oxalicum,2019,"['cellulolytic enzymes', 'penicillium oxalicum', 'h3k4 methylation', 'h3k36 methylation']",0,"{'xyr1': 3, 'ace3': 0, 'cbh1': 2, 'cellulase': 24, 'reesei': 2}",4.897240425574799,Biotechnology for Biofuels,10.1186/s13068-019-1539-z,"['Li, Yanan', 'Hu, Yueyan', 'Zhu, Zhu', 'Zhao, Kaili', 'Liu, Guodong', 'Wang, Lushan', 'Qu, Yinbo', 'Zhao, Jian', 'Qin, Yuqi']","Enzymatic hydrolysis of lignocellulose by fungi is a key step in global carbon cycle and biomass utilization. Cellulolytic enzyme production is tightly controlled at a transcriptional level. Here, we investigated the roles of different histone lysine methylation modifications in regulating cellulolytic enzyme gene expression, as histone lysine methylation is an important process of chromatin regulation associated with gene transcription."
4731210,26820897,Experimental Evolution of Trichoderma citrinoviride for Faster Deconstruction of Cellulose,2016,[],0,"{'xyr1': 1, 'ace3': 1, 'cbh1': 12, 'cellulase': 48, 'reesei': 10}",5.5964764887381975,PLoS ONE,10.1371/journal.pone.0147024,"['Lin, Hui', 'Travisano, Michael', 'Kazlauskas, Romas J.', 'Yu, Jae-Hyuk']","Engineering faster cellulose deconstruction is difficult because it is a complex, cooperative, multi-enzyme process. Here we use experimental evolution to select for populations of Trichoderma citrinoviride that deconstruct up to five-fold more cellulose. Ten replicate populations of T. citrinoviride were selected for growth on filter paper by serial culture. After 125 periods of growth and transfer to fresh media, the filter paper deconstruction increased an average of 2.5 fold. Two populations were examined in more detail. The activity of the secreted cellulase mixtures increased more than two-fold relative to the ancestor and the largest increase was in the extracellular β-glucosidase activity. qPCR showed at least 16-fold more transcribed RNA for egl4 (endoglucanase IV gene), cbh1 (cellobiohydrolase I gene) and bgl1 (extracellular β-glucosidase I gene) in selected populations as compared to the ancestor, and earlier peak expressions of these genes. Deep sequencing shows that the regulatory strategies used to alter cellulase secretion differ in the two strains. The improvements in cellulose deconstruction come from earlier expression of all cellulases and increased relative amount of β-glucosidase, but with small increases in the total secreted protein and therefore little increase in metabolic cost."
5496416,28690679,"Trichoderma reesei complete genome sequence, repeat-induced point mutation, and partitioning of CAZyme gene clusters",2017,"['trichoderma reesei', 'complete genome sequence', 'repeat-induced point mutation', 'at-rich block', 'centromere', 'centromere-encoded gene', 'cazyme gene cluster']",0,"{'xyr1': 0, 'ace3': 0, 'cbh1': 0, 'cellulase': 0, 'reesei': 0}",2.1154772174199357,Biotechnology for Biofuels,10.1186/s13068-017-0825-x,"['Li, Wan-Chen', 'Huang, Chien-Hao', 'Chen, Chia-Ling', 'Chuang, Yu-Chien', 'Tung, Shu-Yun', 'Wang, Ting-Fang']","', b'Additional file 1: Table A1. Preliminary assembly results obtained by the Hierarchical Genome Assembly Process (HGAP 3.0). Table A2. Error corrections of the seven PacBio unitigs using the Illimina-MiSeq reads. Table A3. Characteristics and assembly of the seven QM6a chromosomes. Table A4. Mapping of all trimmed paired-end Illumina MiSeq reads to three QM6a genome drafts. Table A5. The MiSeq reads mapped to the QM6a-v2.0 draft genome. Table A6. Sixteen false predicted genes in QM6a-v2.0. Table A7. The QM6a-v2.0 draft genome compared to the complete QM6a genome sequence. Table A8. The HiC draft genome compared to the complete QM6a genome sequence. Table A9. PCR primers. Table A10. The complete QM6a genome sequence versus the RUT-C30-v1.0 draft genome. Table A11. Gene Ontology of some newly-predicted genes. Table A12. Sequencing quality of 18 different fungal genomes. Table A13. RIP indices of various sequences in QM6a and Neurospora crassa.', b'Table A14. Repeat-induced C-to-T mutations observed in the hph alleles in all F1 progeny. Table A15.', b'Additional file 2: Table B1. Genome annotation of the complete QM6a genomes, including AT-rich blocks, predicted genes, repetitive features, gene ontology (GO), gene names in T. reesei, Saccharomycetes cerevisiae and Neurospora crassa, as well as gene identity numbers in QM6a-v2.0 and RUT-C30-v1.0. (Columns A-H) All the genes that were not annotated in QM6a-v.20 and Rut-C30-v1.0 are highlighted with yellow background, whereas those only annotated in Rut-C30-v1.0 are highlighted with yellow-green background. (Columns O-AE) Comparative transcriptomic analysis of all QM6a genes in different carbon sources using two published transcriptome datasets: (1) The SOLiD sequencing reads from QM9a grown first in glucose for 48 hours, then in straw for 24 hours and finally with the addition of glucose for 5 hours [24]; (2) The Illumina HiSeq 2000 sequencing reads from QM9414 treated with cellulose (24, 48 and 72 hours), sophorose (2, 4 and 6 hours) and glucose (24 and 48 hours) [25]. The TPM values are shown. Table B2. Annotation of the complete QM6a genome. All the annotated QM6a genes are compared to those in QM6a-v2.0, Rut-C30-v1.0, all Trichoderma reesei proteins from NCBI, the QM6a-HiC annotation results by Druzhinina et al. [18], the annotation results by Schmoll et al. [4], as well as the BLAST results from Uniprot, NCBI non-redundant (nr) database, Fusarium fujikuroi (JGI), Sordaria macrospora (NCBI), Saccharomyces cerevisiae (SGD) and Schizosaccharomyces pombe (PomBase and NCBI). The e-values of all BLASTP results were < 1.0 x 10-5. Table B3. TPM values of all new QM6a genes revealed by two publicly-available transcriptome datasets [24, 25]. Table B4. Locations of 62 previously identified CAZyme and SSCP gene clusters [18] in 42 chromosomal blocks of the complete QM6a genome. All previously annotated QM6a-v2.0 or QM6a-HiC genes in these gene clusters are indicated in blue. AT-rich islands in these 42 chromosomal blocks are indicated in red. All new QM6a genes we identified in the complete QM6a genome are indicated in darkgreen."
4801825,27001439,Contrasted enzymatic cocktails reveal the importance of cellulases and hemicellulases activity ratios for the hydrolysis of cellulose in presence of xylans,2016,"['cellulase', 'β-glucosidase', 'xylanase', 'β-xylosidase', 'ethanol', 'biorefinery']",0,"{'xyr1': 0, 'ace3': 0, 'cbh1': 0, 'cellulase': 34, 'reesei': 13}",5.044394119358453,AMB Express,10.1186/s13568-016-0196-x,"['Dondelinger, Eve', 'Aubry, Nathalie', 'Ben Chaabane, Fadhel', 'Cohen, Céline', 'Tayeb, Jean', 'Rémond, Caroline']","Various enzymatic cocktails were produced from two Trichoderma reesei strains, a cellulase hyperproducer strain and a strain with β-glucosidase activity overexpression. By using various carbon sources (lactose, glucose, xylose, hemicellulosic hydrolysate) for strains growth, contrasted enzymatic activities were obtained. The enzymatic cocktails presented various levels of efficiency for the hydrolysis of cellulose Avicel into glucose, in presence of xylans, or not. These latter were also hydrolyzed with different extents according to cocktails. The most efficient cocktails (TR1 and TR3) on Avicel were richer in filter paper activity (FPU) and presented a low ratio FPU/β-glucosidase activity. Cocktails TR2 and TR5 which were produced on the higher amount of hemicellulosic hydrolysate, possess both high xylanase and β-xylosidase activities, and were the most efficient for xylans hydrolysis. When hydrolysis of Avicel was conducted in presence of xylans, a decrease of glucose release occurred for all cocktails compared to hydrolysis of Avicel alone. Mixing TR1 and TR5 cocktails with two different ratios of proteins (1/1 and 1/4) resulted in a gain of efficiency for glucose release during hydrolysis of Avicel in presence of xylans compared to TR5 alone. Our results demonstrate the importance of combining hemicellulase and cellulase activities to improve the yields of glucose release from Avicel in presence of xylans. In this context, strategies involving enzymes production with carbon sources comprising mixed C5 and C6 sugars or combining different cocktails produced on C5 or on C6 sugars are of interest for processes developed in the context of lignocellulosic biorefinery."
6167437,30320082,Modulating Transcriptional Regulation of Plant Biomass Degrading Enzyme Networks for Rational Design of Industrial Fungal Strains,2018,"['cazyme', 'plant biomass degradation', 'strain design', 'industrial fungi', 'transcriptional regulation', 'overexpression of transcription factors', 'constitutively active transcription factors', 'inducer accumulation']",0,"{'xyr1': 41, 'ace3': 0, 'cbh1': 2, 'cellulase': 79, 'reesei': 31}",6.856849913108923,Frontiers in Bioengineering and Biotechnology,10.3389/fbioe.2018.00133,"['Alazi, Ebru', 'Ram, Arthur F. J.']","Filamentous fungi are the most important microorganisms for the industrial production of plant polysaccharide degrading enzymes due to their unique ability to secrete these proteins efficiently. These carbohydrate active enzymes (CAZymes) are utilized industrially for the hydrolysis of plant biomass for the subsequent production of biofuels and high-value biochemicals. The expression of the genes encoding plant biomass degrading enzymes is tightly controlled. Naturally, large amounts of CAZymes are produced and secreted only in the presence of the plant polysaccharide they specifically act on. The signal to produce is conveyed via so-called inducer molecules which are di- or mono-saccharides (or derivatives thereof) released from the specific plant polysaccharides. The presence of the inducer results in the activation of a substrate-specific transcription factor (TF), which is required not only for the controlled expression of the genes encoding the CAZymes, but often also for the regulation of the expression of the genes encoding sugar transporters and catabolic pathway enzymes needed to utilize the released monosaccharide. Over the years, several substrate-specific TFs involved in the degradation of cellulose, hemicellulose, pectin, starch and inulin have been identified in several fungal species and systems biology approaches have made it possible to uncover the enzyme networks controlled by these TFs. The requirement for specific inducers for TF activation and subsequently the expression of particular enzyme networks determines the choice of feedstock to produce enzyme cocktails for industrial use. It also results in batch-to-batch variation in the composition and amounts of enzymes due to variations in sugar composition and polysaccharide decorations of the feedstock which hampers the use of cheap feedstocks for constant quality of enzyme cocktails. It is therefore of industrial interest to produce specific enzyme cocktails constitutively and independently of inducers. In this review, we focus on the methods to modulate TF activities for inducer-independent production of CAZymes and highlight various approaches that are used to construct strains displaying constitutive expression of plant biomass degrading enzyme networks. These approaches and combinations thereof are also used to construct strains displaying increased expression of CAZymes under inducing conditions, and make it possible to design strains in which different enzyme mixtures are simultaneously produced independently of the carbon source."
3598899,23339486,Using a model filamentous fungus to unravel mechanisms of lignocellulose deconstruction,2013,"['cellulase', 'lignocellulosic biofuels', 'filamentous fungus', 'transcriptome', 'secretome', 'neurospora', 'trichoderma']",0,"{'xyr1': 0, 'ace3': 0, 'cbh1': 0, 'cellulase': 0, 'reesei': 0}",1.8073549220576042,Biotechnology for Biofuels,10.1186/1754-6834-6-6,"['Znameroski, Elizabeth A', 'Glass, N Louise']","Filamentous fungi are the main source of enzymes used to degrade lignocellulose to fermentable sugars for the production of biofuels. While the most commonly used organism for the production of cellulases in an industrial setting is Trichoderma reesei (Hypocrea jecorina), recent work in the model filamentous fungus Neurospora crassa has shown that the variety of molecular, genetic and biochemical techniques developed for this organism can expedite analyses of the complexities involved in the utilization of lignocellulose as a source of carbon. These include elucidating regulatory networks associated with plant cell wall deconstruction, the identification of signaling molecules necessary for induction of the expression of genes encoding lignocellulolytic enzymes and the characterization of new cellulolytic enzymatic activities. In particular, the availability of a full genome deletion strain set for N. crassa has expedited high throughput screening for mutants that display a cellulolytic phenotype. This review summarizes the key findings of several recent studies using N. crassa to further understanding the mechanisms of plant cell wall deconstruction by filamentous fungi."
3750697,24060058,Genome-wide transcriptional response of Trichoderma reesei to lignocellulose using RNA sequencing and comparison with Aspergillus niger,2013,"['trichoderma reesei', 'aspergillus niger', 'glycoside hydrolases', 'carbohydrate esterases', 'antisense rna', 'rna-sequencing']",0,"{'xyr1': 0, 'ace3': 0, 'cbh1': 0, 'cellulase': 0, 'reesei': 0}",1.8073549220576042,BMC Genomics,10.1186/1471-2164-14-541,"['Ries, Laure', 'Pullan, Steven T', 'Delmas, Stéphane', 'Malla, Sunir', 'Blythe, Martin J', 'Archer, David B']","A major part of second generation biofuel production is the enzymatic saccharification of lignocellulosic biomass into fermentable sugars. Many fungi produce enzymes that can saccarify lignocellulose and cocktails from several fungi, including well-studied species such as Trichoderma reesei and Aspergillus niger, are available commercially for this process. Such commercially-available enzyme cocktails are not necessarily representative of the array of enzymes used by the fungi themselves when faced with a complex lignocellulosic material. The global induction of genes in response to exposure of T. reesei to wheat straw was explored using RNA-seq and compared to published RNA-seq data and model of how A. niger senses and responds to wheat straw."
9518983,35921310,"A histone H3K9 methyltransferase Dim5 mediates repression of sorbicillinoid biosynthesis in Trichoderma reesei'], b'', b'cle-title>. Microbial Biotechnology, 15, 2533–2546. Available from: 10.1111/1751-7915.14103PMC951898335921310', b'cle-title>. Genetics, 212, 691–710.3106834010.1534/genetics.119.302277PMC6614901Bischof, R.H., Ramoni, J. & Seiboth, B. (2016) Cellulases and beyond: the first 70 years of the enzyme producer Trichoderma reesei', b'cle-title>. Microbial Cell Factories, 15, 106.2728742710.1186/s12934-016-0507-6PMC4902900Bok, J.W., Chiang, Y.M., Szewczyk, E., Reyes‐Domingez, Y., Davidson, A.D., Sanchez, J.F. et al. (2009) Chromatin‐level regulation of biosynthetic gene clusters. Nature Chemical Biology, 5, 462–464.1944863810.1038/nchembio.177PMC2891026Bok, J.W. & Keller, N.P. (2004) LaeA, a regulator of secondary metabolism in aspergillus spp. Eukaryotic Cell, 3, 527–535.1507528110.1128/EC.3.2.527-535.2004PMC387652Bok, J.W., Noordermeer, D., Kale, S.P. & Keller, N.P. (2006) Secondary metabolic gene cluster silencing in aspergillus nidulans', b'cle-title>. Molecular Microbiology, 61, 1636–1645.1696823010.1111/j.1365-2958.2006.05330.xBrakhage, A.A. & Schroeckh, V. (2011) Fungal secondary metabolites–strategies to activate silent gene clusters. Fungal Genetics and Biology, 48, 15–22.2043393710.1016/j.fgb.2010.04.004Cao, Y., Yang, R., Zheng, F., Meng, X., Zhang, W. & Liu, W. (2022) Dual regulatory role of chromatin remodeler ISW1 in coordinating cellulase and secondary metabolite biosynthesis in Trichoderma reesei. MBio, 13(1), e0345621.10.1128/mbio.03456-21PMC882234835130719Cao, Y.L., Zheng, F.L., Zhang, W.X., Meng, X.F. & Liu, W.F. (2019) ', b'cle-title>. Frontiers in Microbiology, 8, 2037.2910456610.3389/fmicb.2017.02037PMC5654950Derntl, C., Kluger, B., Bueschl, C., Schuhmacher, R., Mach, R.L. & Mach‐Aigner, A.R. (2017b) Transcription factor Xpp1 is a switch between primary and secondary fungal metabolism. Proceedings of the National Academy of Sciences of the United States of America, 114, E560–E569.2807404110.1073/pnas.1609348114PMC5278490Derntl, C., Rassinger, A., Srebotnik, E., Mach, R.L., Mach‐Aigner, A.R. & Brakhage, A.A. (2016) Identification of the main regulator responsible for synthesis of the typical yellow pigment produced by Trichoderma reesei', b'cle-title>. Applied and Environmental Microbiology, 82, 6247–6257.2752081810.1128/AEM.01408-16PMC5068150Deshpande, N., Jordan, R., Henderson Pozzi, M. & Bryk, M. (2022) Histone 3 lysine 4 monomethylation supports activation of transcription in S. cerevisiae during nutrient stress. Current Genetics, 68, 181–194.3504107710.1007/s00294-022-01226-2PMC8976815Ding, Z., Wang, X., Kong, F.D., Huang, H.M., Zhao, Y.N., Liu, M. et al. (2020) Overexpression of global regulator talae1 leads to the discovery of new antifungal polyketides from endophytic fungus Trichoderma afroharzianum', b'cle-title>. Frontiers in Microbiology, 11, 622785.3342482410.3389/fmicb.2020.622785PMC7785522Druzhinina, I.S., Kubicek, E.M. & Kubicek, C.P. (2016) Several steps of lateral gene transfer followed by events of \'birth‐and‐death\' evolution shaped a fungal sorbicillinoid biosynthetic gene cluster. BMC Evolutionary Biology, 16, 269.2801073510.1186/s12862-016-0834-6PMC5182515Farooq, Z., Abdullah, E., Banday, S., Ganai, S.A., Rashid, R., Mushtaq, A. et al. (2019) Vigilin protein Vgl1 is required for heterochromatin‐mediated gene silencing in Schizosaccharomyces pombe', b'cle-title>. The Journal of Biological Chemistry, 294, 18029–18040.3155466010.1074/jbc.RA119.009262PMC6885626Fisch, K.M., Gillaspy, A.F., Gipson, M., Henrikson, J.C., Hoover, A.R., Jackson, L. et al. (2009) Chemical induction of silent biosynthetic pathway transcription in aspergillus Niger', b'cle-title>. Journal of Industrial Microbiology & Biotechnology, 36, 1199–1213.1952172810.1007/s10295-009-0601-4Gómez‐Rodríguez, E.Y., Uresti‐Rivera, E.E., Patrón‐Soberano, O.A., Islas‐Osuna, M.A., Flores‐Martínez, A., Riego‐Ruiz, L. et al. (2018) Histone acetyltransferase TGF‐1 regulates Trichoderma atroviride secondary metabolism and mycoparasitism. PLoS One, 13, e0193872.2970897010.1371/journal.pone.0193872PMC5927414Henrikson, J.C., Hoover, A.R., Joyner, P.M. & Cichewicz, R.H. (2009) A chemical epigenetics approach for engineering the in situ biosynthesis of a cryptic natural product from aspergillus Niger', b'cle-title>. Organic & Biomolecular Chemistry, 7, 435–438.1915630610.1039/b819208aHertweck, C. (2009) Hidden biosynthetic treasures brought to light. Nature Chemical Biology, 5, 450–452.1953610210.1038/nchembio0709-450Hitzenhammer, E., Buschl, C., Sulyok, M., Schuhmacher, R., Kluger, B., Wischnitzki, E. et al. (2019) YPR2 is a regulator of light modulated carbon and secondary metabolism in Trichoderma reesei', b'cle-title>. BMC Genomics, 20, 211.3086681110.1186/s12864-019-5574-8PMC6417087Honda, S. & Selker, E.U. (2008) Direct interaction between DNA methyltransferase DIM‐2 and HP1 is required for DNA methylation in Neurospora crassa', b'cle-title>. Molecular and Cellular Biology, 28, 6044–6055.1867865310.1128/MCB.00823-08PMC2547014Jackson, J.P., Lindroth, A.M., Cao, X. & Jacobsen, S.E. (2002) Control of CpNpG DNA methylation by the KRYPTONITE histone H3 methyltransferase. Nature, 416, 556–560.1189802310.1038/nature731Jacobs, S.A. & Khorasanizadeh, S. (2002) Structure of HP1 chromodomain bound to a lysine 9‐methylated histone H3 tail. Science, 295, 2080–2083.1185915510.1126/science.1069473Karimi‐Aghcheh, R., Bok, J.W., Phatale, P.A., Smith, K.M., Baker, S.E., Lichius, A. et al. (2013a) Functional analyses of Trichoderma reesei LAE1 reveal conserved and contrasting roles of this regulator. G3: Genes–Genomes–Genetics, 3, 369–378.2339061310.1534/g3.112.005140PMC3564997Karimi‐Aghcheh, R., Druzhinina, I.S. & Kubicek, C.P. (2013b) The putative protein methyltransferase LAE1 of Trichoderma atroviride is a key regulator of asexual development and mycoparasitism. PLoS One, 8, e67144.2382621710.1371/journal.pone.0067144PMC3691206Katz, L. & Baltz, R.H. (2016) Natural product discovery: past, present, and future. Journal of Industrial Microbiology & Biotechnology, 43, 155–176.2673913610.1007/s10295-015-1723-5Khaldi, N., Seifuddin, F.T., Turner, G., Haft, D., Nierman, W.C., Wolfe, K.H. et al. (2010) SMURF: genomic mapping of fungal secondary metabolite clusters. Fungal Genetics and Biology, 47, 736–741.2055405410.1016/j.fgb.2010.06.003PMC2916752Kumar, S., Stecher, G., Li, M., Knyaz, C. & Tamura, K. (2018) MEGA X: molecular evolutionary genetics analysis across computing platforms. Molecular Biology and Evolution, 35, 1547–1549.2972288710.1093/molbev/msy096PMC5967553Kusevic, D., Kudithipudi, S., Iglesias, N., Moazed, D. & Jeltsch, A. (2017) Clr4 specificity and catalytic activity beyond H3K9 methylation. Biochimie, 135, 83–88.2814379610.1016/j.biochi.2017.01.013Li, C., Lin, F., Sun, W., Yuan, S., Zhou, Z., Wu, F.G. et al. (2018) Constitutive hyperproduction of sorbicillinoids in Trichoderma reesei ZC121. Biotechnology for Biofuels, 11, 291.3038642810.1186/s13068-018-1296-4PMC6202828Liu, D.Z., Liang, B.W., Li, X.F. & Yu, Z.Y. (2014) Epigenetic modifier‐induced biosynthesis of novel acetylenic sterols from Cladosporium colocasiae', b'cle-title>. Steroids, 87, 35–38.2490745610.1016/j.steroids.2014.05.012Mello‐de‐Sousa, T.M., Gorsche, R., Rassinger, A., Pocas‐Fonseca, M.J., Mach, R.L. & Mach‐Aigner, A.R. (2014) A truncated form of the carbon catabolite repressor 1 increases cellulase production in Trichoderma reesei', b'cle-title>. Biotechnology for Biofuels, 7, 129.2534297010.1186/s13068-014-0129-3PMC4173072Meng, J.J., Wang, X.H., Xu, D., Fu, X.X., Zhang, X.P., Lai, D.W. et al. (2016) Sorbicillinoids from fungi and their bioactivities. Molecules, 21, 715.10.3390/molecules21060715PMC627349927258245Nierman, W.C., Pain, A., Anderson, M.J., Wortman, J.R., Kim, H.S., Arroyo, J. et al. (2005) Genomic sequence of the pathogenic and allergenic filamentous fungus aspergillus fumigatus', b'cle-title>. Nature, 438, 1151–1156.1637200910.1038/nature04332Pang, X.Y., Zhou, X.F., Lin, X.P., Yang, B., Tian, X.P., Wang, J.F. et al. (2021) Structurally various sorbicillinoids from the deep‐sea sediment derived fungus penicillium sp. SCSIO06871. Bioorganic Chemistry, 107, 104600.3345364510.1016/j.bioorg.2020.104600Penttilä, M., Nevalainen, H., Rättӧ, M., Salminen, E. & Knowles, J.A. (1987) A versatile transformation system for the cellulolytic filamentous fungus Trichoderma reesei', b'cle-title>. Gene, 61, 155–164.312727410.1016/0378-1119(87)90110-7Reyes‐Dominguez, Y., Boedi, S., Sulyok, M., Wiesenberger, G., Stoppacher, N., Krska, R. et al. (2012) Heterochromatin influences the secondary metabolite profile in the plant pathogen fusarium graminearum', b'cle-title>. Fungal Genetics and Biology, 49, 39–47.2210054110.1016/j.fgb.2011.11.002PMC3278594Reyes‐Dominguez, Y., Bok, J.W., Berger, H., Shwab, E.K., Basheer, A., Gallmetzer, A. et al. (2010) Heterochromatic marks are associated with the repression of secondary metabolism clusters in aspergillus nidulans', b'cle-title>. Molecular Microbiology, 76, 1376–1386.2013244010.1111/j.1365-2958.2010.07051.xPMC2904488Rountree, M.R. & Selker, E.U. (2010) DNA methylation and the formation of heterochromatin in Neurospora crassa', b'cle-title>. Heredity, 105, 38–44.2040747110.1038/hdy.2010.44Salo, O., Guzman‐Chavez, F., Ries, M.I., Lankhorst, P.P., Bovenberg, R.A.L., Vreeken, R.J. et al. (2016) Identification of a polyketide synthase involved in sorbicillin biosynthesis by penicillium chrysogenum', b'cle-title>. Applied and Environmental Microbiology, 82, 3971–3978.2710712310.1128/AEM.00350-16PMC4907180Schmidt‐Dannert, C. (2015) Biosynthesis of terpenoid natural products in fungi. Advances in Biochemical Engineering and Biotechnology, 148, 19–61.10.1007/10_2014_28325414054Schmittgen, T.D. & Livak, K.J. (2008) Analyzing real‐time PCR data by the comparative C(T) method. Nature Protocols, 3, 1101–1108.1854660110.1038/nprot.2008.73Schmoll, M., Dattenbock, C., Carreras‐Villasenor, N., Mendoza‐Mendoza, A., Tisch, D., Aleman, M.I. et al. (2016) The genomes of three uneven siblings: footprints of the lifestyles of three Trichoderma species. Microbiology and Molecular Biology Reviews, 80, 205–327.2686443210.1128/MMBR.00040-15PMC4771370Seiboth, B., Karimi, R.A., Phatale, P.A., Linke, R., Hartl, L., Sauer, D.G. et al. (2012) The putative protein methyltransferase LAE1 controls cellulase gene expression in Trichoderma reesei', b'cle-title>. Molecular Microbiology, 84, 1150–1164.2255405110.1111/j.1365-2958.2012.08083.xPMC3370264Shwab, E.K., Bok, J.W., Tribus, M., Galehr, J., Graessle, S. & Keller, N.P. (2007) Histone deacetylase activity regulates chemical diversity in aspergillus', b'cle-title>. Eukaryotic Cell, 6, 1656–1664.1761662910.1128/EC.00186-07PMC2043372Strauss, J. & Reyes‐Dominguez, Y. (2011) Regulation of secondary metabolism by chromatin structure and epigenetic codes. Fungal Genetics and Biology, 48, 62–69.2065957510.1016/j.fgb.2010.07.009PMC3935439Tamaru, H., Zhang, X., McMillen, D., Singh, P.B., Nakayama, J., Grewal, S.I. et al. (2003) Trimethylated lysine 9 of histone H3 is a mark for DNA methylation in Neurospora crassa', b'cle-title>. Nature Genetics, 34, 75–79.1267981510.1038/ng1143Wang, L., Lv, X.X., Cao, Y.L., Zheng, F.L., Meng, X.F., Shen, Y. et al. (2019a) A novel transcriptional regulator RXE1 modulates the essential transactivator XYR1 and cellulase gene expression in Trichoderma reesei', b'cle-title>. Applied Microbiology and Biotechnology, 103, 4511–4523.3098210710.1007/s00253-019-09739-6Wang, L., Yang, R., Cao, Y., Zheng, F., Meng, X., Zhong, Y. et al. (2019b) CLP1, a novel plant homeo domain protein, participates in regulating cellulase gene expression in the filamentous fungus Trichoderma reesei', b'cle-title>. Frontiers in Microbiology, 10, 1700.3144779610.3389/fmicb.2019.01700PMC6691364Wang, L., Zhang, W.X., Cao, Y.L., Zheng, F.L., Zhao, G.L., Lv, X.X. et al. (2021) Interdependent recruitment of CYC8/TUP1 and the transcriptional activator XYR1 at target promoters is required for induced cellulase gene expression in Trichoderma reesei', b'cle-title>. PLoS Genetics, 17, e1009351.3360668110.1371/journal.pgen.1009351PMC7894907Wang, L., Zheng, F., Zhang, W., Zhong, Y., Chen, G., Meng, X. et al. (2018) A copper‐controlled RNA interference system for reversible silencing of target genes in Trichoderma reesei', b'cle-title>. Biotechnology for Biofuels, 11, 33.2944988110.1186/s13068-018-1038-7PMC5806297Williams, R.B., Henrikson, J.C., Hoover, A.R., Lee, A.E. & Cichewicz, R.H. (2008) Epigenetic remodeling of the fungal secondary metabolome. Organic & Biomolecular Chemistry, 6, 1895–1897.1848089910.1039/b804701dYang, Z., Qiao, Y., Li, J., Wu, F.G. & Lin, F. (2020) Novel type of water‐soluble photosensitizer from Trichoderma reesei for photodynamic inactivation of gram‐positive bacteria. Langmuir, 36, 13227–13235.3311930810.1021/acs.langmuir.0c02109Zhang, J.J., Wu, C., Wang, W., Wang, W. & Wei, D.Z. (2018a) A versatile Trichoderma reesei expression system for the production of heterologous proteins. Biotechnology Letters, 40, 965–972.2964455910.1007/s10529-018-2548-xZhang, K., Mosch, K., Fischle, W. & Grewal, S.I. (2008) Roles of the Clr4 methyltransferase complex in nucleation, spreading and maintenance of heterochromatin. Nature Structural & Molecular Biology, 15, 381–388.10.1038/nsmb.140618345014Zhang, W., An, N., Guo, J., Wang, Z., Meng, X. & Liu, W. (2021) Influences of genetically perturbing synthesis of the typical yellow pigment on conidiation, cell wall integrity, stress tolerance, and cellulase production in Trichoderma reesei', b'cle-title>. Journal of Microbiology, 59, 426–434.3349693710.1007/s12275-021-0433-0Zhang, W.X., Kou, Y.B., Xu, J.T., Cao, Y.L., Zhao, G.L., Shao, J. et al. (2013) Two major facilitator superfamily sugar transporters from Trichoderma reesei and their roles in induction of cellulase biosynthesis. The Journal of Biological Chemistry, 288, 32861–32872.2408529710.1074/jbc.M113.505826PMC3829138Zhang, X., Li, S.J., Li, J.J., Liang, Z.Z. & Zhao, C.Q. (2018b) Novel natural products from extremophilic fungi. Marine Drugs, 16, 194.10.3390/md16060194PMC602545329867059Zhou, Q., Xu, J., Kou, Y., Lv, X., Zhang, X., Zhao, G. et al. (2012) Differential involvement of beta‐glucosidases from Hypocrea jecorina in rapid induction of cellulase genes by cellulose and cellobiose. Eukaryotic Cell, 11, 1371–1381.2300210610.1128/EC.00170-12PMC3486029",2022,[],0,"{'xyr1': 0, 'ace3': 0, 'cbh1': 0, 'cellulase': 3, 'reesei': 10}",4.431049817267475,Microbial Biotechnology,10.1111/1751-7915.14103,"['Wang, Lei', 'Liu, Jialong', 'Li, Xiaotong', 'Lyu, Xinxing', 'Liu, Zhizhen', 'Zhao, Hong', 'Jiao, Xiangying', 'Zhang, Weixin', 'Xie, Jun', 'Liu, Weifeng']","Sorbicillinoids (also termed yellow pigment) are derived from either marine or terrestrial fungi, exhibit various biological activities and therefore show potential as commercial products for human or animal health. The cellulolytic filamentous fungus Trichoderma reesei is capable to biosynthesize sorbicillinoids, but the underlying regulatory mechanism is not yet completely clear. Herein, we identified a histone H3 lysine 9 (H3K9) methyltransferase, Dim5, in T. reesei. TrDIM5 deletion caused an impaired vegetative growth as well as conidiation, whereas the ∆Trdim5 strain displayed a remarkable increase in sorbicillinoid production. Post TrDIM5 deletion, the transcription of sorbicillinoid biosynthesis‐related (SOR) genes was significantly upregulated with a more open chromatin structure. Intriguingly, hardly any expression changes occurred amongst those genes located on both flanks of the SOR gene cluster. In addition, the assays provided evidence that H3K9 triple methylation (H3K9me3) modification acted as a repressive marker at the SOR gene cluster and thus directly mediated the repression of sorbicillinoid biosynthesis. Transcription factor Ypr1 activated the SOR gene cluster by antagonizing TrDim5‐mediated repression and therefore contributed to forming a relatively more open local chromatin environment, which further facilitated its binding and SOR gene expression. The results of this study will contribute to understanding the intricate regulatory network in sorbicillinoid biosynthesis and facilitate the endowment of T. reesei with preferred features for sorbicillinoid production by genetic engineering."
1398055,16524900,"Transcriptional Regulation of xyn1, Encoding Xylanase I, in Hypocrea jecorina§",2006,[],0,"{'xyr1': 0, 'ace3': 0, 'cbh1': 0, 'cellulase': 0, 'reesei': 0}",1.4537179674429035,Eukaryotic Cell,10.1128/EC.5.3.447-456.2006,"['Rauscher, Roman', 'Würleitner, Elisabeth', 'Wacenovsky, Christian', 'Aro, Nina', 'Stricker, Astrid R.', 'Zeilinger, Susanne', 'Kubicek, Christian P.', 'Penttilä, Merja', 'Mach, Robert L.']","Two major xylanases (XYN I and XYN II) of the filamentous fungus Hypocrea jecorina (Trichoderma reesei) are simultaneously expressed during growth on xylan but respond differently to low-molecular-weight inducers. In vivo footprinting analysis of the xylanase1 (xyn1) promoter revealed three different nucleotide sequences (5′-GGCTAAATGCGACATCTTAGCC-3′ [an inverted repeat of GGCTAA spaced by 10 bp], 5′-CCAAT-3′, and 5′-GGGGTCTAGACCCC-3′ [equivalent to a double Cre1 site]) used to bind proteins. Binding to the Cre1 site is only observed under repressed conditions, whereas binding to the two other motifs is constitutive. Applying heterologously expressed components of the H. jecorina cellulase regulators Ace1 and Ace2 and the xylanase regulator Xyr1 suggests that Ace1 and Xyr1 but not Ace2 contact both GGCTAA motifs. H. jecorina transformants containing mutated versions of the xyn1 promoter, leading to elimination of protein binding to the left or the right GGCTAA box revealed either strongly reduced or completely eliminated induction of transcription. Elimination of Cre1 binding to its target released the basal transcriptional level from glucose repression but did not influence the inducibility of xyn1 expression. Mutation of the CCAAT box prevents binding of the Hap2/3/5 complex in vitro and is partially compensating for the loss of transcription caused by the mutation of the right GGCTAA box. Finally, evidence for a competition of Ace1 and Xyr1 for the right GGCTAA box is given. These data prompted us to hypothesize that xyn1 regulation is based on the interplay of Cre1 and Ace1 as a general and specific repressor with Xyr1 as transactivator."
4076981,24893562,Crossroads between light response and nutrient signalling: ENV1 and PhLP1 act as mutual regulatory pair in Trichoderma reesei,2014,[],16,"{'xyr1': 0, 'ace3': 0, 'cbh1': 0, 'cellulase': 0, 'reesei': 0}",5.533978572002351,BMC Genomics,10.1186/1471-2164-15-425,"['Tisch, Doris', 'Schuster, Andre', 'Schmoll, Monika']",Crosstalk between the signalling pathways responding to light–dark cycles and those triggering the adaptation of metabolism to the environment is known to occur in various organisms. This interrelationship of light response and nutrient sigalling is crucial for health and fitness. The tropical ascomycete Trichoderma reesei (syn. Hypocrea jecorina) represents one of the most efficient plant cell wall degraders. Regulation of the enzymes required for this process is affected by nutritional signals as well as other environmental signals including light. Therefore we aimed to elucidate the interrelationship between nutrient and light signaling and how the light signal is transmitted to downstream pathways.
10671955,37998923,Different Putative Methyltransferases Have Different Effects on the Expression Patterns of Cellulolytic Genes,2023,"['cellulases', 'fungi', 'laea', 'methyltransferases', 'transcription', 'transcription factors']",2,"{'xyr1': 0, 'ace3': 0, 'cbh1': 0, 'cellulase': 0, 'reesei': 0}",4.392317422778761,Journal of Fungi,10.3390/jof9111118,"['Liu, Zhongjiao', 'Ma, Kexuan', 'Zhang, Xiujun', 'Song, Xin', 'Qin, Yuqi', 'Konopka, James']","Putative methyltranferase LaeA and LaeA-like proteins, conserved in many filamentous fungi, regulate fungal growth, development, virulence, the biosynthesis of secondary metabolites, and the production of cellulolytic enzymes. Penicillium oxaliucm is a typical fungus that produces cellulolytic enzymes. In this study, we reported the biological function of eight putative methyltransferases (PoMtr23C/D/E/F/G/H and PoMtr25A/B) containing a methyltransf_23 or methyltransf_25 domain, with a focus on their roles in the production of cellulolytic enzymes. In P. oxalicum, various methyltransferase genes displayed different transcriptional levels. The genes Pomtr23C and Pomtr25A exhibited high transcriptional levels, while Pomtr23D/E/F/G/H and Pomtr25B were transcribed constantly at low levels. The gene deletion mutants (Δmtr23C/D/E/F/G/H and Δmtr25A/B) were constructed. Various mutants have different patterns in cellulolytic enzyme production. Compared to the WT, the largest increase in filter paper activity (FPA, indicating total cellulase activity) was observed in the Δmtr23G mutant, the only mutant with a cellulolytic halo surrounding the colony. Three mutants (Δmtr23C/D and Δmtr25A) also showed increased cellulolytic enzyme production. The Δmtr23E and Δmtr25B mutants displayed decreased FPA activity, while the Δmtr23F and Δmtr23H mutants displayed similar patterns of cellulolytic enzyme production compared with the WT. The assay of transcriptional levels of cellobiohydrolase gene Pocbh1 and β-1,4-endoglucanase Poeg1 supported that higher cellulolytic gene transcription resulted in higher production of cellulolytic enzymes, and vice versa. The transcriptional levels of two transcription factors, activator XlnR and repressor CreA, were measured. The high transcription level of the PoxlnR gene in the Δmtr23D mutant should be one reason for the increased transcription of its cellulolytic enzyme gene. Both XlnR and CreA transcriptional levels increased in the Δmtr23G mutant, but the former showed a more significant increase than the latter, indicating that the activation effect predominated. The PoMtr25A is localized in the nucleus. The catalytic subunit SNF2 of the SWI/SNF chromatin-remodeling complex was found as one of the interacting proteins of PoMtr25A via tandem affinity purification coupled with mass spectrometry. PoMtr25A may affect not only the transcription of repressor CreA but also by recruiting SWI/SNF complexes that affect chromatin structure, thereby regulating the transcription of target genes."
10835966,38303075,Cumulative expression of heterologous XlnR regulatory modules and AraRA731V in Penicillium oxalicum enhances saccharification efficiency of corn stover and corn fiber,2024,"['filamentous fungi', 'xlnr regulatory modules', 'cellulase', 'hemicellulase', 'transcription factor arar']",2,"{'xyr1': 0, 'ace3': 0, 'cbh1': 0, 'cellulase': 0, 'reesei': 0}",4.643856189774724,Biotechnology for Biofuels and Bioproducts,10.1186/s13068-024-02464-x,"['Xia, Chengqiang', 'Qi, Xiaoyu', 'Song, Xin']","Penicillium oxalicum engineered strain DB2 and its mutant strains with multiple regulatory modules were constructed. Mutant strain RE-4-2 with two regulatory modules showed a significant increase in the reducing sugar released from corn stover and corn fiber as well as in the conversion of cellulose than DB2. RE-5-2 with three regulatory modules showed a further increase in reducing sugar released from corn stover and the conversion of cellulose on the basis of RE-4-2. RE-4-2-AraRA731V constructed by overexpressing AraRA731V in RE-4-2 showed an increase of 7.2 times and 1.2 times in arabinofuranosidase and xylosidase activities, respectively. Reducing sugar yield and cellulose conversion of corn stover and corn fiber by RE-4-2-AraRA731V were further increased."
3226318,22145076,Cellulases from Thermophilic Fungi: Recent Insights and Biotechnological Potential,2011,[],20,"{'xyr1': 0, 'ace3': 0, 'cbh1': 0, 'cellulase': 0, 'reesei': 0}",5.574908836057233,Enzyme Research,10.4061/2011/308730,"['Li, Duo-Chuan', 'Li, An-Na', 'Papageorgiou, Anastassios C.']","Thermophilic fungal cellulases are promising enzymes in protein engineering efforts aimed at optimizing industrial processes, such as biomass degradation and biofuel production. The cloning and expression in recent years of new cellulase genes from thermophilic fungi have led to a better understanding of cellulose degradation in these species. Moreover, crystal structures of thermophilic fungal cellulases are now available, providing insights into their function and stability. The present paper is focused on recent progress in cloning, expression, regulation, and structure of thermophilic fungal cellulases and the current research efforts to improve their properties for better use in biotechnological applications."
10588483,37869709,"Transcriptomic insights into the roles of the transcription factors Clr1, Clr2 and Clr4 in lignocellulose degradation of the thermophilic fungal platform Thermothelomyces thermophilus'], b'Siebecker et al.10.3389/fbioe.2023.1279146",2023,"['thermothelomyces thermophilus', 'myceliophthora thermophila', 'cellulases', 'lignocellulolytic enzymes', 'transcription factors', 'transcriptomics', 'gene regulation', 'clr']",3,"{'xyr1': 1, 'ace3': 0, 'cbh1': 0, 'cellulase': 6, 'reesei': 1}",6.1361366879860295,Frontiers in Bioengineering and Biotechnology,10.3389/fbioe.2023.1279146,"['Siebecker, Benedikt', 'Schütze, Tabea', 'Spohner, Sebastian', 'Haefner, Stefan', 'Meyer, Vera']","', b'upplementary-material position=""float"" content-type=""local-data"" orientation=""portrait"">SUPPLEMENTARY MATERIAL S1"
4277563,25381238,Engineering Neurospora crassa for Improved Cellobiose and Cellobionate Production,2014,[],19,"{'xyr1': 0, 'ace3': 0, 'cbh1': 0, 'cellulase': 0, 'reesei': 0}",5.763765653509921,Applied and Environmental Microbiology,10.1128/AEM.02885-14,"['Hildebrand, Amanda', 'Szewczyk, Edyta', 'Lin, Hui', 'Kasuga, Takao', 'Fan, Zhiliang', 'Pettinari, M. J.']","We report engineering Neurospora crassa to improve the yield of cellobiose and cellobionate from cellulose. A previously engineered strain of N. crassa (F5) with six of seven β-glucosidase (bgl) genes knocked out was shown to produce cellobiose and cellobionate directly from cellulose without the addition of exogenous cellulases. In this study, the F5 strain was further modified to improve the yield of cellobiose and cellobionate from cellulose by increasing cellulase production and decreasing product consumption. The effects of two catabolite repression genes, cre-1 and ace-1, on cellulase production were investigated. The F5 Δace-1 mutant showed no improvement over the wild type. The F5 Δcre-1 and F5 Δace-1 Δcre-1 strains showed improved cellobiose dehydrogenase and exoglucanase expression. However, this improvement in cellulase expression did not lead to an improvement in cellobiose or cellobionate production. The cellobionate phosphorylase gene (ndvB) was deleted from the genome of F5 Δace-1 Δcre-1 to prevent the consumption of cellobiose and cellobionate. Despite a slightly reduced hydrolysis rate, the F5 Δace-1 Δcre-1 ΔndvB strain converted 75% of the cellulose consumed to the desired products, cellobiose and cellobionate, compared to 18% converted by the strain F5 Δace-1 Δcre-1."
7372938,32760377,Diversity of Cellulase-Producing Filamentous Fungi From Tibet and Transcriptomic Analysis of a Superior Cellulase Producer Trichoderma harzianum LZ117,2020,"['filamentous fungi', 'cellulase production', 'trichoderma harzianum', 'comparative transcriptome analysis', 'cellulase induction']",9,"{'xyr1': 12, 'ace3': 2, 'cbh1': 4, 'cellulase': 76, 'reesei': 21}",10.060245582053527,Frontiers in Microbiology,10.3389/fmicb.2020.01617,"['Li, Jia-Xiang', 'Zhang, Fei', 'Jiang, Dan-Dan', 'Li, Jun', 'Wang, Feng-Lou', 'Zhang, Zhang', 'Wang, Wei', 'Zhao, Xin-Qing']","Filamentous fungi are widely used for producing cellulolytic enzymes to degrade lignocellulosic biomass. Microbial resources from Tibet have received great attention due to the unique geographic and climatic conditions in the Qinghai-Tibet Plateau. However, studies on cellulase producing fungal strains originated from Tibet remain very limited, and so far no studies have been focused on regulation of cellulase production of the specific strains thereof. Here, filamentous fungal strains were isolated from soil, plant, and other environments in Tibet, and cellulase-producing strains were further investigated. A total of 88 filamentous fungal strains were identified, and screening of cellulase-producing fungi revealed that 16 strains affiliated with the genera Penicillium, Trichoderma, Aspergillus, and Talaromyces exhibited varying cellulolytic activities. Among these strains, T. harzianum isolate LZ117 is the most potent producer. Comparative transcriptome analysis using T. harzianum LZ117 and the control strain T. harzianum K223452 cultured on cellulose indicated an intensive modulation of gene transcription related to protein synthesis and quality control. Furthermore, transcription of xyr1 which encodes the global transcriptional activator for cellulase expression was significantly up-regulated. Transcription of cre1 and other predicted repressors controlling cellulase gene expression was decreased in T. harzianum LZ117, which may contribute to enhancing formation of primary cellulases. To our knowledge, this is the first report that the transcription landscape at the early enzyme production stage of T. harzianum was comprehensively described, and detailed analysis on modulation of transporters, regulatory proteins as well as protein synthesis and processing was presented. Our study contributes to increasing the catalog of publicly available transcriptome data from T. harzianum, and provides useful clues for unraveling the biotechnological potential of this species for lignocellulosic biorefinery."
6061484,29860590,Inducible promoters and functional genomic approaches for the genetic engineering of filamentous fungi,2018,"['fungal biotechnology', 'inducible promoter systems', 'heterologous products', 'functional genomics', 'strain improvement']",40,"{'xyr1': 2, 'ace3': 0, 'cbh1': 4, 'cellulase': 8, 'reesei': 18}",10.108880809760317,Applied Microbiology and Biotechnology,10.1007/s00253-018-9115-1,"['Kluge, Janina', 'Terfehr, Dominik', 'Kück, Ulrich']","In industry, filamentous fungi have a prominent position as producers of economically relevant primary or secondary metabolites. Particularly, the advent of genetic engineering of filamentous fungi has led to a growing number of molecular tools to adopt filamentous fungi for biotechnical applications. Here, we summarize recent developments in fungal biology, where fungal host systems were genetically manipulated for optimal industrial applications. Firstly, available inducible promoter systems depending on carbon sources are mentioned together with various adaptations of the Tet-Off and Tet-On systems for use in different industrial fungal host systems. Subsequently, we summarize representative examples, where diverse expression systems were used for the production of heterologous products, including proteins from mammalian systems. In addition, the progressing usage of genomics and functional genomics data for strain improvement strategies are addressed, for the identification of biosynthesis genes and their related metabolic pathways. Functional genomic data are further used to decipher genomic differences between wild-type and high-production strains, in order to optimize endogenous metabolic pathways that lead to the synthesis of pharmaceutically relevant end products. Lastly, we discuss how molecular data sets can be used to modify products for optimized applications."
10040116,36966330,The arabinose transporter MtLat-1 is involved in hemicellulase repression as a pentose transceptor in Myceliophthora thermophila,2023,"['myceliophthora', 'hemicellulase', 'l-arabinose transport', 'signal transduction', 'transceptor', 'mtlat-1', 'mtara-1']",6,"{'xyr1': 0, 'ace3': 0, 'cbh1': 0, 'cellulase': 0, 'reesei': 0}",5.574908836057233,Biotechnology for Biofuels and Bioproducts,10.1186/s13068-023-02305-3,"['Gu, Shuying', 'Zhao, Zhen', 'Xue, Fanglei', 'Liu, Defei', 'Liu, Qian', 'Li, Jingen', 'Tian, Chaoguang']","Filamentous fungi possess an array of secreted enzymes to depolymerize the structural polysaccharide components of plant biomass. Sugar transporters play an essential role in nutrient uptake and sensing of extracellular signal molecules to inhibit or trigger the induction of lignocellulolytic enzymes. However, the identities and functions of transceptors associated with the induction of hemicellulase genes remain elusive."
10552389,37794424,Systematic identification of CAZymes and transcription factors in the hypercellulolytic fungus Penicillium funiculosum NCIM1228 involved in lignocellulosic biomass degradation,2023,"['penicillium funiculosum ncim1228', 'genome annotation', 'cazymes', 'biomass hydrolyzing enzymes', 'transcription factors', 'regulation']",4,"{'xyr1': 0, 'ace3': 0, 'cbh1': 0, 'cellulase': 0, 'reesei': 0}",5.1015380264620624,Biotechnology for Biofuels and Bioproducts,10.1186/s13068-023-02399-9,"['Pasari, Nandita', 'Gupta, Mayank', 'Sinha, Tulika', 'Ogunmolu, Funso Emmanuel', 'Yazdani, Syed Shams']","Penicillium funiculosum NCIM1228 is a filamentous fungus that was identified in our laboratory to have high cellulolytic activity. Analysis of its secretome suggested that it responds to different carbon substrates by secreting specific enzymes capable of digesting those substrates. This phenomenon indicated the presence of a regulatory system guiding the expression of these hydrolyzing enzymes. Since transcription factors (TFs) are the key players in regulating the expression of enzymes, this study aimed first to identify the complete repertoire of Carbohydrate Active Enzymes (CAZymes) and TFs coded in its genome. The regulation of CAZymes was then analysed by studying the expression pattern of these CAZymes and TFs in different carbon substrates—Avicel (cellulosic substrate), wheat bran (WB; hemicellulosic substrate), Avicel + wheat bran, pre-treated wheat straw (a potential substrate for lignocellulosic ethanol), and glucose (control)."
5048463,27729944,Expression and chromatin structures of cellulolytic enzyme gene regulated by heterochromatin protein 1,2016,"['hp1', 'penicillium oxalicum', 'chart-pcr', 'cellulolytic enzyme', 'chromatin']",13,"{'xyr1': 0, 'ace3': 0, 'cbh1': 0, 'cellulase': 0, 'reesei': 0}",5.461951610615813,Biotechnology for Biofuels,10.1186/s13068-016-0624-9,"['Zhang, Xiujun', 'Qu, Yinbo', 'Qin, Yuqi']","Heterochromatin protein 1 (HP1, homologue HepA in Penicillium oxalicum) binding is associated with a highly compact chromatin state accompanied by gene silencing or repression. HP1 loss leads to the derepression of gene expression. We investigated HepA roles in regulating cellulolytic enzyme gene expression, as an increasingly number of studies have suggested that cellulolytic enzyme gene expression is not only regulated by transcription factors, but is also affected by the chromatin status."
5478631,28634326,A Chrysoporthe cubensis enzyme cocktail produced from a low-cost carbon source with high biomass hydrolysis efficiency,2017,[],6,"{'xyr1': 0, 'ace3': 0, 'cbh1': 0, 'cellulase': 6, 'reesei': 1}",5.832890014164742,Scientific Reports,10.1038/s41598-017-04262-y,"['Dutra, Thiago Rodrigues', 'Guimarães, Valéria Monteze', 'Varela, Ednilson Mascarenhas', 'Fialho, Lílian da Silva', 'Milagres, Adriane Maria Ferreira', 'Falkoski, Daniel Luciano', 'Zanuncio, José Cola', 'Rezende, Sebastião Tavares de']","Low cost and high efficiency cellulolytic cocktails can consolidate lignocellulosic ethanol technologies. Sugarcane bagasse (SCB) is a low cost agro-industrial residue, and its use as a carbon source can reduce the costs of fungi cultivation for enzyme production. Chrysoporthe cubensis grown under solid state fermentation (SSF) with wheat bran has potential to produce efficient enzymatic extracts for SCB saccharification. This fungus was grown under submersed fermentation (SmF) and SSF with in natura SCB, pretreated with acid or alkali and with others carbon sources. In natura SCB induced the highest carboxymethylcellulase (CMCase), xylanase, β-xylosidase, α-galactosidase and mannanase activities by C. cubensis under SSF. In natura and washed SCB, inducers of enzyme production under SSF, did not induce high cellulases and hemicellulases production by C. cubensis in SmF. The C. cubensis enzymatic extract produced under SSF with in natura SCB as a carbon source was more efficient for lignocelulolic biomass hydrolysis than extracts produced under SSF with wheat bran and commercial cellulolytic extract. Chrysoporthe cubensis showed high potential for cellulases and hemicellulases production, especially when grown under SSF with in natura SCB as carbon source."
4247816,24881580,"The proteome and phosphoproteome of Neurospora crassa in response to cellulose, sucrose and carbon starvation",2014,"['neurospora crassa', 'proteome', 'phosphoproteome', 'cellulase', 'carbon starvation', 'plant biomass']",33,"{'xyr1': 0, 'ace3': 0, 'cbh1': 0, 'cellulase': 0, 'reesei': 0}",6.518325307690866,Fungal genetics and biology : FG & B,10.1016/j.fgb.2014.05.005,"['Xiong, Yi', 'Coradetti, Samuel T.', 'Li, Xin', 'Gritsenko, Marina A.', 'Clauss, Therese', 'Petyuk, Vlad', 'Camp, David', 'Smith, Richard', 'Cate, Jamie H.D.', 'Yang, Feng', 'Glass, N. Louise']","Improving cellulolytic enzyme production by plant biomass degrading fungi holds great potential in reducing costs associated with production of next-generation biofuels generated from lignocellulose. How fungi sense cellulosic materials and respond by secreting enzymes has mainly been examined by assessing function of transcriptional regulators and via transcriptional profiling. Here, we obtained global proteomic and phosphoproteomic profiles of the plant biomass degrading filamentous fungus Neurospora crassa grown on different carbon sources, i.e. sucrose, no carbon, and cellulose, by performing isobaric tags for relative and absolute quantification (iTRAQ)-based LC–MS/MS analyses. A comparison between proteomes and transcriptomes under identical carbon conditions suggests that extensive post-transcriptional regulation occurs in N. crassa in response to exposure to cellulosic material. Several hundred amino acid residues with differential phosphorylation levels on crystalline cellulose (Avicel) or carbon-free medium vs sucrose medium were identified, including phosphorylation sites in a major transcriptional activator for cellulase genes, CLR1, as well as a cellobionic acid transporter, CBT1. Mutation of phosphorylation sites on CLR1 did not have a major effect on transactivation of cellulase production, while mutation of phosphorylation sites in CBT1 increased its transporting capacity. Our data provides rich information at both the protein and phosphorylation levels of the early cellular responses to carbon starvation and cellulosic induction and aids in a greater understanding of the underlying post-transcriptional regulatory mechanisms in filamentous fungi."
6030313,30110471,The effect of alkali-soluble lignin on purified core cellulase and hemicellulase activities during hydrolysis of extractive ammonia-pretreated lignocellulosic biomass,2018,"['ammonia treatment', 'lignin inhibition', 'cellulase', 'hemicellulase', 'enzyme synergy']",2,"{'xyr1': 0, 'ace3': 0, 'cbh1': 0, 'cellulase': 20, 'reesei': 0}",5.795596951181432,Royal Society Open Science,10.1098/rsos.171529,"['Zhou, Linchao', 'da Costa Sousa, Leonardo', 'Dale, Bruce E.', 'Feng, Jia-Xun', 'Balan, Venkatesh']","Removing alkali-soluble lignin using extractive ammonia (EA) pretreatment of corn stover (CS) is known to improve biomass conversion efficiency during enzymatic hydrolysis. In this study, we investigated the effect of alkali-soluble lignin on six purified core glycosyl hydrolases and their enzyme synergies, adopting 31 enzyme combinations derived by a five-component simplex centroid model, during EA-CS hydrolysis. Hydrolysis experiment was carried out using EA-CS(−) (approx. 40% lignin removed during EA pretreatment) and EA-CS(+) (where no lignin was extracted). Enzymatic hydrolysis experiments were done at three different enzyme mass loadings (7.5, 15 and 30 mg protein g−1 glucan), using a previously developed high-throughput microplate-based protocol, and the sugar yields of glucose and xylose were detected. The optimal enzyme combinations (based on % protein mass loading) of six core glycosyl hydrolases for EA-CS(−) and EA-CS(+) were determined that gave high sugar conversion. The inhibition of lignin on optimal enzyme ratios was studied, by adding fixed amount of alkali-soluble lignin fractions to EA-CS(−), and pure Avicel, beechwood xylan and evaluating their sugar conversion. The optimal enzyme ratios that gave higher sugar conversion for EA-CS(−) were CBH I: 27.2–28.2%, CBH II: 18.2–22.2%, EG I: 29.2–34.3%, EX: 9.0–14.1%, βX: 7.2–10.2%, βG: 1.0–5.0% (at 7.5–30 mg g−1 protein mass loading). Endoglucanase was inhibited to a greater extent than other core cellulases and xylanases by lignin during enzyme hydrolysis. We also found that alkali-soluble lignin inhibits cellulase more strongly than hemicellulase during the course of enzyme hydrolysis."
7745202,33259186,"Nanoscale Infrared Spectroscopy and Chemometrics Enable'], b'Dete': [b'ion of Intracellular Protein Distribution",2020,[],9,"{'xyr1': 0, 'ace3': 0, 'cbh1': 0, 'cellulase': 0, 'reesei': 0}",5.506032031499436,Analytical Chemistry,10.1021/acs.analchem.0c02228,"['V. D. dos Santos, A. Catarina', 'Heydenreich, Rosa', 'Derntl, Christian', 'Mach-Aigner, Astrid R.', 'Mach, Robert L.', 'Ramer, Georg', 'Lendl, Bernhard']",
8359064,34384463,CAZymes from the thermophilic fungus Thermoascus aurantiacus are induced by C5 and C6 sugars,2021,"['cazy', 'filamentous fungi', 'thermoascus aurantiacus', 'transcriptomics', 'cellulase gene expression']",5,"{'xyr1': 2, 'ace3': 0, 'cbh1': 0, 'cellulase': 30, 'reesei': 10}",8.144658242831882,Biotechnology for Biofuels,10.1186/s13068-021-02018-5,"['Gabriel, Raphael', 'Mueller, Rebecca', 'Floerl, Lena', 'Hopson, Cynthia', 'Harth, Simon', 'Schuerg, Timo', 'Fleissner, Andre', 'Singer, Steven W.']","Filamentous fungi are excellent lignocellulose degraders, which they achieve through producing carbohydrate active enzymes (CAZymes). CAZyme production is highly orchestrated and gene expression analysis has greatly expanded understanding of this important biotechnological process. The thermophilic fungus Thermoascus aurantiacus secretes highly active thermostable enzymes that enable saccharifications at higher temperatures; however, the genome-wide measurements of gene expression in response to CAZyme induction are not understood."
5331742,28245812,Molecular and catalytic properties of fungal extracellular cellobiose dehydrogenase produced in prokaryotic and eukaryotic expression systems,2017,"['aspergillus niger', 'cellobiose dehydrogenase', 'cofactor loading', 'escherichia coli', 'glycoforms', 'heterologous expression', 'pichia pastoris', 'trichoderma reesei']",15,"{'xyr1': 0, 'ace3': 0, 'cbh1': 0, 'cellulase': 0, 'reesei': 0}",5.763765653509921,Microbial Cell Factories,10.1186/s12934-017-0653-5,"['Ma, Su', 'Preims, Marita', 'Piumi, François', 'Kappel, Lisa', 'Seiboth, Bernhard', 'Record, Eric', 'Kracher, Daniel', 'Ludwig, Roland']","Cellobiose dehydrogenase (CDH) is an extracellular enzyme produced by lignocellulolytic fungi. cdh gene expression is high in cellulose containing media, but relatively low CDH concentrations are found in the supernatant of fungal cultures due to strong binding to cellulose. Therefore, heterologous expression of CDH in Pichia pastoris was employed in the last 15 years, but the obtained enzymes were over glycosylated and had a reduced specific activity."
10442046,37676626,Multiple functions of SWI/SNF chromatin remodeling complex in plant-pathogen interactions,2021,"['chromatin remodeling', 'swi/snf complex', 'transcription', 'splicing', 'dna damage repair', 'plant-pathogen interaction']",7,"{'xyr1': 2, 'ace3': 0, 'cbh1': 0, 'cellulase': 3, 'reesei': 3}",6.714245517666122,Stress Biology,10.1007/s44154-021-00019-w,"['Jian, Yunqing', 'Shim, Won-Bo', 'Ma, Zhonghua']","The SWI/SNF chromatin remodeling complex utilizes the energy of ATP hydrolysis to facilitate chromatin access and plays essential roles in DNA-based events. Studies in animals, plants and fungi have uncovered sophisticated regulatory mechanisms of this complex that govern development and various stress responses. In this review, we summarize the composition of SWI/SNF complex in eukaryotes and discuss multiple functions of the SWI/SNF complex in regulating gene transcription, mRNA splicing, and DNA damage response. Our review further highlights the importance of SWI/SNF complex in regulating plant immunity responses and fungal pathogenesis. Finally, the potentials in exploiting chromatin remodeling for management of crop disease are presented."
4652331,26634214,"Optimization of Arundo donax Saccharification by (Hemi)cellulolytic Enzymes from Pleurotus ostreatus'], b'",2015,[],2,"{'xyr1': 0, 'ace3': 0, 'cbh1': 0, 'cellulase': 0, 'reesei': 0}",3.2587342684001683,BioMed Research International,10.1155/2015/951871,"['Liguori, Rossana', 'Ionata, Elena', 'Marcolongo, Loredana', 'Vandenberghe, Luciana Porto de Souza', 'La Cara, Francesco', 'Faraco, Vincenza']","An enzymatic mixture of cellulases and xylanases was produced by Pleurotus ostreatus using microcrystalline cellulose as inducer, partially characterized and tested in the statistical analysis of Arundo donax bioconversion. The Plackett-Burman screening design was applied to identify the most significant parameters for the enzymatic hydrolysis of pretreated A. donax. As the most significant influence during the enzymatic hydrolysis of A. donax was exercised by the temperature (°C), pH, and time, the combined effect of these factors in the bioconversion by P. ostreatus cellulase and xylanase was analyzed by a 33 factorial experimental design. It is worth noting that the best result of 480.10 mg of sugars/gds, obtained at 45°C, pH 3.5, and 96 hours of incubation, was significant also when compared with the results previously reached by process optimization with commercial enzymes."
11611025,39628517,Constitutive overexpression of cellobiohydrolase 2 in Trichoderma reesei reveals its ability to initiate cellulose degradation,2023,"['trichoderma reesei', 'cellobiohydrolase 2', 'constitutive overexpression', 'cellulose degradation', 'cellulase induction']",2,"{'xyr1': 1, 'ace3': 0, 'cbh1': 21, 'cellulase': 44, 'reesei': 49}",8.909893083770042,Engineering Microbiology,10.1016/j.engmic.2022.100059,"['Wang, Yubo', 'Ren, Meibin', 'Wang, Yifan', 'Wang, Lu', 'Liu, Hong', 'Shi, Mei', 'Zhong, Yaohua']",•Overexpression of cbh2 with different constitutive promoters in Trichoderma reesei.•Cellobiohydrolase 2 promotes the early-stage expression of major cellulase genes.•Cellobiohydrolase 2 contributes to the initiation of cellulose degradation.
4620465,26463163,"Direct Target Network of the Neurospora crassa Plant Cell Wall Deconstruction Regulators CLR-1, CLR-2, and XLR-1",2015,[],0,"{'xyr1': 4, 'ace3': 0, 'cbh1': 0, 'cellulase': 37, 'reesei': 6}",4.940837927531856,mBio,10.1128/mBio.01452-15,"['Craig, James P.', 'Coradetti, Samuel T.', 'Starr, Trevor L.', 'Glass, N. Louise', 'Turgeon, B. Gillian']","Fungal deconstruction of the plant cell requires a complex orchestration of a wide array of intracellular and extracellular enzymes. In Neurospora crassa, CLR-1, CLR-2, and XLR-1 have been identified as key transcription factors regulating plant cell wall degradation in response to soluble sugars. The XLR-1 regulon was defined using a constitutively active mutant allele, resulting in hemicellulase gene expression and secretion under noninducing conditions. To define genes directly regulated by CLR-1, CLR-2, and XLR-1, we performed chromatin immunoprecipitation and next-generation sequencing (ChIPseq) on epitope-tagged constructs of these three transcription factors. When N. crassa is exposed to plant cell wall material, CLR-1, CLR-2, and XLR-1 individually bind to the promoters of the most strongly induced genes in their respective regulons. These include promoters of genes encoding cellulases for CLR-1 and CLR-2 (CLR-1/CLR-2) and promoters of genes encoding hemicellulases for XLR-1. CLR-1 bound to its regulon under noninducing conditions; however, this binding alone did not translate into gene expression and enzyme secretion. Motif analysis of the bound genes revealed conserved DNA binding motifs, with the CLR-2 motif matching that of its closest paralog in Saccharomyces cerevisiae, Gal4p. Coimmunoprecipitation studies showed that CLR-1 and CLR-2 act in a homocomplex but not as a CLR-1/CLR-2 heterocomplex."
8548487,34777932,Trends in biological data integration for the selection of enzymes and transcription factors related to cellulose and hemicellulose degradation in fungi,2021,"['fungi', 'bioinformatics', 'biotechnology', 'data integration', 'bioprocesses']",0,"{'xyr1': 0, 'ace3': 0, 'cbh1': 0, 'cellulase': 0, 'reesei': 0}",2.584962500721156,3 Biotech,10.1007/s13205-021-03032-y,"['Filho, Jaire A. Ferreira', 'Rosolen, Rafaela R.', 'Almeida, Deborah A.', 'de Azevedo, Paulo Henrique C.', 'Motta, Maria Lorenza L.', 'Aono, Alexandre H.', 'dos Santos, Clelton A.', 'Horta, Maria Augusta C.', 'de Souza, Anete P.']","Fungi are key players in biotechnological applications. Although several studies focusing on fungal diversity and genetics have been performed, many details of fungal biology remain unknown, including how cellulolytic enzymes are modulated within these organisms to allow changes in main plant cell wall compounds, cellulose and hemicellulose, and subsequent biomass conversion. With the advent and consolidation of DNA/RNA sequencing technology, different types of information can be generated at the genomic, structural and functional levels, including the gene expression profiles and regulatory mechanisms of these organisms, during degradation-induced conditions. This increase in data generation made rapid computational development necessary to deal with the large amounts of data generated. In this context, the origination of bioinformatics, a hybrid science integrating biological data with various techniques for information storage, distribution and analysis, was a fundamental step toward the current state-of-the-art in the postgenomic era. The possibility of integrating biological big data has facilitated exciting discoveries, including identifying novel mechanisms and more efficient enzymes, increasing yields, reducing costs and expanding opportunities in the bioprocess field. In this review, we summarize the current status and trends of the integration of different types of biological data through bioinformatics approaches for biological data analysis and enzyme selection."
8315967,33893114,Integrative Analysis of Selected Metabolites and the Fungal Transcriptome during the Developmental Cycle of Ganoderma lucidum Strain G0119 Correlates Lignocellulose Degradation with Carbohydrate and Triterpenoid Metabolism,2021,"['ganoderma lucidum', 'lignocellulose', 'carbohydrate', 'triterpenoid']",0,"{'xyr1': 0, 'ace3': 0, 'cbh1': 0, 'cellulase': 0, 'reesei': 0}",2.584962500721156,Applied and Environmental Microbiology,10.1128/AEM.00533-21,"['Zhou, Shuai', 'Zhang, Xiaoyu', 'Ma, Fuying', 'Xie, Shangxian', 'Tang, Chuanhong', 'Tang, Qingjiu', 'Zhang, Jingsong', 'Cann, Isaac']","To systemically understand the biosynthetic pathways of bioactive substances, including triterpenoids and polysaccharides, in Ganoderma lucidum, the correlation between substrate degradation and carbohydrate and triterpenoid metabolism during growth was analyzed by combining changes in metabolite content and changes in related enzyme expression in G. lucidum over 5 growth phases. Changes in low-polarity triterpenoid content were correlated with changes in glucose and mannitol contents in fruiting bodies. Additionally, changes in medium-polarity triterpenoid content were correlated with changes in the lignocellulose content of the substrate and with the glucose, trehalose, and mannitol contents of fruiting bodies. Weighted gene coexpression network analysis (WGCNA) indicated that changes in trehalose and polyol contents were related to carbohydrate catabolism and polysaccharide synthesis. Changes in triterpenoid content were related to expression of the carbohydrate catabolic enzymes laccase, cellulase, hemicellulase, and polysaccharide synthase and to the expression of several cytochrome P450 monooxygenases (CYPs). It was concluded that the products of cellulose and hemicellulose degradation participate in polyol, trehalose, and polysaccharide synthesis during initial fruiting body formation. These carbohydrates accumulate in the early phase of fruiting body formation and are utilized when the fruiting bodies mature and a large number of spores are ejected. An increase in carbohydrate metabolism provides additional precursors for the synthesis of triterpenoids."
3599271,23432824,Comparative transcriptomics reveals different strategies of Trichoderma mycoparasitism,2013,"['hypocrea', 't. atroviride', 't. virens', 't. reesei', 'mycoparasitism', 'gene expression', 'biocontrol', 'transcriptomics']",0,"{'xyr1': 0, 'ace3': 0, 'cbh1': 0, 'cellulase': 0, 'reesei': 0}",1.8073549220576042,BMC Genomics,10.1186/1471-2164-14-121,"['Atanasova, Lea', 'Crom, Stephane Le', 'Gruber, Sabine', 'Coulpier, Fanny', 'Seidl-Seiboth, Verena', 'Kubicek, Christian P', 'Druzhinina, Irina S']","Trichoderma is a genus of mycotrophic filamentous fungi (teleomorph Hypocrea) which possess a bright variety of biotrophic and saprotrophic lifestyles. The ability to parasitize and/or kill other fungi (mycoparasitism) is used in plant protection against soil-borne fungal diseases (biological control, or biocontrol). To investigate mechanisms of mycoparasitism, we compared the transcriptional responses of cosmopolitan opportunistic species and powerful biocontrol agents Trichoderma atroviride and T. virens with tropical ecologically restricted species T. reesei during confrontations with a plant pathogenic fungus Rhizoctonia solani."
7391575,32727458,Constructing a novel expression system by specific activation of amylase expression pathway in Penicillium,2020,"['expression system', 'promoter', 'transcription factor', 'amylase expression', 'penicillium oxalicum']",0,"{'xyr1': 0, 'ace3': 0, 'cbh1': 0, 'cellulase': 0, 'reesei': 0}",2.4447848426728958,Microbial Cell Factories,10.1186/s12934-020-01410-4,"['Pi, Changyu', 'Zhang, Zhe', 'Xiang, Boyu', 'Tian, Hongwei', 'Liao, Qinzhen', 'Chen, Yu', 'Xia, Liqiu', 'Hu, Yibo', 'Hu, Shengbiao']","Filamentous fungi have long been used as hosts for the production of proteins, enzymes and valuable products in various biotechnological applications. However, recombinant proteins are expressed with highly secreted host proteins when stronger promoters are used under inducing conditions. In addition, the efficiency of target protein expression can be limited by the application of constitutive promoters in recently developed filamentous fungal expression systems."
11121469,38791210,Unveiling a Microexon Switch: Novel Regulation of the Activities of Sugar Assimilation and Plant-Cell-Wall-Degrading Xylanases and Cellulases by Xlr2 in Trichoderma virens,2024,"['alternative splicing', 'cellulase', 'microexons', 'plant symbiosis', 'solid-state fermentation (ssf)', 'submerged fermentation (smf)', 'transcription factor', 'xylanase']",0,"{'xyr1': 0, 'ace3': 0, 'cbh1': 0, 'cellulase': 0, 'reesei': 0}",3.169925001442312,International Journal of Molecular Sciences,10.3390/ijms25105172,"['Castañeda-Casasola, Cynthia Coccet', 'Nieto-Jacobo, María Fernanda', 'Soares, Amanda', 'Padilla-Padilla, Emir Alejandro', 'Anducho-Reyes, Miguel Angel', 'Brown, Chris', 'Soth, Sereyboth', 'Esquivel-Naranjo, Edgardo Ulises', 'Hampton, John', 'Mendoza-Mendoza, Artemio', 'Capasso, Clemente']","Functional microexons have not previously been described in filamentous fungi. Here, we describe a novel mechanism of transcriptional regulation in Trichoderma requiring the inclusion of a microexon from the Xlr2 gene. In low-glucose environments, a long mRNA including the microexon encodes a protein with a GAL4-like DNA-binding domain (Xlr2-α), whereas in high-glucose environments, a short mRNA that is produced encodes a protein lacking this DNA-binding domain (Xlr2-β). Interestingly, the protein isoforms differ in their impact on cellulase and xylanase activity. Deleting the Xlr2 gene reduced both xylanase and cellulase activity and growth on different carbon sources, such as carboxymethylcellulose, xylan, glucose, and arabinose. The overexpression of either Xlr2-α or Xlr2-β in T. virens showed that the short isoform (Xlr2-β) caused higher xylanase activity than the wild types or the long isoform (Xlr2-α). Conversely, cellulase activity did not increase when overexpressing Xlr2-β but was increased with the overexpression of Xlr2-α. This is the first report of a novel transcriptional regulation mechanism of plant-cell-wall-degrading enzyme activity in T. virens. This involves the differential expression of a microexon from a gene encoding a transcriptional regulator."
4864837,27226765,Recent Progress on Systems and Synthetic Biology Approaches to Engineer Fungi As Microbial Cell Factories,2016,"['systems biology', 'synthetic biology', 'fungal engineering', 'regulatory networks', 'synthetic promoters.']",0,"{'xyr1': 3, 'ace3': 1, 'cbh1': 2, 'cellulase': 45, 'reesei': 22}",5.614709844115208,Current Genomics,10.2174/1389202917666151116212255,"['Amores, Gerardo Ruiz', 'Guazzaroni, María-Eugenia', 'Arruda, Letícia Magalhães', 'Silva-Rocha, Rafael']","Filamentous fungi are remarkable organisms naturally specialized in deconstructing plant'], b'biom': [b's and this feature has a tremendous potential for biofuel production from renewable sources.'], b'The': [b'st decades have been marked by a remarkable progress in the genetic engineering of fungi to'], b'gene': [b'te industry-compatible strains needed for some biotech applications. In this sense, progress in', b'te systems with increasing complexity, as long as sufficient'], b'this': [b'ield has been marked by the utilization of high-throughput techniques to gain deep understanding'], b'of t': [b' molecular machinery controlling the physiology of these organisms, starting thus the Systems', b' most promising candidates for starting each strategy are given, such as fungi and thermophilic bacteria for the native approach and'], b'Biol': [b'y era of fungi. Additionally, genetic engineering has been extensively applied to modify wellcharacterized'], b'prom': [b'ers in order to construct new expression systems with enhanced performance under the conditions of', b'er architecture in the single-cell behavior of the system, an often-neglected relationship with a tremendous impact'], b'inte': [b'st. In this review, we discuss some aspects related to significant progress in the understating and engineering of'], b'fung': [b'for biotechnological applications, with special focus on the construction of synthetic promoters and circuits in organisms'], b'rele': [b'nt for industry. Different engineering approaches are shown, and their potential and limitations for the construction'], b'of c': [b'plex synthetic circuits in these organisms are examined. Finally, we discuss the impact of engineered'], b'in t': [b' final performance of the process of interest. We expect to provide here some new directions to drive future research'], b'dire': [b'ed to the construction of high-performance, engineered fungal strains working as microbial cell factories."
5264264,28123349,Metadata Analysis of Phanerochaete chrysosporium Gene Expression Data Identified Common CAZymes Encoding Gene Expression Profiles Involved in Cellulose and Hemicellulose Degradation,2017,"['phanerochaete chrysosporium', 'transcriptome', 'lignocellulose', 'gene expression omnibus (geo)', 'geo2r', 'bioconductor', 'carbohydrate active enzyme database (cazy).']",0,"{'xyr1': 4, 'ace3': 0, 'cbh1': 1, 'cellulase': 27, 'reesei': 15}",5.156504485679991,International Journal of Biological Sciences,10.7150/ijbs.17390,"['Kameshwar, Ayyappa Kumar Sista', 'Qin, Wensheng']","In literature, extensive studies have been conducted on popular wood degrading white rot fungus, Phanerochaete chrysosporium about its lignin degrading mechanisms compared to the cellulose and hemicellulose degrading abilities. This study delineates cellulose and hemicellulose degrading mechanisms through large scale metadata analysis of P. chrysosporium gene expression data (retrieved from NCBI GEO) to understand the common expression patterns of differentially expressed genes when cultured on different growth substrates. Genes encoding glycoside hydrolase classes commonly expressed during breakdown of cellulose such as GH-5,6,7,9,44,45,48 and hemicellulose are GH-2,8,10,11,26,30,43,47 were found to be highly expressed among varied growth conditions including simple customized and complex natural plant biomass growth mediums. Genes encoding carbohydrate esterase class enzymes CE (1,4,8,9,15,16) polysaccharide lyase class enzymes PL-8 and PL-14, and glycosyl transferases classes GT (1,2,4,8,15,20,35,39,48) were differentially expressed in natural plant biomass growth mediums. Based on these results, P. chrysosporium, on natural plant biomass substrates was found to express lignin and hemicellulose degrading enzymes more than cellulolytic enzymes except GH-61 (LPMO) class enzymes, in early stages. It was observed that the fate of P. chrysosporium transcriptome is significantly affected by the wood substrate provided. We believe, the gene expression findings in this study plays crucial role in developing genetically efficient microbe with effective cellulose and hemicellulose degradation abilities."
5874446,29623069,A Highly Efficient Xylan-Utilization System in Aspergillus niger An76: A Functional-Proteomics Study,2018,"['xylan-degrading isoenzyme', 'sugar transporter', 'transcription activator xlnr', 'aspergillus niger an76', 'xylan']",0,"{'xyr1': 1, 'ace3': 0, 'cbh1': 0, 'cellulase': 2, 'reesei': 4}",3.2820353677638496,Frontiers in Microbiology,10.3389/fmicb.2018.00430,"['Gong, Weili', 'Dai, Lin', 'Zhang, Huaiqiang', 'Zhang, Lili', 'Wang, Lushan']","Xylan constituted with β-1,4-D-xylose linked backbone and diverse substituted side-chains is the most abundant hemicellulose component of biomass, which can be completely and rapidly degraded into fermentable sugars by Aspergillus niger. This is of great value for obtaining renewable biofuels and biochemicals. To clarify the underlying mechanisms associated with highly efficient xylan degradation, assimilation, and metabolism by A. niger, we utilized functional proteomics to analyze the secreted proteins, sugar transporters, and intracellular proteins of A. niger An76 grown on xylan-based substrates. Results demonstrated that the complete xylanolytic enzyme system required for xylan degradation and composed of diverse isozymes was secreted in a sequential order. Xylan-backbone-degrading enzymes were preferentially induced by xylose or other soluble sugars, which efficiently produced large amounts of xylooligosaccharides (XOS) and xylose; however, XOS was more efficient than xylose in triggering the expression of the key transcription activator XlnR, resulting in higher xylanase activity and shortening xylanase-production time. Moreover, the substituted XOS was responsible for improving the abundance of side-chain-degrading enzymes, specific transporters, and key reductases and dehydrogenases in the pentose catabolic pathway. Our findings indicated that industries might be able to improve the species and concentrations of xylan-degrading enzymes and shorten fermentation time by adding abundant intermediate products of natural xylan (XOS) to cultures of filamentous fungi."
4525703,26257821,Orchestration of Morphogenesis in Filamentous Fungi: Conserved Roles for Ras Signaling Networks,2015,"['ras', 'fungal development', 'fungal pathogenesis', 'fungal virulence', 'signal transduction', 'hyphal morphogenesis']",0,"{'xyr1': 0, 'ace3': 0, 'cbh1': 0, 'cellulase': 0, 'reesei': 0}",1.9475325801058645,Fungal biology reviews,10.1016/j.fbr.2015.04.003,"['Fortwendel, Jarrod R.']","Filamentous fungi undergo complex developmental programs including conidial germination, polarized morphogenesis, and differentiation of sexual and asexual structures. For many fungi, the coordinated completion of development is required for pathogenicity, as specialized morphological structures must be produced by the invading fungus. Ras proteins are highly conserved GTPase signal transducers and function as major regulators of growth and development in eukaryotes. Filamentous fungi typically express two Ras homologues, comprising distinct groups of Ras1-like and Ras2-like proteins based on sequence homology. Recent evidence suggests shared roles for both Ras1 and Ras2 homologues, but also supports the existence of unique functions in the areas of stress response and virulence. This review focuses on the roles played by both Ras protein groups during growth, development, and pathogenicity of a diverse array of filamentous fungi."
3751045,23924507,Characterization of erythrose reductases from filamentous fungi,2013,"['trichoderma reesei', 'aspergillus niger', 'fusarium graminearum', 'erythrose reductase', 'erythritol']",0,"{'xyr1': 1, 'ace3': 0, 'cbh1': 0, 'cellulase': 5, 'reesei': 45}",4.857980995127572,AMB Express,10.1186/2191-0855-3-43,"['Jovanović, Birgit', 'Mach, Robert L', 'Mach-Aigner, Astrid R']","Proteins with putative erythrose reductase activity have been identified in the filamentous fungi Trichoderma reesei, Aspergillus niger, and Fusarium graminearum by in silico analysis. The proteins found in T. reesei and A. niger had earlier been characterized as glycerol dehydrogenase and aldehyde reductase, respectively. Corresponding genes from all three fungi were cloned, heterologously expressed in Escherichia coli, and purified. Subsequently, they were used to establish optimal enzyme assay conditions. All three enzymes strictly require NADPH as cofactor, whereas with NADH no activity could be observed. The enzymatic characterization of the three enzymes using ten substrates revealed high substrate specificity and activity with D-erythrose and D-threose. The enzymes from T. reesei and A. niger herein showed comparable activities, whereas the one from F. graminearum reached only about a tenth of it for all tested substrates. In order to proof in vivo the proposed enzyme function, we overexpressed the erythrose reductase-encoding gene in T. reesei. An increased production of erythritol by the recombinant strain compared to the parental strain could be detected."
5307856,28196534,Comparative genomics reveals high biological diversity and specific adaptations in the industrially and medically important fungal genus Aspergillus,2017,"['aspergillus', 'genome sequencing', 'comparative genomics', 'fungal biology']",0,"{'xyr1': 0, 'ace3': 0, 'cbh1': 0, 'cellulase': 0, 'reesei': 0}",2.1154772174199357,Genome Biology,10.1186/s13059-017-1151-0,"['de Vries, Ronald P.', 'Riley, Robert', 'Wiebenga, Ad', 'Aguilar-Osorio, Guillermo', 'Amillis, Sotiris', 'Uchima, Cristiane Akemi', 'Anderluh, Gregor', 'Asadollahi, Mojtaba', 'Askin, Marion', 'Barry, Kerrie', 'Battaglia, Evy', 'Bayram, Özgür', 'Benocci, Tiziano', 'Braus-Stromeyer, Susanna A.', 'Caldana, Camila', 'Cánovas, David', 'Cerqueira, Gustavo C.', 'Chen, Fusheng', 'Chen, Wanping', 'Choi, Cindy', 'Clum, Alicia', 'dos Santos, Renato Augusto Corrêa', 'Damásio, André Ricardo de Lima', 'Diallinas, George', 'Emri, Tamás', 'Fekete, Erzsébet', 'Flipphi, Michel', 'Freyberg, Susanne', 'Gallo, Antonia', 'Gournas, Christos', 'Habgood, Rob', 'Hainaut, Matthieu', 'Harispe, María Laura', 'Henrissat, Bernard', 'Hildén, Kristiina S.', 'Hope, Ryan', 'Hossain, Abeer', 'Karabika, Eugenia', 'Karaffa, Levente', 'Karányi, Zsolt', 'Kraševec, Nada', 'Kuo, Alan', 'Kusch, Harald', 'LaButti, Kurt', 'Lagendijk, Ellen L.', 'Lapidus, Alla', 'Levasseur, Anthony', 'Lindquist, Erika', 'Lipzen, Anna', 'Logrieco, Antonio F.', 'MacCabe, Andrew', 'Mäkelä, Miia R.', 'Malavazi, Iran', 'Melin, Petter', 'Meyer, Vera', 'Mielnichuk, Natalia', 'Miskei, Márton', 'Molnár, Ákos P.', 'Mulé, Giuseppina', 'Ngan, Chew Yee', 'Orejas, Margarita', 'Orosz, Erzsébet', 'Ouedraogo, Jean Paul', 'Overkamp, Karin M.', 'Park, Hee-Soo', 'Perrone, Giancarlo', 'Piumi, Francois', 'Punt, Peter J.', 'Ram, Arthur F. J.', 'Ramón, Ana', 'Rauscher, Stefan', 'Record, Eric', 'Riaño-Pachón, Diego Mauricio', 'Robert, Vincent', 'Röhrig, Julian', 'Ruller, Roberto', 'Salamov, Asaf', 'Salih, Nadhira S.', 'Samson, Rob A.', 'Sándor, Erzsébet', 'Sanguinetti, Manuel', 'Schütze, Tabea', 'Sepčić, Kristina', 'Shelest, Ekaterina', 'Sherlock, Gavin', 'Sophianopoulou, Vicky', 'Squina, Fabio M.', 'Sun, Hui', 'Susca, Antonia', 'Todd, Richard B.', 'Tsang, Adrian', 'Unkles, Shiela E.', 'van de Wiele, Nathalie', 'van Rossen-Uffink, Diana', 'Oliveira, Juliana Velasco de Castro', 'Vesth, Tammi C.', 'Visser, Jaap', 'Yu, Jae-Hyuk', 'Zhou, Miaomiao', 'Andersen, Mikael R.', 'Archer, David B.', 'Baker, Scott E.', 'Benoit, Isabelle', 'Brakhage, Axel A.', 'Braus, Gerhard H.', 'Fischer, Reinhard', 'Frisvad, Jens C.', 'Goldman, Gustavo H.', 'Houbraken, Jos', 'Oakley, Berl', 'Pócsi, István', 'Scazzocchio, Claudio', 'Seiboth, Bernhard', 'vanKuyk, Patricia A.', 'Wortman, Jennifer', 'Dyer, Paul S.', 'Grigoriev, Igor V.']","The fungal genus Aspergillus is of critical importance to humankind. Species include those with industrial applications, important pathogens of humans, animals and crops, a source of potent carcinogenic contaminants of food, and an important genetic model. The genome sequences of eight aspergilli have already been explored to investigate aspects of fungal biology, raising questions about evolution and specialization within this genus."
9781776,36547648,The Sugar Metabolic Model of Aspergillus niger Can Only Be Reliably Transferred to Fungi of Its Phylum,2022,"['sugar catabolism', 'orthology-based approach', 'metabolism network', 'transcriptome analysis']",0,"{'xyr1': 0, 'ace3': 0, 'cbh1': 0, 'cellulase': 0, 'reesei': 0}",2.747233929620033,Journal of Fungi,10.3390/jof8121315,"['Li, Jiajia', 'Chroumpi, Tania', 'Garrigues, Sandra', 'Kun, Roland S.', 'Meng, Jiali', 'Salazar-Cerezo, Sonia', 'Aguilar-Pontes, Maria Victoria', 'Zhang, Yu', 'Tejomurthula, Sravanthi', 'Lipzen, Anna', 'Ng, Vivian', 'Clendinen, Chaevien S.', 'Tolić, Nikola', 'Grigoriev, Igor V.', 'Tsang, Adrian', 'Mäkelä, Miia R.', 'Snel, Berend', 'Peng, Mao', 'de Vries, Ronald P.', 'Liu, Long']","Fungi play a critical role in the global carbon cycle by degrading plant polysaccharides to small sugars and metabolizing them as carbon and energy sources. We mapped the well-established sugar metabolic network of Aspergillus niger to five taxonomically distant species (Aspergillus nidulans, Penicillium subrubescens, Trichoderma reesei, Phanerochaete chrysosporium and Dichomitus squalens) using an orthology-based approach. The diversity of sugar metabolism correlates well with the taxonomic distance of the fungi. The pathways are highly conserved between the three studied Eurotiomycetes (A. niger, A. nidulans, P. subrubescens). A higher level of diversity was observed between the T. reesei and A. niger, and even more so for the two Basidiomycetes. These results were confirmed by integrative analysis of transcriptome, proteome and metabolome, as well as growth profiles of the fungi growing on the corresponding sugars. In conclusion, the establishment of sugar pathway models in different fungi revealed the diversity of fungal sugar conversion and provided a valuable resource for the community, which would facilitate rational metabolic engineering of these fungi as microbial cell factories."
4030981,24970208,Microbial Enzymes: Tools for Biotechnological Processes,2014,"['biocatalysis', 'industrial enzymes', 'microbial hosts', 'protein engineering']",0,"{'xyr1': 0, 'ace3': 0, 'cbh1': 0, 'cellulase': 0, 'reesei': 0}",1.874469117916141,Biomolecules,10.3390/biom4010117,"['Adrio, Jose L.', 'Demain, Arnold L.']","Microbial enzymes are of great importance in the development of industrial bioprocesses. Current applications are focused on many different markets including pulp and paper, leather, detergents and textiles, pharmaceuticals, chemical, food and beverages, biofuels, animal feed and personal care, among others. Today there is a need for new, improved or/and more versatile enzymes in order to develop more novel, sustainable and economically competitive production processes. Microbial diversity and modern molecular techniques, such as metagenomics and genomics, are being used to discover new microbial enzymes whose catalytic properties can be improved/modified by different strategies based on rational, semi-rational and random directed evolution. Most industrial enzymes are recombinant forms produced in bacteria and fungi."
7084071,32111691,The regulatory and transcriptional landscape associated with carbon utilization in a filamentous fungus,2020,"['transcriptional networks', 'plant biomass deconstruction', 'nutrient sensing', 'dap-seq', 'rna-seq']",0,"{'xyr1': 0, 'ace3': 0, 'cbh1': 0, 'cellulase': 0, 'reesei': 0}",2.4447848426728958,Proceedings of the National Academy of Sciences of the United States of America,10.1073/pnas.1915611117,"['Wu, Vincent W.', 'Thieme, Nils', 'Huberman, Lori B.', 'Dietschmann, Axel', 'Kowbel, David J.', 'Lee, Juna', 'Calhoun, Sara', 'Singan, Vasanth R.', 'Lipzen, Anna', 'Xiong, Yi', 'Monti, Remo', 'Blow, Matthew J.', 'O’Malley, Ronan C.', 'Grigoriev, Igor V.', 'Benz, J. Philipp', 'Glass, N. Louise']","Microorganisms have evolved signaling networks to identify and prioritize utilization of carbon sources. For fungi that degrade plant biomass, such as Neurospora crassa, signaling networks dictate the metabolic response to carbon sources present in plant cell walls, resulting in optimal utilization of nutrient sources. However, within a fungal colony, regulatory hierarchies associated with activation of transcription factors and temporal and spatial production of proteins for plant biomass utilization are unclear. Here, we perform expression profiling of N. crassa on simple sugars to complex carbohydrates to identify regulatory factors and direct targets of regulatory transcription factors using DNA affinity purification sequencing (DAP-seq). These findings will enable more precise tailoring of metabolic networks in filamentous fungi for the production of second-generation biofuels."
4950808,27437031,RNAseq reveals hydrophobins that are involved in the adaptation of Aspergillus nidulans to lignocellulose,2016,"['fungi', 'biofilm', 'hydrophobin', 'hydrolytic enzymes', 'sugarcane bagasse']",0,"{'xyr1': 0, 'ace3': 0, 'cbh1': 0, 'cellulase': 0, 'reesei': 0}",2.027480736422107,Biotechnology for Biofuels,10.1186/s13068-016-0558-2,"['Brown, Neil Andrew', 'Ries, Laure N. A.', 'Reis, Thaila F.', 'Rajendran, Ranjith', 'Corrêa dos Santos, Renato Augusto', 'Ramage, Gordon', 'Riaño-Pachón, Diego Mauricio', 'Goldman, Gustavo H.']","Sugarcane is one of the world’s most profitable crops. Waste steam-exploded sugarcane bagasse (SEB) is a cheap, abundant, and renewable lignocellulosic feedstock for the next-generation biofuels. In nature, fungi seldom exist as planktonic cells, similar to those found in the nutrient-rich environment created within an industrial fermenter. Instead, fungi predominantly form biofilms that allow them to thrive in hostile environments."
4757592,26888202,Fungal-mediated consolidated bioprocessing: the potential of Fusarium oxysporum for the lignocellulosic ethanol industry,2016,"['bioethanol', 'fungi', 'fusarium', 'consolidated bioprocessing', 'lignocellulose']",0,"{'xyr1': 0, 'ace3': 0, 'cbh1': 0, 'cellulase': 0, 'reesei': 0}",2.027480736422107,AMB Express,10.1186/s13568-016-0185-0,"['Ali, Shahin S.', 'Nugent, Brian', 'Mullins, Ewen', 'Doohan, Fiona M.']","Microbial bioprocessing of lignocellulose to bioethanol still poses challenges in terms of substrate catabolism. The most important challenge is to overcome substrate recalcitrance and to thus reduce the number of steps needed to biorefine lignocellulose. Conventionally, conversion involves chemical pretreatment of lignocellulose, followed by hydrolysis of biomass to monomer sugars that are subsequently fermented into bioethanol. Consolidated bioprocessing (CBP) has been suggested as an efficient and economical method of manufacturing bioethanol from lignocellulose. CBP integrates the hydrolysis and fermentation steps into a single process, thereby significantly reducing the amount of steps in the biorefining process. Filamentous fungi are remarkable organisms that are naturally specialised in deconstructing plant biomass and thus they have tremendous potential as components of CBP. The fungus Fusarium oxysporum has potential for CBP of lignocellulose to bioethanol. Here we discuss the complexity and potential of CBP, the bottlenecks in the process, and the potential influence of fungal genetic diversity, substrate complexity and new technologies on the efficacy of CPB of lignocellulose, with a focus on F. oxysporum."
6153651,30078136,Protein hyperproduction in fungi by design,2018,"['enzyme', 'protein', 'hyperproduction', 'secretion', 'biodesign', 'fungi', 'biotechnology']",0,"{'xyr1': 0, 'ace3': 0, 'cbh1': 0, 'cellulase': 5, 'reesei': 7}",3.740240726199067,Applied Microbiology and Biotechnology,10.1007/s00253-018-9265-1,"['Baker, Scott E.']","The secretion of enzymes used by fungi to digest their environment has been exploited by humans for centuries for food and beverage production. More than a century after the first biotechnology patent, we know that the enzyme cocktails secreted by these amazing organisms have tremendous use across a number of industrial processes. Secreting the maximum titer of enzymes is critical to the economic feasibility of these processes. Traditional mutagenesis and screening approaches have generated the vast majority of strains used by industry for the production of enzymes. Until the emergence of economical next generation DNA sequencing platforms, the majority of the genes mutated in these screens remained uncharacterized at the sequence level. In addition, mutagenesis comes with a cost to an organism’s fitness, making tractable rational strain design approaches an attractive alternative. As an alternative to traditional mutagenesis and screening, controlled manipulation of multiple genes involved in processes that impact the ability of a fungus to sense its environment, regulate transcription of enzyme-encoding genes, and efficiently secrete these proteins will allow for rational design of improved fungal protein production strains."
9746306,36374019,Preassembled Cas9 Ribonucleoprotein-Mediated Gene Deletion Identifies the Carbon Catabolite Repressor and Its Target Genes in Coprinopsis cinerea,2022,"['carbon catabolite repression', 'genome editing', 'mushroom-forming fungi', 'cazymes', 'transcription factors (tfs)', 'split-marker', 'transporters']",0,"{'xyr1': 0, 'ace3': 0, 'cbh1': 0, 'cellulase': 0, 'reesei': 0}",2.747233929620033,Applied and Environmental Microbiology,10.1128/aem.00940-22,"['Pareek, Manish', 'Hegedüs, Botond', 'Hou, Zhihao', 'Csernetics, Árpád', 'Wu, Hongli', 'Virágh, Máté', 'Sahu, Neha', 'Liu, Xiao-Bin', 'Nagy, László', 'Druzhinina, Irina S.']","Cre1 is an important transcription factor that regulates carbon catabolite repression (CCR) and is widely conserved across fungi. The cre1 gene has been extensively studied in several Ascomycota species, whereas its role in gene expression regulation in the Basidiomycota species remains poorly understood. Here, we identified and investigated the role of cre1 in Coprinopsis cinerea, a basidiomycete model mushroom that can efficiently degrade lignocellulosic plant wastes. We used a rapid and efficient gene deletion approach based on PCR-amplified split-marker DNA cassettes together with in vitro assembled Cas9-guide RNA ribonucleoproteins (Cas9 RNPs) to generate C. cinerea cre1 gene deletion strains. Gene expression profiling of two independent C. cinerea cre1 mutants showed significant deregulation of carbohydrate metabolism, plant cell wall degrading enzymes (PCWDEs), plasma membrane transporter-related and several transcription factor-encoding genes, among others. Our results support the notion that, like reports in the ascomycetes, Cre1 of C. cinerea orchestrates CCR through a combined regulation of diverse genes, including PCWDEs, transcription factors that positively regulate PCWDEs, and membrane transporters which could import simple sugars that can induce the expression of PWCDEs. Somewhat paradoxically, though in accordance with other Agaricomycetes, genes related to lignin degradation were mostly downregulated in cre1 mutants, indicating they fall under different regulation than other PCWDEs. The gene deletion approach and the data presented here will expand our knowledge of CCR in the Basidiomycota and provide functional hypotheses on genes related to plant biomass degradation."
8256616,34225772,Harnessing microbial wealth for lignocellulose biomass valorization through secretomics: a review,2021,"['depolymerization', 'lignocelluloses', 'proteomics', 'secretomics', 'metasecretomics', 'glycoside hydrolases', 'enzyme cocktails']",0,"{'xyr1': 0, 'ace3': 0, 'cbh1': 0, 'cellulase': 0, 'reesei': 0}",2.584962500721156,Biotechnology for Biofuels,10.1186/s13068-021-02006-9,"['Sethupathy, Sivasamy', 'Morales, Gabriel Murillo', 'Li, Yixuan', 'Wang, Yongli', 'Jiang, Jianxiong', 'Sun, Jianzhong', 'Zhu, Daochen']","The recalcitrance of lignocellulosic biomass is a major constraint to its high-value use at industrial scale. In nature, microbes play a crucial role in biomass degradation, nutrient recycling and ecosystem functioning. Therefore, the use of microbes is an attractive way to transform biomass to produce clean energy and high-value compounds. The microbial degradation of lignocelluloses is a complex process which is dependent upon multiple secreted enzymes and their synergistic activities. The availability of the cutting edge proteomics and highly sensitive mass spectrometry tools make possible for researchers to probe the secretome of microbes and microbial consortia grown on different lignocelluloses for the identification of hydrolytic enzymes of industrial interest and their substrate-dependent expression. This review summarizes the role of secretomics in identifying enzymes involved in lignocelluloses deconstruction, the development of enzyme cocktails and the construction of synthetic microbial consortia for biomass valorization, providing our perspectives to address the current challenges."
7589932,33096850,Influence of Different Light Regimes on the Mycoparasitic Activity and 6-Pentyl-α-pyrone Biosynthesis in Two Strains of Trichoderma atroviride,2020,"['trichoderma atroviride', 'mycoparasitism', 'secondary metabolites', '6-pentyl-α-pyrone', 'tmk3 map kinase', 'light', 'dark']",0,"{'xyr1': 0, 'ace3': 0, 'cbh1': 0, 'cellulase': 0, 'reesei': 0}",2.4447848426728958,Pathogens,10.3390/pathogens9100860,"['Moreno-Ruiz, Dubraska', 'Fuchs, Alessandro', 'Missbach, Kristina', 'Schuhmacher, Rainer', 'Zeilinger, Susanne']","The ascomycete Trichoderma atroviride is well known for its mycoparasitic lifestyle. Similar to other organisms, light is an important cue for T. atroviride. However, besides triggering of conidiation, little is known on the physiological responses of T. atroviride to light. In this study, we analyzed how cultivation under different light wavelengths and regimes impacted the behavior of two T. atroviride wild-type strains: IMI206040 and P1. While colony extension of both strains was slightly affected by light, massive differences in their photoconidation responses became evident. T. atroviride P1 colonies conidiated under all conditions tested including growth in complete darkness, while IMI206040 required white, blue or green light to trigger asexual reproduction. Interestingly, deletion of the stress-activated MAP kinase-encoding gene tmk3 abolished the ability of strain P1 to conidiate in red and yellow light as well as in darkness. Furthermore, light-dependent differences in the mycoparasitic activity and in the biosynthesis of the secondary metabolite 6-pentyl-α-pyrone (6-PP) became evident. 6-PP production was highest upon dark incubation, while light, especially exposure to white light as light/dark cycles, had an inhibitory effect on its biosynthesis. We conclude that the response of T. atroviride to light is strain-dependent and impacts differentiation, mycoparasitism, and 6-PP production; hence, this should be considered in experiments testing the mycoparasitic activity of these fungi."
9869559,36691040,The Weimberg pathway: an alternative for Myceliophthora thermophila to utilize d-xylose,2023,"['myceliophthora', 'd-xylose', 'd-xylose dehydrogenase', 'weimberg pathway', '1,2,4‐butanetriol']",0,"{'xyr1': 0, 'ace3': 0, 'cbh1': 0, 'cellulase': 0, 'reesei': 0}",2.9385994553358565,Biotechnology for Biofuels and Bioproducts,10.1186/s13068-023-02266-7,"['Liu, Defei', 'Zhang, Yongli', 'Li, Jingen', 'Sun, Wenliang', 'Yao, Yonghong', 'Tian, Chaoguang']","With d-xylose being the second most abundant sugar in nature, its conversion into products could significantly improve biomass-based process economy. There are two well-studied phosphorylative pathways for d-xylose metabolism. One is isomerase pathway mainly found in bacteria, and the other one is oxo-reductive pathway that always exists in fungi. Except for these two pathways, there are also non-phosphorylative pathways named xylose oxidative pathways and they have several advantages over traditional phosphorylative pathways. In Myceliophthora thermophila, d-xylose can be metabolized through oxo-reductive pathway after plant biomass degradation. The survey of non-phosphorylative pathways in this filamentous fungus will offer a potential way for carbon-efficient production of fuels and chemicals using d-xylose."
5743704,29312413,Simultaneous Silencing of Xylanase Genes in Botrytis cinerea,2017,"['endo-xylanase', 'multiple gene silencing', 'rnai', 'botrytis cinerea', 'virulence']",0,"{'xyr1': 1, 'ace3': 0, 'cbh1': 0, 'cellulase': 6, 'reesei': 2}",3.369233809665719,Frontiers in Plant Science,10.3389/fpls.2017.02174,"['García, Néstor', 'González, Mario A.', 'González, Celedonio', 'Brito, Nélida']","The endo-β-1,4-xylanase BcXyn11A is one of several plant cell-wall degrading enzymes that the phytopathogenic fungus Botrytis cinerea secretes during interaction with its hosts. In addition to its enzymatic activity, this protein also acts as an elicitor of the defense response in plants and has been identified as a virulence factor. In the present work, other four endoxylanase coding genes (Bcxyn11B, Bcxyn11C, Bcxyn10A, and Bcxyn10B) were identified in the B. cinerea genome and the expression of all five genes was analyzed by Q-RT- PCR in vitro and in planta. A cross-regulation between xylanase genes was identified analyzing their expression pattern in the ΔBcxyn11A mutant strain and a putative BcXyn11A-dependt induction of Bcxyn10B gene was found. In addition, multiple knockdown strains were obtained for the five endoxylanase genes by transformation of B. cinerea with a chimeric DNA construct composed of 50-nt sequences from the target genes. The silencing of each xylanase gene was analyzed in axenic cultures and during infection and the results showed that the efficiency of the multiple silencing depends on the growth conditions and on the cross-regulation between them. Although the simultaneous silencing of the five genes was observed by Q-RT-PCR when the silenced strains were grown on medium supplemented with tomato extract, the endoxylanase activity measured in the supernatants was reduced only by 40%. Unexpectedly, the silenced strains overexpressed the Bcxyn11A and Bcxyn11C genes during the infection of tomato leaves, making difficult the analysis of the role of the endo-β-1,4-xylanases in the virulence of the fungus."
8256007,34168079,The F-box protein gene exo-1 is a target for reverse engineering enzyme hypersecretion in filamentous fungi,2021,"['f-box proteins', 'fungal biotechnology', 'neurospora crassa', 'enzyme hypersecretion', 'cazyme gene regulation']",0,"{'xyr1': 0, 'ace3': 0, 'cbh1': 0, 'cellulase': 0, 'reesei': 0}",2.584962500721156,Proceedings of the National Academy of Sciences of the United States of America,10.1073/pnas.2025689118,"['Gabriel, Raphael', 'Thieme, Nils', 'Liu, Qian', 'Li, Fangya', 'Meyer, Lisa T.', 'Harth, Simon', 'Jecmenica, Marina', 'Ramamurthy, Maya', 'Gorman, Jennifer', 'Simmons, Blake A.', 'McCluskey, Kevin', 'Baker, Scott E.', 'Tian, Chaoguang', 'Schuerg, Timo', 'Singer, Steven W.', 'Fleißner, André', 'Benz, J. Philipp']","Lignocellulose-based biorefinery relies on plant cell wall degrading enzymes. Current genome editing methods can create fungal enzyme hypersecreter strains by design. However, the identification of candidate genes for targeted engineering of this trait remains a bottleneck, and the necessity of specific inducer molecules further complicates production. By the resequencing of a classical hypersecreting Neurospora crassa mutant, we uncovered that mutation of a gene encoding an F-box protein (exo-1) causes inducer-independent hypersecretion of amylases, invertase, and pectinases. Systems biology and genetic studies of Δexo-1 shed light on the regulation of enzyme secretion in filamentous fungi, allowing targeted reverse engineering of industrially employed fungi, such as Myceliophthora thermophila, demonstrating the power of classical mutants in combination with modern sequencing and omics technologies."
4461149,27667900,A modified expression of the major hydrolase activator in Hypocrea jecorina (Trichoderma reesei) changes enzymatic catalysis of biopolymer degradation,2011,"['trichoderma reesei', 'hypocrea jecorina', 'biopolymer degradation', 'hydrolases', '(hemi)cellulases', 'xyr1']",0,"{'xyr1': 24, 'ace3': 0, 'cbh1': 3, 'cellulase': 12, 'reesei': 2}",4.422532035825768,Catalysis Today,10.1016/j.cattod.2010.12.038,"['Pucher, Marion E.', 'Steiger, Matthias G.', 'Mach, Robert L.', 'Mach-Aigner, Astrid R.']","Hypocrea jecorina (anamorph Trichoderma reesei) is a saprophytic fungus that produces hydrolases, which are applied in different types of industries and used for the production of biofuel. A recombinant Hypocrea strain, which constantly expresses the main transcription activator of hydrolases (Xylanase regulator 1), was found to grow faster on xylan and its monomeric backbone molecule d-xylose. This strain also showed improved ability of clearing xylan medium on plates. Furthermore, this strain has a changed transcription profile concerning genes encoding for hydrolases and enzymes associated with degradation of (hemi)celluloses. We demonstrated that enzymes of this strain from a xylan cultivation favoured break down of hemicelluloses to the monomer d-xylose compared to the parental strain, while the enzymes of the latter one formed more xylobiose. Applying supernatants from cultivation on carboxymethylcellulose in enzymatic conversion of hemicelluloses, the enzymes of the recombinant strain were clearly producing more of both, d-xylose and xylobiose, compared to the parental strain. Altogether, these results point to a changed hydrolase expression profile, an enhanced capability to form the xylan-monomer d-xylose and the assumption that there is a disordered induction pattern if the Xylanase regulator 1 is de-regulated in Hypocrea."
11205114,38921393,A Multiomics Perspective on Plant Cell Wall-Degrading Enzyme Production: Insights from the Unexploited Fungus Trichoderma erinaceum,2024,"['trichoderma', 'hydrolysis', 'lignocellulose', 'multiomics', 'beta-glucosidase']",0,"{'xyr1': 0, 'ace3': 0, 'cbh1': 0, 'cellulase': 0, 'reesei': 0}",3.169925001442312,Journal of Fungi,10.3390/jof10060407,"['de Assis, Michelle A.', 'da Silva, Jovanderson J. B.', 'de Carvalho, Lucas M.', 'Parreiras, Lucas S.', 'Cairo, João Paulo L. F.', 'Marone, Marina P.', 'Gonçalves, Thiago A.', 'Silva, Desireé S.', 'Dantzger, Miriam', 'de Figueiredo, Fernanda L.', 'Carazzolle, Marcelo F.', 'Pereira, Gonçalo A. G.', 'Damasio, André', 'Neiman, Aaron']","Trichoderma erinaceum is a filamentous fungus that was isolated from decaying sugarcane straw at a Brazilian ethanol biorefinery. This fungus shows potential as a source of plant cell wall-degrading enzymes (PCWDEs). In this study, we conducted a comprehensive multiomics investigation of T. erinaceum to gain insights into its enzymatic capabilities and genetic makeup. Firstly, we performed genome sequencing and assembly, which resulted in the identification of 10,942 genes in the T. erinaceum genome. We then conducted transcriptomics and secretome analyses to map the gene expression patterns and identify the enzymes produced by T. erinaceum in the presence of different substrates such as glucose, microcrystalline cellulose, pretreated sugarcane straw, and pretreated energy cane bagasse. Our analyses revealed that T. erinaceum highly expresses genes directly related to lignocellulose degradation when grown on pretreated energy cane and sugarcane substrates. Furthermore, our secretome analysis identified 35 carbohydrate-active enzymes, primarily PCWDEs. To further explore the enzymatic capabilities of T. erinaceum, we selected a β-glucosidase from the secretome data for recombinant production in a fungal strain. The recombinant enzyme demonstrated superior performance in degrading cellobiose and laminaribiose compared to a well-known enzyme derived from Trichoderma reesei. Overall, this comprehensive study provides valuable insights into both the genetic patterns of T. erinaceum and its potential for lignocellulose degradation and enzyme production. The obtained genomic data can serve as an important resource for future genetic engineering efforts aimed at optimizing enzyme production from this fungus."
10141939,37118827,Genome-wide analysis reveals Hsf1 maintains high transcript abundance of target genes controlled by strong constitutive promoter in Saccharomyces cerevisiae,2023,"['transcription factor hsf1', 'heat shock protein', 'rna-seq', 'transcription level', 'upr', 'ethyl acetate']",0,"{'xyr1': 0, 'ace3': 0, 'cbh1': 0, 'cellulase': 0, 'reesei': 0}",2.9385994553358565,Biotechnology for Biofuels and Bioproducts,10.1186/s13068-023-02322-2,"['Cui, Danyao', 'Liu, Ling', 'Sun, Lijing', 'Lin, Xue', 'Lin, Liangcai', 'Zhang, Cuiying']","In synthetic biology, the strength of promoter elements is the basis for precise regulation of target gene transcription levels, which in turn increases the yield of the target product. However, the results of many researches proved that excessive transcription levels of target genes actually reduced the yield of the target product. This phenomenon has been found in studies using different microorganisms as chassis cells, thus, it becomes a bottleneck problem to improve the yield of the target product."
12112898,40422730,Act1 out of Action: Identifying Reliable Reference Genes in Trichoderma reesei for Gene Expression Analysis,2025,"['reference gene', 'actin', 'gene expression analysis', 'rt-qpcr', 'trichoderma reesei']",0,"{'xyr1': 0, 'ace3': 0, 'cbh1': 0, 'cellulase': 0, 'reesei': 0}",3.4594316186372973,Journal of Fungi,10.3390/jof11050396,"['Danner, Caroline', 'Karpenko, Yuriy', 'Mach, Robert L.', 'Mach-Aigner, Astrid R.', 'François, Jean Marie']","Trichoderma reesei is a well-established industrial enzyme producer and has been the subject of extensive research for various applications. The basis of many research studies is the analysis of gene expression, specifically with RT-qPCR, which requires stable reference genes for normalization to yield reliable results. Yet the commonly used reference genes, act1 and sar1, were initially chosen based on reports from the literature rather than systematic validation, raising concerns about their stability. Thus, properly evaluated reference genes for T. reesei are lacking. In this study, five potentially new reference genes were identified by analyzing publicly available transcriptome datasets of the T. reesei strains QM6a and Rut-C30. Their expression stability was then evaluated under relevant cultivation conditions using RT-qPCR and analyzed with RefFinder. The two most stable candidate reference genes were further validated by normalizing the expression of the well-characterized gene cbh1 and comparing the results to those obtained using act1 and sar1. Additionally, act1 and sar1 were normalized against the new reference genes to assess the variability in their expression. All five new reference genes exhibited a more stable expression than act1 and sar1. Both in silico and RT-qPCR analysis ranked the so far uncharacterized gene, bzp1, as the most stable. Further, we found that act1 and sar1 have strain- and condition-dependent expression variability, suggesting that they are unsuitable as universal reference genes in T. reesei. Based on these results, we propose to use the combination of bzp1 and tpc1 for the normalization in RT-qPCR analysis instead of act1 and sar1."
8743023,34841640,"'], b'lncRsp1, a long noncoding RNA, influences Fgsp1 expression and sexual reproduction in Fusarium graminearum', b'c toggle=""yes"">lncRsp1, a long noncoding RNA located +99 bp upstream of a putative sugar transporter gene Fgsp1, can affect the release of ascospores by regulating the expression of Fgsp1 in Fusarium graminearum.', b'c toggle=""no"">lncRsp1, a long noncoding RNA, influences Fgsp1 expression and sexual reproduction in Fusarium graminearum', b'c toggle=""yes"">F. graminearum (teleomorph Gibberella zeae) is a globally distributed causal agent of Fusarium head blight (FHB) of cereal crops worldwide, especially of wheat (Goswami & Kistler, 2004; Leslie & Summerell, 2006). In addition to the yield losses caused by the infection of cereal spikelets, F. graminearum can also produce harmful mycotoxins, including deoxynivalenol (DON) and zearalenone (ZEA), which are extremely toxic to humans and livestock (Audenaert et al., 2014; Desjardins, 1996; Zhang et al., 2016). In the disease cycle of FHB, ascospores (sexual spores) and conidia (asexual spores) play a critical role in primary and secondary infection, respectively (Guenther & Trail, 2005; Trail, 2007). Under favourable environmental conditions, F. graminearum spreads rapidly and causes severe grain yield losses. Thus, perithecium formation, ascospore production, and ascospore discharge play crucial roles in the infection cycle of F. graminearum. Several genes are involved in the process of sexual reproduction, including conserved signal transduction pathways, protein kinases, transcription factors, and other genes with diverse functions (Geng et al., 2014; Hou et al., 2002; Hu et al., 2014; Son et al., 2011, 2013; Wang et al., 2011; Yun et al., 2015). In most cases, the disruption of these genes causes sexual development to be stopped or delayed at certain specific stages. For instance, mgv1 and Gpmk1 deletion mutants are female sterile and fail to reproduce perithecia, whereas GEA1 and MID1 are known to be important for ascospore release in F. graminearum (Cavinder et al., 2011; Hou et al., 2002; Jenczmionka et al., 2003; Son et al., 2013). However, lncRNAs involved in the regulation of sexual reproduction have rarely been studied. The identification and functional characterization of lncRNA mutants would provide comprehensive insight into the regulatory mechanisms underlying the sexual development of filamentous fungi.",2021,"['don production', 'fgsp1', 'fusarium graminearum', 'long noncoding rna', 'sexual reproduction']",0,"{'xyr1': 2, 'ace3': 0, 'cbh1': 0, 'cellulase': 1, 'reesei': 2}",3.4594316186372973,Molecular Plant Pathology,10.1111/mpp.13160,"['Wang, Jie', 'Zeng, Wenping', 'Cheng, Jiasen', 'Xie, Jiatao', 'Fu, Yanping', 'Jiang, Daohong', 'Lin, Yang']","Long noncoding RNAs (lncRNAs) are crucial regulators of gene expression in many biological processes, but their biological functions remain largely unknown, especially in fungi. Fusarium graminearum is an important pathogen that causes the destructive disease Fusarium head blight (FHB) or head scab disease on wheat and barley. In our previous RNA sequencing (RNA‐Seq) study, we discovered that lncRsp1 is an lncRNA that is located +99 bp upstream of a putative sugar transporter gene, Fgsp1, with the same transcription direction. Functional studies revealed that ΔlncRsp1 and ΔFgsp1 were normal in growth and conidiation but had defects in ascospore discharge and virulence on wheat coleoptiles. Moreover, lncRsp1 and Fgsp1 were shown to negatively regulate the expression of several deoxynivalenol (DON) biosynthesis genes, TRI4, TRI5, TRI6, and TRI13, as well as DON production. Further analysis showed that the overexpression of lncRsp1 enhanced the ability of ascospore release and increased the mRNA expression level of the Fgsp1 gene, while lncRsp1‐silenced strains reduced ascospore discharge and inhibited Fgsp1 expression during the sexual reproduction stage. In addition, the lncRsp1 complementary strains lncRsp1‐LC‐1 and lncRsp1‐LC‐2 restored ascospore discharge to the level of the wild‐type strain PH‐1. Taken together, our results reveal the distinct and specific functions of lncRsp1 and Fgsp1 in F. graminearum and principally demonstrate that lncRsp1 can affect the release of ascospores by regulating the expression of Fgsp1."
3127718,21531825,"Identification of Mycoparasitism-Related Genes in Trichoderma atroviride'], b'▿', b'ref-type=""fn"" rid=""FN1"">†', b'ref-type=""fn"" rid=""FN3"">‡'], b'",2011,[],0,"{'xyr1': 0, 'ace3': 0, 'cbh1': 0, 'cellulase': 0, 'reesei': 0}",1.6880559936852597,Applied and Environmental Microbiology,10.1128/AEM.00129-11,"['Reithner, Barbara', 'Ibarra-Laclette, Enrique', 'Mach, Robert L.', 'Herrera-Estrella, Alfredo']","A high-throughput sequencing approach was utilized to carry out a comparative transcriptome analysis of Trichoderma atroviride IMI206040 during mycoparasitic interactions with the plant-pathogenic fungus Rhizoctonia solani. In this study, transcript fragments of 7,797 Trichoderma genes were sequenced, 175 of which were host responsive. According to the functional annotation of these genes by KOG (eukaryotic orthologous groups), the most abundant group during direct contact was “metabolism.” Quantitative reverse transcription (RT)-PCR confirmed the differential transcription of 13 genes (including swo1, encoding an expansin-like protein; axe1, coding for an acetyl xylan esterase; and homologs of genes encoding the aspartyl protease papA and a trypsin-like protease, pra1) in the presence of R. solani. An additional relative gene expression analysis of these genes, conducted at different stages of mycoparasitism against Botrytis cinerea and Phytophthora capsici, revealed a synergistic transcription of various genes involved in cell wall degradation. The similarities in expression patterns and the occurrence of regulatory binding sites in the corresponding promoter regions suggest a possible analog regulation of these genes during the mycoparasitism of T. atroviride. Furthermore, a chitin- and distance-dependent induction of pra1 was demonstrated."
8146680,33924947,The Small GTPases in Fungal Signaling Conservation and Function,2021,"['small gtpases', 'ras', 'rho', 'rab', 'ran', 'arf', 'miro', 'brg', 'fungi']",0,"{'xyr1': 0, 'ace3': 0, 'cbh1': 0, 'cellulase': 0, 'reesei': 0}",2.584962500721156,Cells,10.3390/cells10051039,"['Dautt-Castro, Mitzuko', 'Rosendo-Vargas, Montserrat', 'Casas-Flores, Sergio', 'Tang, Bor Luen']","Monomeric GTPases, which belong to the Ras superfamily, are small proteins involved in many biological processes. They are fine-tuned regulated by guanine nucleotide exchange factors (GEFs) and GTPase-activating proteins (GAPs). Several families have been identified in organisms from different kingdoms. Overall, the most studied families are Ras, Rho, Rab, Ran, Arf, and Miro. Recently, a new family named Big Ras GTPases was reported. As a general rule, the proteins of all families have five characteristic motifs (G1–G5), and some specific features for each family have been described. Here, we present an exhaustive analysis of these small GTPase families in fungi, using 56 different genomes belonging to different phyla. For this purpose, we used distinct approaches such as phylogenetics and sequences analysis. The main functions described for monomeric GTPases in fungi include morphogenesis, secondary metabolism, vesicle trafficking, and virulence, which are discussed here. Their participation during fungus–plant interactions is reviewed as well."
5847190,29368217,Inducer-independent production of pectinases in Aspergillus niger by overexpression of the D-galacturonic acid-responsive transcription factor gaaR,2018,"['transcriptome', 'exoproteome', 'gene regulation', 'transcription factor localization', 'gfp fluorescence', 'transcription factor concentration']",0,"{'xyr1': 3, 'ace3': 0, 'cbh1': 0, 'cellulase': 2, 'reesei': 3}",3.386058432307078,Applied Microbiology and Biotechnology,10.1007/s00253-018-8753-7,"['Alazi, Ebru', 'Knetsch, Tim', 'Di Falco, Marcos', 'Reid, Ian D.', 'Arentshorst, Mark', 'Visser, Jaap', 'Tsang, Adrian', 'Ram, Arthur F. J.']","The transcription factor GaaR is needed for the expression of genes required for pectin degradation and transport and catabolism of the main degradation product, D-galacturonic acid (GA) in Aspergillus niger. In this study, we used the strong constitutive gpdA promoter of Aspergillus nidulans to overexpress gaaR in A. niger. Overexpression of gaaR resulted in an increased transcription of the genes encoding pectinases, (putative) GA transporters, and catabolic pathway enzymes even under non-inducing conditions, i.e., in the absence of GA. Exoproteome analysis of a strain overexpressing gaaR showed that this strain secretes highly elevated levels of pectinases when grown in fructose. The genes encoding exo-polygalacturonases were found to be subjected to CreA-mediated carbon catabolite repression, even in the presence of fructose. Deletion of creA in the strain overexpressing gaaR resulted in a further increase in pectinase production in fructose. We showed that GaaR localizes mainly in the nucleus regardless of the presence of an inducer, and that overexpression of gaaR leads to an increased concentration of GaaR in the nucleus."
8928461,35308334,"The Transcription Factor VpxlnR Is Required for the Growth, Development, and Virulence of the Fungal Pathogen Valsa pyri",2022,"['fungi', 'transcription factor', 'pear pathogens', 'virulence', 'stress']",0,"{'xyr1': 0, 'ace3': 0, 'cbh1': 0, 'cellulase': 1, 'reesei': 1}",3.169925001442312,Frontiers in Microbiology,10.3389/fmicb.2022.784686,"['He, Feng', 'Kange, Alex-Machio', 'Yang, Jie', 'Xiao, Jiaxin', 'Wang, Rongbo', 'Yang, Lu', 'Jia, Yifan', 'Fu, Zheng Qing', 'Zhao, Yancun', 'Liu, Fengquan']","Pears (Pyrus sp.) are widely cultivated in China, and their yield accounts for more than 60% of global pear production. The fungal pathogen Valsa pyri is a major causal agent of pear canker disease, which results in enormous losses of pear production in northern China. In this study, we characterized a Zn2Cys6 transcription factor that contains one GAL4 domain and a fungal-trans domain, which are present in VpxlnR. The vpxlnR gene expression was upregulated in the invasion stage of V. pyri. To investigate its functions, we constructed gene deletion mutants and complementary strains. We observed that the growth of the vpxlnR mutants was reduced on potato dextrose agar (PDA), Czapek plus glucose or sucrose compared with that of the wild-type strain. Additionally, vpxlnR mutants exhibited loss of function in fruiting body formation. Moreover, vpxlnR mutants were more susceptible to hydrogen peroxide (H2O2) and salicylic acid (SA) and were reduced in their virulence at the early infection stage. According to a previous study, VpxlnR-interacting motifs containing NRHKGNCCGM were searched in the V. pyri genome, and we obtained 354 target genes, of which 148 genes had Clusters of Orthologous Groups (COG) terms. PHI-BLAST was used to identify virulence-related genes, and we found 28 hits. Furthermore, eight genes from the 28 PHI-BLAST hits were further assessed by yeast one-hybrid (Y1H) assays, and five target genes, salicylate hydroxylase (VP1G_09520), serine/threonine-protein kinase (VP1G_03128), alpha-xylosidase (VP1G_06369), G-protein beta subunit (VP1G_02856), and acid phosphatase (VP1G_03782), could interact with VpxlnR in vivo. Their transcript levels were reduced in one or two vpxlnR mutants. Taken together, these findings imply that VpxlnR is a key regulator of growth, development, stress, and virulence through controlling genes involved in signaling pathways and extracellular enzyme activities in V. pyri. The motifs interacting with VpxlnR also provide new insights into the molecular mechanism of xlnR proteins."
4704632,26691463,"Determination of lytic enzyme activities of indigenous'], b'Trichoderma isolates from Pakistan",2015,"['lytic enzymes', 'mycoparasitic activity', 'rhizoctonia solani', 'trichoderma']",0,"{'xyr1': 0, 'ace3': 0, 'cbh1': 0, 'cellulase': 1, 'reesei': 2}",2.4780472968046445,Brazilian Journal of Microbiology,10.1590/S1517-838246420140787,"['Asad, Saeed Ahmad', 'Tabassum, Ayesha', 'Hameed, Abdul', 'Hassan, Fayyaz ul', 'Afzal, Aftab', 'Khan, Sabaz Ali', 'Ahmed, Rafiq', 'Shahzad, Muhammad']","This study investigated lytic enzyme activities in three indigenous'], b'Tric': [b'derma harzianum and Trichoderma sp. Native', b'derma harzianum and Trichoderma sp.) isolated from'], b'sola': [b' isolated from infected bean plants were also included in the', b' mycelia), medium C (1.0 g of deactivated respective antagonist', b' (Weindling, 1932).', b' were collected by centrifugation (3000 x g) for', b')"
5609067,28947916,Network reconstruction and systems analysis of plant cell wall deconstruction by Neurospora crassa,2017,"['biofuels', 'systems biology', 'neurospora crassa', 'network reconstruction', 'plant cell wall degradation network', 'transcriptional regulatory networks', 'clr-2', 'mannan']",0,"{'xyr1': 0, 'ace3': 0, 'cbh1': 0, 'cellulase': 0, 'reesei': 0}",2.1154772174199357,Biotechnology for Biofuels,10.1186/s13068-017-0901-2,"['Samal, Areejit', 'Craig, James P.', 'Coradetti, Samuel T.', 'Benz, J. Philipp', 'Eddy, James A.', 'Price, Nathan D.', 'Glass, N. Louise']","Plant biomass degradation by fungal-derived enzymes is rapidly expanding in economic importance as a clean and efficient source for biofuels. The ability to rationally engineer filamentous fungi would facilitate biotechnological applications for degradation of plant cell wall polysaccharides. However, incomplete knowledge of biomolecular networks responsible for plant cell wall deconstruction impedes experimental efforts in this direction."
6073530,30041456,Colletotrichum higginsianum as a Model for Understanding Host–Pathogen Interactions: A Review,2018,"['arabidopsis', 'colletotrichum higginsianum', 'genomics', 'hemibiotrophic infection', 'plant–fungal interactions', 'virulence factors']",0,"{'xyr1': 0, 'ace3': 0, 'cbh1': 0, 'cellulase': 0, 'reesei': 0}",2.2129937233341983,International Journal of Molecular Sciences,10.3390/ijms19072142,"['Yan, Yaqin', 'Yuan, Qinfeng', 'Tang, Jintian', 'Huang, Junbin', 'Hsiang, Tom', 'Wei, Yangdou', 'Zheng, Lu']","Colletotrichum higginsianum is a hemibiotrophic ascomycetous fungus that causes economically important anthracnose diseases on numerous monocot and dicot crops worldwide. As a model pathosystem, the Colletotrichum–Arabidopsis interaction has the significant advantage that both organisms can be manipulated genetically. The goal of this review is to provide an overview of the system and to point out recent significant studies that update our understanding of the pathogenesis of C. higginsianum and resistance mechanisms of Arabidopsis against this hemibiotrophic fungus. The genome sequence of C. higginsianum has provided insights into how genome structure and pathogen genetic variability has been shaped by transposable elements, and allows systematic approaches to longstanding areas of investigation, including infection structure differentiation and fungal–plant interactions. The Arabidopsis-Colletotrichum pathosystem provides an integrated system, with extensive information on the host plant and availability of genomes for both partners, to illustrate many of the important concepts governing fungal–plant interactions, and to serve as an excellent starting point for broad perspectives into issues in plant pathology."
8313289,34114741,"Blocking utilization of major plant biomass polysaccharides leads Aspergillus'], b'niger towards utilization of minor components",2021,[],0,"{'xyr1': 0, 'ace3': 0, 'cbh1': 0, 'cellulase': 0, 'reesei': 0}",2.584962500721156,Microbial Biotechnology,10.1111/1751-7915.13835,"['Kun, Roland S.', 'Garrigues, Sandra', 'Di Falco, Marcos', 'Tsang, Adrian', 'de Vries, Ronald P.']","Fungi produce a wide range of enzymes that allow them to grow on diverse plant biomass. Wheat bran is a low‐cost substrate with high potential for biotechnological applications. It mainly contains cellulose and (arabino)xylan, as well as starch, proteins, lipids and lignin to a lesser extent. In this study, we dissected the regulatory network governing wheat bran degradation in Aspergillus niger to assess the relative contribution of the regulators to the utilization of this plant biomass substrate. Deletion of genes encoding transcription factors involved in (hemi‐)cellulose utilization (XlnR, AraR, ClrA and ClrB) individually and in combination significantly reduced production of polysaccharide‐degrading enzymes, but retained substantial growth on wheat bran. Proteomic analysis suggested the ability of A. niger to grow on other carbon components, such as starch, which was confirmed by the additional deletion of the amylolytic regulator AmyR. Growth was further reduced but not impaired, indicating that other minor components provide sufficient energy for residual growth, displaying the flexibility of A. niger, and likely other fungi, in carbon utilization. Better understanding of the complexity and flexibility of fungal regulatory networks will facilitate the generation of more efficient fungal cell factories that use plant biomass as a substrate."
11847360,39987148,Discovery of a novel translation-machinery-associated protein that positively correlates with cellulase production,2025,"['cellulases', 'cycloheximide', 'transcription', 'transcription factor', 'translation', 'translation elongation']",0,"{'xyr1': 11, 'ace3': 0, 'cbh1': 7, 'cellulase': 64, 'reesei': 11}",7.622051819456376,Biotechnology for Biofuels and Bioproducts,10.1186/s13068-025-02624-7,"['Ma, Kexuan', 'Zhang, Panpan', 'Zhao, Jian', 'Qin, Yuqi']","The production of cellulases by filamentous fungi is a crucial aspect of sustainable bioproduction from renewable lignocellulosic biomass. Following the transcription of cellulase genes in the nucleus, a complex pathway involving translation, folding, and secretion is required to produce extracellular cellulases. Most studies about cellulase production have focused on examining transcriptional regulatory mechanisms and enhancement of enzyme gene levels; comparatively, little is known about protein translation and secretion for cellulase production."
3219568,22008461,Transcriptome analysis of Aspergillus niger grown on sugarcane bagasse,2011,[],0,"{'xyr1': 0, 'ace3': 0, 'cbh1': 0, 'cellulase': 0, 'reesei': 0}",1.6880559936852597,Biotechnology for Biofuels,10.1186/1754-6834-4-40,"['de Souza, Wagner R', 'de Gouvea, Paula F', 'Savoldi, Marcela', 'Malavazi, Iran', 'de Souza Bernardes, Luciano A', 'Goldman, Maria Helena S', 'de Vries, Ronald P', 'de Castro Oliveira, Juliana V', 'Goldman, Gustavo H']","Considering that the costs of cellulases and hemicellulases contribute substantially to the price of bioethanol, new studies aimed at understanding and improving cellulase efficiency and productivity are of paramount importance. Aspergillus niger has been shown to produce a wide spectrum of polysaccharide hydrolytic enzymes. To understand how to improve enzymatic cocktails that can hydrolyze pretreated sugarcane bagasse, we used a genomics approach to investigate which genes and pathways are transcriptionally modulated during growth of A. niger on steam-exploded sugarcane bagasse (SEB)."
11508783,39452649,Genomic Characterization and Establishment of a Genetic Manipulation System for Trichoderma sp. (Harzianum Clade) LZ117,2024,"['trichoderma sp. lz117', 't. atrobrunneum', 'whole genome sequencing (wgs)', 'genetic manipulation', 'cellulase production']",0,"{'xyr1': 0, 'ace3': 0, 'cbh1': 0, 'cellulase': 0, 'reesei': 0}",3.169925001442312,Journal of Fungi,10.3390/jof10100697,"['Yang, Jie', 'Reyes Loaiciga, Cristopher', 'Yue, Hou-Ru', 'Hou, Ya-Jing', 'Li, Jun', 'Li, Cheng-Xi', 'Li, Jing', 'Zou, Yue', 'Zhao, Shuai', 'Zhang, Feng-Li', 'Zhao, Xin-Qing', 'Melchers, Willem JG']","Trichoderma species have been reported as masters in producing cellulolytic enzymes for the biodegradation of lignocellulolytic biomass and biocontrol agents against plant pathogens and pests. In our previous study, a novel Trichoderma strain LZ117, which shows potent capability in cellulase production, was isolated. Herein, we conducted multilocus phylogenetic analyses based on DNA barcodes and performed time-scaled phylogenomic analyses using the whole genome sequences of the strain, annotated by integrating transcriptome data. Our results suggest that this strain represents a new species closely related to T. atrobrunneum (Harzianum clade). Genes encoding carbohydrate-active enzymes (CAZymes), transporters, and secondary metabolites were annotated and predicted secretome in Trichoderma sp. LZ117 was also presented. Furthermore, genetic manipulation of this strain was successfully achieved using PEG-mediated protoplast transformation. A putative transporter gene encoding maltose permease (Mal1) was overexpressed, which proved that this transporter does not affect cellulase production. Moreover, overexpressing the native Cre1 homolog in LZ117 demonstrated a more pronounced impact of glucose-caused carbon catabolite repression (CCR), suggesting the importance of Cre1-mediated CCR in cellulase production of Trichoderma sp. LZ117. The results of this study will benefit further exploration of the strain LZ117 and related species for their applications in bioproduction."
7829358,33505368,Genome-Wide Identification and Analysis of Chitinase GH18 Gene Family in Mycogone perniciosa,2021,"['mycogone perniciosa', 'chitinase glycoside hydrolase 18 gene family', 'phylogeny', 'transcriptome', 'expression pattern']",0,"{'xyr1': 0, 'ace3': 0, 'cbh1': 0, 'cellulase': 0, 'reesei': 2}",3.0,Frontiers in Microbiology,10.3389/fmicb.2020.596719,"['Yang, Yang', 'Sossah, Frederick Leo', 'Li, Zhuang', 'Hyde, Kevin D.', 'Li, Dan', 'Xiao, Shijun', 'Fu, Yongping', 'Yuan, Xiaohui', 'Li, Yu']","Mycogone perniciosa causes wet bubble disease in Agaricus bisporus and various Agaricomycetes species. In a previous work, we identified 41 GH18 chitinase genes and other pathogenicity-related genes in the genome of M. perniciosa Hp10. Chitinases are enzymes that degrade chitin, and they have diverse functions in nutrition, morphogenesis, and pathogenesis. However, these important genes in M. perniciosa have not been fully characterized, and their functions remain unclear. Here, we performed a genome-wide analysis of M. perniciosa GH18 genes and analyzed the transcriptome profiles and GH18 expression patterns in M. perniciosa during the time course of infection in A. bisporus. Phylogenetic analysis of the 41 GH18 genes with those of 15 other species showed that the genes were clustered into three groups and eight subgroups based on their conserved domains. The GH18 genes clustered in the same group shared different gene structures but had the same protein motifs. All GH18 genes were localized in different organelles, were unevenly distributed on 11 contigs, and had orthologs in the other 13 species. Twelve duplication events were identified, and these had undergone both positive and purifying selection. The transcriptome analyses revealed that numerous genes, including transporters, cell wall degrading enzymes (CWDEs), cytochrome P450, pathogenicity-related genes, secondary metabolites, and transcription factors, were significantly upregulated at different stages of M. perniciosa Hp10 infection of A. bisporus. Twenty-three out of the 41 GH18 genes were differentially expressed. The expression patterns of the 23 GH18 genes were different and were significantly expressed from 3 days post-inoculation of M. perniciosa Hp10 in A. bisporus. Five differentially expressed GH18 genes were selected for RT-PCR and gene cloning to verify RNA-seq data accuracy. The results showed that those genes were successively expressed in different infection stages, consistent with the previous sequencing results. Our study provides a comprehensive analysis of pathogenicity-related and GH18 chitinase genes’ influence on M. perniciosa mycoparasitism of A. bisporus. Our findings may serve as a basis for further studies of M. perniciosa mycoparasitism, and the results have potential value for improving resistance in A. bisporus and developing efficient disease-management strategies to mitigate wet bubble disease."
6249967,30487660,Genomic and exoproteomic diversity in plant biomass degradation approaches among Aspergilli,2018,"['aspergillus', 'cellulose', 'pectin', 'plant biomass degradation', 'sugar beet pulp', 'wheat bran', 'xylan', 'xyloglucan']",0,"{'xyr1': 0, 'ace3': 0, 'cbh1': 0, 'cellulase': 3, 'reesei': 1}",2.915607812709627,Studies in Mycology,10.1016/j.simyco.2018.09.001,"['Mäkelä, M.R.', 'DiFalco, M.', 'McDonnell, E.', 'Nguyen, T.T.M.', 'Wiebenga, A.', 'Hildén, K.', 'Peng, M.', 'Grigoriev, I.V.', 'Tsang, A.', 'de Vries, R.P.']","We classified the genes encoding carbohydrate-active enzymes (CAZymes) in 17 sequenced genomes representing 16 evolutionarily diverse Aspergillus species. We performed a phylogenetic analysis of the encoding enzymes, along with experimentally characterized CAZymes, to assign molecular function to the Aspergilli CAZyme families and subfamilies. Genome content analysis revealed that the numbers of CAZy genes per CAZy family related to plant biomass degradation follow closely the taxonomic distance between the species. On the other hand, growth analysis showed almost no correlation between the number of CAZyme genes and the efficiency in polysaccharide utilization. The exception is A. clavatus where a reduced number of pectinolytic enzymes can be correlated with poor growth on pectin. To gain detailed information on the enzymes used by Aspergilli to breakdown complex biomass, we conducted exoproteome analysis by mass spectrometry. These results showed that Aspergilli produce many different enzymes mixtures in the presence of sugar beet pulp and wheat bran. Despite the diverse enzyme mixtures produced, species of section Nigri, A. aculeatus, A. nidulans and A. terreus, produce mixtures of enzymes with activities that are capable of digesting all the major polysaccharides in the available substrates, suggesting that they are capable of degrading all the polysaccharides present simultaneously. For the other Aspergilli, typically the enzymes produced are targeted to a subset of polysaccharides present, suggesting that they can digest only a subset of polysaccharides at a given time."
3346484,22344641,d-Xylose Concentration-Dependent Hydrolase Expression Profiles and the Function of CreA and XlnR in Aspergillus niger,2012,[],0,"{'xyr1': 0, 'ace3': 0, 'cbh1': 0, 'cellulase': 0, 'reesei': 0}",1.7454271729144024,Applied and Environmental Microbiology,10.1128/AEM.07772-11,"['Mach-Aigner, Astrid R.', 'Omony, Jimmy', 'Jovanovic, Birgit', 'van Boxtel, Anton J. B.', 'de Graaff, Leo H.']","Aspergillus niger is an important organism for the production of industrial enzymes such as hemicellulases and pectinases. The xylan-backbone monomer, d-xylose, is an inducing substance for the coordinate expression of a large number of polysaccharide-degrading enzymes. In this study, the responses of 22 genes to low (1 mM) and high (50 mM) d-xylose concentrations were investigated. These 22 genes encode enzymes that function as xylan backbone-degrading enzymes, accessory enzymes, cellulose-degrading enzymes, or enzymes involved in the pentose catabolic pathway in A. niger. Notably, genes encoding enzymes that have a similar function (e.g., xylan backbone degradation) respond in a similar manner to different concentrations of d-xylose. Although low d-xylose concentrations provoke the greatest change in transcript levels, in particular, for hemicellulase-encoding genes, transcript formation in the presence of high concentrations of d-xylose was also observed. Interestingly, a high d-xylose concentration is favorable for certain groups of genes. Furthermore, the repressing influence of CreA on the transcription and transcript levels of a subset of these genes was observed regardless of whether a low or high concentration of d-xylose was used. Interestingly, the decrease in transcript levels of certain genes on high d-xylose concentrations is not reflected by the transcript level of their activator, XlnR. Regardless of the d-xylose concentration applied and whether CreA was functional, xlnR was constitutively expressed at a low level."
4771370,26864432,The Genomes of Three Uneven Siblings: Footprints of the Lifestyles of Three Trichoderma Species,2016,[],0,"{'xyr1': 0, 'ace3': 0, 'cbh1': 0, 'cellulase': 0, 'reesei': 0}",2.027480736422107,Microbiology and Molecular Biology Reviews : MMBR,10.1128/MMBR.00040-15,"['Schmoll, Monika', 'Dattenböck, Christoph', 'Carreras-Villaseñor, Nohemí', 'Mendoza-Mendoza, Artemio', 'Tisch, Doris', 'Alemán, Mario Ivan', 'Baker, Scott E.', 'Brown, Christopher', 'Cervantes-Badillo, Mayte Guadalupe', 'Cetz-Chel, José', 'Cristobal-Mondragon, Gema Rosa', 'Delaye, Luis', 'Esquivel-Naranjo, Edgardo Ulises', 'Frischmann, Alexa', 'Gallardo-Negrete, Jose de Jesus', 'García-Esquivel, Monica', 'Gomez-Rodriguez, Elida Yazmin', 'Greenwood, David R.', 'Hernández-Oñate, Miguel', 'Kruszewska, Joanna S.', 'Lawry, Robert', 'Mora-Montes, Hector M.', 'Muñoz-Centeno, Tania', 'Nieto-Jacobo, Maria Fernanda', 'Nogueira Lopez, Guillermo', 'Olmedo-Monfil, Vianey', 'Osorio-Concepcion, Macario', 'Piłsyk, Sebastian', 'Pomraning, Kyle R.', 'Rodriguez-Iglesias, Aroa', 'Rosales-Saavedra, Maria Teresa', 'Sánchez-Arreguín, J. Alejandro', 'Seidl-Seiboth, Verena', 'Stewart, Alison', 'Uresti-Rivera, Edith Elena', 'Wang, Chih-Li', 'Wang, Ting-Fang', 'Zeilinger, Susanne', 'Casas-Flores, Sergio', 'Herrera-Estrella, Alfredo']","The genus Trichoderma contains fungi with high relevance for humans, with applications in enzyme production for plant cell wall degradation and use in biocontrol. Here, we provide a broad, comprehensive overview of the genomic content of these species for “hot topic” research aspects, including CAZymes, transport, transcription factors, and development, along with a detailed analysis and annotation of less-studied topics, such as signal transduction, genome integrity, chromatin, photobiology, or lipid, sulfur, and nitrogen metabolism in T. reesei, T. atroviride, and T. virens, and we open up new perspectives to those topics discussed previously. In total, we covered more than 2,000 of the predicted 9,000 to 11,000 genes of each Trichoderma species discussed, which is >20% of the respective gene content. Additionally, we considered available transcriptome data for the annotated genes. Highlights of our analyses include overall carbohydrate cleavage preferences due to the different genomic contents and regulation of the respective genes. We found light regulation of many sulfur metabolic genes. Additionally, a new Golgi 1,2-mannosidase likely involved in N-linked glycosylation was detected, as were indications for the ability of Trichoderma spp. to generate hybrid galactose-containing N-linked glycans. The genomic inventory of effector proteins revealed numerous compounds unique to Trichoderma, and these warrant further investigation. We found interesting expansions in the Trichoderma genus in several signaling pathways, such as G-protein-coupled receptors, RAS GTPases, and casein kinases. A particularly interesting feature absolutely unique to T. atroviride is the duplication of the alternative sulfur amino acid synthesis pathway."
12194574,40558970,Fungal Coculture: Unlocking the Potential for Efficient Bioconversion of Lignocellulosic Biomass,2025,"['coculture', 'enzyme production', 'cazymes', 'metabolites', 'omics technologies']",0,"{'xyr1': 0, 'ace3': 0, 'cbh1': 0, 'cellulase': 0, 'reesei': 0}",3.4594316186372973,Journal of Fungi,10.3390/jof11060458,"['Vieira, Rafael Icaro Matos', 'Peixoto, Alencar da Silva', 'Monclaro, Antonielle Vieira', 'Ricart, Carlos André Ornelas', 'Filho, Edivaldo Ximenes Ferreira', 'Miller, Robert Neil Gerard', 'Gomes, Taísa Godoy', 'Sarrà, Montserrat']","Microbial decomposition of persistent natural compounds such as phenolic lignin and polysaccharides in plant cell walls plays a crucial role in the global carbon cycle and underpins diverse biotechnological applications. Among microbial decomposers, fungi from the Ascomycota and Basidiomycota phyla have evolved specialized mechanisms for efficient lignocellulosic biomass degradation, employing extracellular enzymes and synergistic fungal consortia. Fungal coculture, defined as the controlled, axenic cultivation of multiple fungal species or strains in a single culture medium, is a promising strategy for industrial processes. This approach to biomass conversion offers potential for enhancing production of enzymes, biofuels, and other high-value bioproducts, while enabling investigation of ecological dynamics and metabolic pathways relevant to biorefinery operations. Lignocellulosic biomass conversion into fuels, energy, and biochemicals is central to the bioeconomy, integrating advanced biotechnology with sustainable resource use. Recent advancements in -omics technologies, including genomics, transcriptomics, and proteomics, have facilitated detailed analysis of fungal metabolism, uncovering novel secondary metabolites and enzymatic pathways activated under specific growth conditions. This review highlights the potential of fungal coculture systems to advance sustainable biomass conversion in alignment with circular bioeconomy goals."
3346360,22389369,Functional Analysis of the Degradation of Cellulosic Substrates by a Chaetomium globosum Endophytic Isolate,2012,[],0,"{'xyr1': 0, 'ace3': 0, 'cbh1': 0, 'cellulase': 0, 'reesei': 0}",1.7454271729144024,Applied and Environmental Microbiology,10.1128/AEM.00124-12,"['Longoni, Paolo', 'Rodolfi, Marinella', 'Pantaleoni, Laura', 'Doria, Enrico', 'Concia, Lorenzo', 'Picco, Anna Maria', 'Cella, Rino']","Most photosynthetically fixed carbon is contained in cell wall polymers present in plant biomasses, the largest organic carbon source in the biosphere. The degradation of these polymers for biotechnological purposes requires the combined action of several enzymes. To identify new activities, we examined which enzymes are activated by an endophytic strain of Chaetomium globosum to degrade cellulose-containing substrates. After biochemical analyses of the secretome of the fungus grown on cellulose or woody substrates, we took advantage of the available genomic data to identify potentially involved genes. After in silico identification of putative genes encoding either proteins able to bind to cellulose or glycohydrolases (GHs) of family 7, we investigated their transcript levels by reverse transcription-quantitative PCR (RT-qPCR). Our data suggest that eight genes compose the core of the cellulose-degrading system of C. globosum. Notably, the related enzymes belong structurally to the well-described GH families 5, 6, 7, 16, and 45, which are known to be the core of the cellulose degradation systems of several ascomycetes. The high expression levels of cellobiose dehydrogenase and two GH 61 enzymes suggest the involvement of this oxidoreductive synergic system in C. globosum. Transcript analysis along with relevant coding sequence (CDS) isolation and expression of recombinant proteins proved to be a key strategy for the determination of the features of two endoglucanases used by C. globosum for the first attack of crystalline cellulose. Finally, the possible involvement of transcriptional regulators described for other ascomycetes is discussed."
6174557,30337955,The transcription factor TpRfx1 is an essential regulator of amylase and cellulase gene expression in Talaromyces pinophilus,2018,"['talaromyces pinophilus', 'transcription factor', 'regulation', 'amylase', 'cellulase']",0,"{'xyr1': 0, 'ace3': 0, 'cbh1': 0, 'cellulase': 0, 'reesei': 0}",2.2129937233341983,Biotechnology for Biofuels,10.1186/s13068-018-1276-8,"['Liao, Gui-Yan', 'Zhao, Shuai', 'Zhang, Ting', 'Li, Cheng-Xi', 'Liao, Lu-Sheng', 'Zhang, Feng-Fei', 'Luo, Xue-Mei', 'Feng, Jia-Xun']","Perfect and low cost of fungal amylolytic and cellulolytic enzymes are prerequisite for the industrialization of plant biomass biorefinergy to biofuels. Genetic engineering of fungal strains based on regulatory network of transcriptional factors (TFs) and their targets is an efficient strategy to achieve the above described aim. Talaromyces pinophilus produces integrative amylolytic and cellulolytic enzymes; however, the regulatory mechanism associated with the expression of amylase and cellulase genes in T. pinophilus remains unclear. In this study, we screened for and identified novel TFs regulating amylase and/or cellulase gene expression in T. pinophilus 1-95 through comparative transcriptomic and genetic analyses."
6348686,30691469,Carbon sources and XlnR-dependent transcriptional landscape of CAZymes in the industrial fungus Talaromyces versatilis: when exception seems to be the rule,2019,"['filamentous fungi', 'secretome', 'glycosyl hydrolases', 'cellulose', 'hemicellulose', 'biomass deconstruction', 'transcription factors', 'xlnr/xyr1', 'glucose repression', 'high-throughput qpcr']",0,"{'xyr1': 0, 'ace3': 0, 'cbh1': 0, 'cellulase': 0, 'reesei': 0}",2.321928094887362,Microbial Cell Factories,10.1186/s12934-019-1062-8,"['Llanos, Agustina', 'Déjean, Sébastien', 'Neugnot-Roux, Virginie', 'François, Jean M.', 'Parrou, Jean-Luc']","Research on filamentous fungi emphasized the remarkable redundancy in genes encoding hydrolytic enzymes, the similarities but also the large differences in their expression, especially through the role of the XlnR/XYR1 transcriptional activator. The purpose of this study was to evaluate the specificities of the industrial fungus Talaromyces versatilis, getting clues into the role of XlnR and the importance of glucose repression at the transcriptional level, to provide further levers for cocktail production."
219359,14555469,d-Xylose Metabolism in Hypocrea jecorina: Loss of the Xylitol Dehydrogenase Step Can Be Partially Compensated for by lad1-Encoded l-Arabinitol-4-Dehydrogenase,2003,[],0,"{'xyr1': 0, 'ace3': 0, 'cbh1': 0, 'cellulase': 0, 'reesei': 0}",1.3439544012173612,Eukaryotic Cell,10.1128/EC.2.5.867-875.2003,"['Seiboth, Bernhard', 'Hartl, Lukas', 'Pail, Manuela', 'Kubicek, Christian P.']","With the goal of the genetic characterization of the d-xylose pathway in Hypocrea jecorina (anamorph: Trichoderma reesei), we cloned the xdh1 gene, encoding NAD-xylitol dehydrogenase, which catalyzes the second step of fungal d-xylose catabolism. This gene encodes a 363-amino-acid protein which has a mass of 38 kDa, belongs to the zinc-containing alcohol dehydrogenase family, exhibits high sequence identity to the published sequences of xylitol dehydrogenases from yeast origins, but contains a second, additional binding site for Zn2+. The enzyme catalyzed the NAD-dependent oxidation of xylitol and d-sorbitol and the NADH-dependent reduction of d-xylulose and d-fructose. No activity was observed with NADP, l-arabinose, or l-arabinitol. A single 1.4-kb transcript was formed during growth on xylan, d-xylose, l-arabinose, l-arabinitol and, at a lower abundance, xylitol, d-galactose, galactitol, and lactose but not on d-glucose and glycerol. xdh1 deletion mutants exhibited 50% reduced growth rates on d-xylose, whereas growth rates on xylitol remained unaltered. These mutants contained 30% of the xylitol dehydrogenase activity of the parent strain, indicating the presence of a second xylitol dehydrogenase. This activity was shown to be due to lad1-encoded l-arabinitol-4-dehydrogenase, because H. jecorina xdh1 lad1 double-deletion strains failed to grow on d-xylose or xylitol. In contrast, lad1 deletion strains of H. jecorina grew normally on these carbon sources. These results show that H. jecorina contains a single xylitol dehydrogenase which is encoded by xdh1 and is involved in the metabolism of d-xylose and that lad1-encoded l-arabinitol-4-dehydrogenase can compensate for it partially in mutants with a loss of xdh1 function."
12072009,40362264,Catalytic Efficiency Improvement in Cellobiohydrolase I by Cross-Species Domain Exchange Engineering,2025,"['cellobiohydrolase i (cbhi)', 'cellulose', 'carbohydrate-binding module (cbm)', 'trichoderma reesei', 'chaetomium thermophilum']",0,"{'xyr1': 0, 'ace3': 0, 'cbh1': 0, 'cellulase': 0, 'reesei': 0}",3.4594316186372973,International Journal of Molecular Sciences,10.3390/ijms26094024,"['Xue, Jing', 'Jiang, Xianzhang', 'Li, Anjing', 'Li, Jiaxin', 'Su, Xiaoyun', 'Huang, Jianzhong', 'Qin, Lina', 'Alexandridis, Paschalis']","Understanding the molecular mechanisms of cellobiohydrolase I (CBHI), a key enzyme in cellulase complexes, is crucial for developing efficient enzymes for the degradation of lignocellulosic biomasses (LCB). Building on our previous discovery that Chaetomium thermophilum CBHI (C-CBH) exhibits significantly higher specific activity than Trichoderma reesei CBHI (T-CBH), systematic domain-swapping experiments were conducted to elucidate the structural determinants of catalytic efficiency in CBHI. Herein, the carbohydrate-binding modules (CBM) of the CBHIs from Trichoderma reesei (T-CBH) and Chaetomium thermophilum (C-CBH) were interchanged and to obtain two chimeric mutants TC-CBH and CT-CBH. These four CBHs were expressed in T. reesei, and the enzyme properties were analyzed. Comparative characterization revealed that while module exchange preserved native temperature/pH adaptability, it significantly altered substrate specificity and catalytic performance. The CT-CBH variant was identified as the most efficient biocatalyst, exhibiting four key advantages over T-CBH: (1) protein expression levels that far exceed those of T-CBH, (2) specific activity enhanced by 2.6-fold (734.5 U/μM vs. 282.5 U/μM on MU-cellobiose), (3) superior degradation capacities for filter paper (1.6-fold) and xylan, and (4) improved binding affinity for crystalline cellulose. These findings establish cross-species domain engineering as a viable strategy for creating high-performance cellulases, providing both mechanistic insights and practical solutions for lignocellulose degradation."
11636153,39678642,Advances in the production of fungi-derived lignocellulolytic enzymes using agricultural wastes,2023,"['lignocellulolytic enzyme', 'fungi-derived', 'agricultural wastes', 'fermentation', 'genetic modification']",0,"{'xyr1': 1, 'ace3': 0, 'cbh1': 1, 'cellulase': 15, 'reesei': 8}",5.357552004618084,Mycology,10.1080/21501203.2023.2253827,"['Huang, Jiaqi', 'Wang, Jianfei', 'Liu, Shijie']","Lignocellulolytic enzymes play an important role in various industrial applications as well as the sustainable valorisation of lignocellulosic materials. Enzyme production using lignocellulosic fungi has shown great advantages such as high enzyme diversity, high production efficiency, and the availability of solid waste as raw materials. Agricultural waste, an abundant and non-food competitive feedstock, can be used to produce fungal lignocellulolytic enzymes. Pretreatment helps break down the complex structure of the raw material, thereby significantly improving product yield but also requiring more energy consumption. Multiple fermentation technologies, including submerged fermentation, solid-state fermentation, and co-culture, can be used for producing lignocellulolytic enzymes. Process optimisation may promote the yield and productivity of such enzymes without additional investment. Genetic engineering is also useful for enhancing enzyme production to meet industrial requirements. This review summarises the research progress in the fungal production of lignocellulolytic enzymes from various agricultural wastes via advanced fermentation strategies. It aims to provide technical references for the scale-up production of fungal lignocellulolytic enzymes."
12176254,39954246,"'], b'N‐acetylglucosamine sensing in the filamentous soil fungus Trichoderma reesei', b'c toggle=""no"">N‐acetylglucosamine (GlcNAc) is involved in diverse signaling pathways in dimorphic yeasts and bacteria and is related to morphogenetic switching, mating, stress, virulence, and cell death. Recently, GlcNAc has been shown to promote plant growth by shaping the bacterial soil community. However, the role of GlcNAc sensing in filamentous soil fungi has not been investigated. By using Trichoderma reesei as a model organism, we show here that GlcNAc impacts the expression of around 2100 genes. Carbohydrate metabolism, amino acid metabolism, and secondary metabolism were the three most strongly affected classes of eukaryotic orthologous groups (KOG classes). Two key regulators of GlcNAc catabolism, the NDT80 domain‐containing transcriptional regulator RON1, and a GlcNAc sensor, NGS1, are needed for differential regulation of two‐thirds of these genes. In silico structural modeling of NGS1 identified a domain with homology to the GCN5‐related histone acetyltransferase from Candida albicans, which serves as a GlcNAc catabolism regulator and GlcNAc sensor. Finally, we characterized the third regulator of GlcNAc sensing in T. reesei, which is the highly specific GlcNAc transporter N‐acetylglucosamine transporter (NGT1). Using a deletion mutant of ngt1, we demonstrate that GlcNAc has to enter the cell to activate the GlcNAc catabolic gene expression. Interestingly, in contrast to dimorphic yeasts, the pathways for defense and pathogenicity seem to be induced in T. reesei by external GlcNAc. Given the ancestral role of Trichoderma spp. in the fungal kingdom and the highly conserved GlcNAc catabolism cluster that includes their regulators in many species of fungi, we propose a regulatory network for GlcNAc sensing in soil fungi.",2025,"['major facilitator superfamily', 'n‐acetylglucosamine', 'secondary metabolism', 'signaling', 'soil fungi', 'trichoderma spp.']",0,"{'xyr1': 1, 'ace3': 0, 'cbh1': 0, 'cellulase': 8, 'reesei': 58}",7.1799090900149345,The Febs Journal,10.1111/febs.70015,"['Ullah, Sadia Fida', 'Oreb, Mislav', 'Boles, Eckhard', 'Srivastava, Vaibhav', 'Seidl‐Seiboth, Verena', 'Seiboth, Bernhard', 'Kappel, Lisa']","', b'c toggle=""no"">N‐acetylglucosamine (GlcNAc) is involved in diverse signaling pathways in dimorphic yeasts and bacteria, including virulence and cell death. Here, we investigated GlcNAc sensing in Trichoderma reesei. GlcNAc signaling influences around 2100 genes in this filamentous soil fungus. RON1 and NGS1 regulate two‐thirds of these genes and promote GlcNAc catabolism, while CRE1 acts as a repressor. The major facilitator superfamily transporter NGT1 imports GlcNAc and may distinguish external GlcNAc from internal sources. Internalized GlcNAc activates catabolic gene expression, whereas external GlcNAc may regulate pathogenicity and defense‐related genes.', b'c toggle=""yes"">N‐acetylglucosamine‐6‐phosphate deacetylase"
6927189,31890021,Upgrading of efficient and scalable CRISPR–Cas-mediated technology for genetic engineering in thermophilic fungus Myceliophthora thermophila,2019,"['crispr–cas12a', 'crispr–cas9', 'genome editing', 'myceliophthora thermophila', 'marker recycling', 'cellulase']",0,"{'xyr1': 0, 'ace3': 0, 'cbh1': 0, 'cellulase': 0, 'reesei': 0}",2.321928094887362,Biotechnology for Biofuels,10.1186/s13068-019-1637-y,"['Liu, Qian', 'Zhang, Yongli', 'Li, Fangya', 'Li, Jingen', 'Sun, Wenliang', 'Tian, Chaoguang']","Thermophilic filamentous fungus Myceliophthora thermophila has great capacity for biomass degradation and is an attractive system for direct production of enzymes and chemicals from plant biomass. Its industrial importance inspired us to develop genome editing tools to speed up the genetic engineering of this fungus. First-generation CRISPR–Cas9 technology was developed in 2017 and, since then, some progress has been made in thermophilic fungi genetic engineering, but a number of limitations remain. They include the need for complex independent expression cassettes for targeting multiplex genomic loci and the limited number of available selectable marker genes."
12105496,40418187,"Improvement of β‐Xylosidase and Endoxylanase Activities in Talaromyces amestolkiae by Genetic Manipulation of the Transcriptional Activator XlnR'], b'",2025,"['filamentous fungi', 'fungal transformation', 'hemicellulases', 'xylanases']",0,"{'xyr1': 0, 'ace3': 0, 'cbh1': 0, 'cellulase': 0, 'reesei': 0}",3.4594316186372973,Microbial Biotechnology,10.1111/1751-7915.70166,"['Pozo‐Rodríguez, Ana', 'Peñalva, Miguel Ángel', 'Barriuso, Jorge', 'Espeso, Eduardo A.', 'Martínez, María Jesús']","The ascomycete Talaromyces amestolkiae is a promising source of glycosyl hydrolases for hemicellulose degradation, as it contains a considerably higher number of genes encoding these enzymes than other fungi exploited for plant biomass valorisation. The development of genetic engineering tools could further improve its biotechnological potential. We report here a transformation system for T. amestolkiae based on pyrimidine auxotrophy complementation, which was used to successfully introduce both integrative and autonomously replicating plasmids. Then, we applied this tool to force the expression of the transcriptional activator XlnR, generating an engineered strain with enhanced β‐xylosidase (1.4‐fold) and endoxylanase (2.0‐fold) activities compared to the wild‐type cultured on xylan. Markedly larger improvements were obtained after introducing Ala788Val or Val785Phe substitutions in XlnR, achieving 3.3‐fold and 3.9‐fold increases in β‐xylosidase and endoxylanase activities, respectively, in the case of XlnRV785F. This recombinant strain also displays a partial deregulation of the hemicellulolytic system when cultivated on glucose and glycerol (a low‐cost and renewable substrate), yielding notably higher production of β‐xylosidases (16.9‐fold and 13.8‐fold) and endoxylanases (31.9‐fold and 22.7‐fold) than the wild‐type. Increased efficiencies of XlnRV785F enzymatic crudes in xylan saccharifications showed the potential of XlnR engineering to develop robust T. amestolkiae strains for the valorisation of hemicellulosic residues."
8704890,34947069,Why Is the Correct Selection of Trichoderma Strains Important? The Case of Wheat Endophytic Strains of T. harzianum and T. simmonsii,2021,"['t. afroharzianum', 'biological control agent (bca)', 'fusarium graminearum', 'acc deaminase', 'fungal phytohormones', 'iaa', 'aba', 'ros', 'antioxidant activity', 'drought tolerance']",0,"{'xyr1': 0, 'ace3': 0, 'cbh1': 0, 'cellulase': 0, 'reesei': 0}",2.584962500721156,Journal of Fungi,10.3390/jof7121087,"['Pedrero-Méndez, Alberto', 'Insuasti, H. Camilo', 'Neagu, Theodora', 'Illescas, María', 'Rubio, M. Belén', 'Monte, Enrique', 'Hermosa, Rosa', 'Zeilinger, Susanne']","The search for endophytic fungi in the roots of healthy wheat plants from a non-irrigation field trial allowed us to select 4 out of a total of 54 cultivable isolates belonging to the genus Trichoderma, identified as T. harzianum T136 and T139, T. simmonsii T137, and T. afroharzianum T138. In vitro assays against the phytopathogenic fungus Fusarium graminearum showed that the T. harzianum strains had the highest biocontrol potential and that T136 exhibited the highest cellulase and chitinase activities. Production patterns of eight phytohormones varied among the Trichoderma strains. All four, when applied alone or in combination, colonized roots of other wheat cultivars and promoted seed germination, tillering, and plant growth under optimal irrigation conditions in the greenhouse. Apart from T136, the endophytic Trichoderma strains showed plant protection capacity against drought as they activated the antioxidant enzyme machinery of the wheat plants. However, T. simmonsii T137 gave the best plant size and spike weight performance in water-stressed plants at the end of the crop. This trait correlated with significantly increased production of indole acetic acid and abscisic acid and increased 1-aminocyclopropane-1-carboxylic acid deaminase activity by T137. This study shows the potential of Trichoderma endophytes and that their success in agricultural systems requires careful selection of suitable strains."
8671598,34926121,Profiling multi-enzyme activities of Aspergillus niger strains growing on various agro-industrial residues,2021,"['aspergillus niger', 'enzymes', 'sugarcane bagasse', 'cassava pulp', 'banana peel']",0,"{'xyr1': 0, 'ace3': 0, 'cbh1': 0, 'cellulase': 0, 'reesei': 0}",2.584962500721156,3 Biotech,10.1007/s13205-021-03086-y,"['Laothanachareon, Thanaporn', 'Bunterngsook, Benjarat', 'Champreda, Verawat']","Agro-industrial wastes provide potential sources of carbon for production of fungal enzymes applied for various biotechnological applications. In this study, 23 strains of Aspergillus niger were systematically investigated for their capability on production of carbohydrate-processing enzymes used in industries. The strains were grown on glucose or selected agricultural wastes comprising varied chemical compositions as the sole carbon source. As a control, glucose induced basal activities of amylase, pectinase, and xylanase in only a few strains, while the CMCase, β-glucanase, and invertase activities were detected only when the carbon source was switched to the agro-industrial biomass. According to one-way ANOVA analysis, banana peels containing lignocellulosic components with high pectin and starch contents with its easily digestible nature, were found to be the best carbon source for inducing production of most target enzymes, while the cellulose-rich sugarcane bagasse efficiently promoted maximal levels of β-glucanase and xylanase activities. The starch fiber-rich cassava pulp also effectively supported the activities of amylase and most other enzymes, but at relatively lower levels compared to those obtained with banana peel. The A. niger TL11 strain was considered the most potent strain for production of all target enzymes with the CMCase, xylanase, pectinase, β-glucanase, amylase, and invertase activities of 76.15, 601.59, 160.89, 409.20, 426.73, and 1186.94 U/mL, respectively. The results provide insights into the efficiency of various carbon sources with different chemical compositions on inducing the target enzymes as well as the dissimilarity of A. niger strains on the production of different carbohydrate-processing enzymes."
11610967,39628591,Biofuel production from lignocellulose via thermophile-based consolidated bioprocessing,2024,"['lignocellulose', 'biofuel', 'consolidated bioprocessing', 'thermophile', 'thermophilic enzymes']",0,"{'xyr1': 0, 'ace3': 0, 'cbh1': 0, 'cellulase': 19, 'reesei': 1}",5.357552004618084,Engineering Microbiology,10.1016/j.engmic.2024.100174,"['Le, Yilin', 'Zhang, Mengqi', 'Wu, Pengju', 'Wang, Huilei', 'Ni, Jinfeng']",•Thermophile-based consolidated bioprocessing is the potential way to produce biofuels from biomass.•Thermophile-based CBP offers the potential to simplify operation processes.•Synthetic biology strategy plays a significant role for designing CBP hosts.
10134904,37125207,Strain improvement of Trichoderma harzianum for enhanced biocontrol capacity: Strategies and prospects,2023,"['trichoderma harzianum', 'biocontrol', 'mycoparasitism', 'strain improvement', 'fungal engineering']",0,"{'xyr1': 1, 'ace3': 0, 'cbh1': 0, 'cellulase': 5, 'reesei': 9}",4.7900769306257684,Frontiers in Microbiology,10.3389/fmicb.2023.1146210,"['Xiao, Ziyang', 'Zhao, Qinqin', 'Li, Wei', 'Gao, Liwei', 'Liu, Guodong']","In the control of plant diseases, biocontrol has the advantages of being efficient and safe for human health and the environment. The filamentous fungus Trichoderma harzianum and its closely related species can inhibit the growth of many phytopathogenic fungi, and have been developed as commercial biocontrol agents for decades. In this review, we summarize studies on T. harzianum species complex from the perspective of strain improvement. To elevate the biocontrol ability, the production of extracellular proteins and compounds with antimicrobial or plant immunity-eliciting activities need to be enhanced. In addition, resistance to various environmental stressors should be strengthened. Engineering the gene regulatory system has the potential to modulate a variety of biological processes related to biocontrol. With the rapidly developing technologies for fungal genetic engineering, T. harzianum strains with increased biocontrol activities are expected to be constructed to promote the sustainable development of agriculture."
9020665,35442735,Impairment of the cellulose degradation machinery enhances Fusarium oxysporum virulence but limits its reproductive fitness,2022,[],0,"{'xyr1': 1, 'ace3': 0, 'cbh1': 0, 'cellulase': 19, 'reesei': 0}",4.8861320354417215,Science Advances,10.1126/sciadv.abl9734,"['Gámez-Arjona, Francisco M.', 'Vitale, Stefania', 'Voxeur, Aline', 'Dora, Susanne', 'Müller, Sascha', 'Sancho-Andrés, Gloria', 'Montesinos, Juan Carlos', 'Di Pietro, Antonio', 'Sánchez-Rodríguez, Clara']","Fungal pathogens grow in the apoplastic space, in constant contact with the plant cell wall (CW) that hinders microbe progression while representing a source of nutrients. Although numerous fungal CW modifying proteins have been identified, their role during host colonization remains underexplored. Here, we show that the root-infecting plant pathogen Fusarium oxysporum (Fo) does not require its complete arsenal of cellulases to infect the host plant. Quite the opposite: Fo mutants impaired in cellulose degradation become hypervirulent by enhancing the secretion of virulence factors. On the other hand, the reduction in cellulase activity had a severe negative effect on saprophytic growth and microconidia production during the final stages of the Fo infection cycle. These findings enhance our understanding of the function of plant CW degradation on the outcome of host-microbe interactions and reveal an unexpected role of cellulose degradation in a pathogen’s reproductive success."
7544787,33030626,"One-step purification of two novel thermotolerant β-1,4-glucosidases from a newly isolated strain of Fusarium chlamydosporum HML278 and their characterization",2020,"['fusarium chlamydosporum hml278', 'β-glucosidase', 'purification', 'heat-resistant', 'transglycosidic activity']",0,"{'xyr1': 0, 'ace3': 0, 'cbh1': 0, 'cellulase': 14, 'reesei': 0}",4.160991876672305,AMB Express,10.1186/s13568-020-01116-1,"['Qin, Yongling', 'Li, Qiqian', 'Luo, Fengfeng', 'Fu, Yue', 'He, Haiyan']","A newly identified cellulase-producing Fusarium chlamydosporum HML278 was cultivated under solid-state fermentation of sugarcane bagasse, and two new β-glucosides enzymes (BG FH1, BG FH2) were recovered from fermentation solution by modified non-denaturing active gel electrophoresis and gel filtration chromatography. SDS-PAGE analysis showed that the molecular weight of BG FH1 and BG FH2 was 93 kDa and 52 kDa, respectively, and the enzyme activity was 5.6 U/mg and 11.5 U/mg, respectively. The optimal reaction temperature of the enzymes was 60 ℃, and the enzymes were stable with a temperature lower than 70 ℃. The optimal pH of the purified enzymes was 6.0, and the enzymes were stable between pH 4–10. Km and Vmax values ​​were 2.76 mg/mL and 20.6 U/mg for pNPG, respectively. Thin-layer chromatography and high-performance liquid chromatography analysis showed that BG FH1and BG FH2 had hydrolysis activity toward cellobiose and could hydrolyze cellobiose into glucose. In addition, both enzymes exhibited transglycoside activity, which could use glucose to synthesize cellobiose and cellotriose, and preferentially synthesize alcohol. In conclusion, our study demonstrated that F. chlamydosporum HML278 produces heat-resistant β-glucosidases with both hydrolytic activity and transglycosidic activity, and these β-glucosidases have potential application in bioethanol and papermaking industries."
4715039,26780227,"The roles of the zinc finger transcription factors XlnR, ClrA and ClrB in the breakdown of lignocellulose by Aspergillus niger",2016,"['glysosyl-hydrolases', 'regulation', 'transcription factor', 'ph', 'cell wall']",0,"{'xyr1': 0, 'ace3': 0, 'cbh1': 0, 'cellulase': 0, 'reesei': 0}",2.027480736422107,AMB Express,10.1186/s13568-016-0177-0,"['Raulo, Roxane', 'Kokolski, Matthew', 'Archer, David B.']","Genes encoding the key transcription factors (TF) XlnR, ClrA and ClrB were deleted from', b'a Expression of the cbhA, eglC and xynA genes in A. niger grown in wheat straw media. The results shown represent triplicates of three independent biological samples and the error bars indicate the standard error of the mean. b Comparison of the expression of the cbhA, xynA and eglC genes in A. niger grown in wheat straw media under pH-controlled condition (pH 5.0 in fermenter) and no control of pH (flask). The results shown represent triplicates of two independent biological samples and the error bars indicate the standard error of the mean. For both experiments, the expression values represent the percentage of transcript level normalised against the level for actA. * represents the conditions for which the t-test result had a p-value < 0.05 which means that the difference observed is significant when compared to the WT"
8778285,35049945,Comparative Genomics and Gene Pool Analysis Reveal the Decrease of Genome Diversity and Gene Number in Rice Blast Fungi by Stable Adaption with Rice,2021,"['magnaporthe oryzae', 'comparative genomics', 'gene pool', 'selective sweep', 'host adaption']",0,"{'xyr1': 0, 'ace3': 0, 'cbh1': 0, 'cellulase': 0, 'reesei': 0}",2.584962500721156,Journal of Fungi,10.3390/jof8010005,"['Wu, Qi', 'Wang, Yi', 'Liu, Li-Na', 'Shi, Kai', 'Li, Cheng-Yun', 'Esteves, Ana Cristina']","Magnaporthe oryzae caused huge losses in rice and wheat production worldwide. Comparing to long-term co-evolution history with rice, wheat-infecting isolates were new-emerging. To reveal the genetic differences between rice and wheat blast on global genomic scale, 109 whole-genome sequences of M. oryzae from rice, wheat, and other hosts were reanalyzed in this study. We found that the rice lineage had gone through stronger selective sweep and fewer conserved genes than those of Triticum and Lolium lineages, which indicated that rice blast fungi adapted to rice by gene loss and rapid evolution of specific loci. Furthermore, 228 genes associated with host adaptation of M. oryzae were found by presence/absence variation (PAV) analyses. The functional annotation of these genes found that the fine turning of genes gain/loss involved with transport and transcription factor, thiol metabolism, and nucleotide metabolism respectively are major mechanisms for rice adaption. This result implies that genetic base of specific host plant may lead to gene gain/loss variation of pathogens, so as to enhance their adaptability to host. Further characterization of these specific loci and their roles in adaption and evaluation of the fungi may eventually lead to understanding of interaction mechanism and develop new strategies of the disease management."
9174946,35694310,Trichoderma spp. Genes Involved in the Biocontrol Activity Against Rhizoctonia solani,2022,"['trichoderma spp.', 'genes', 'r. solani', 'antibiosis', 'competition', 'mycoparasitism', 'induced systemic resistance']",0,"{'xyr1': 4, 'ace3': 0, 'cbh1': 0, 'cellulase': 10, 'reesei': 5}",4.829269698486045,Frontiers in Microbiology,10.3389/fmicb.2022.884469,"['Abbas, Aqleem', 'Mubeen, Mustansar', 'Zheng, Hongxia', 'Sohail, Muhammad Aamir', 'Shakeel, Qaiser', 'Solanki, Manoj Kumar', 'Iftikhar, Yasir', 'Sharma, Sagar', 'Kashyap, Brijendra Kumar', 'Hussain, Sarfaraz', 'del Carmen Zuñiga Romano, Maria', 'Moya-Elizondo, Ernesto A.', 'Zhou, Lei']","Rhizoctonia solani is a pathogen that causes considerable harm to plants worldwide. In the absence of hosts, R. solani survives in the soil by forming sclerotia, and management methods, such as cultivar breeding, crop rotations, and fungicide sprays, are insufficient and/or inefficient in controlling R. solani. One of the most challenging problems facing agriculture in the twenty-first century besides with the impact of global warming. Environmentally friendly techniques of crop production and improved agricultural practices are essential for long-term food security. Trichoderma spp. could serve as an excellent example of a model fungus to enhance crop productivity in a sustainable way. Among biocontrol mechanisms, mycoparasitism, competition, and antibiosis are the fundamental mechanisms by which Trichoderma spp. defend against R. solani, thereby preventing or obstructing its proliferation. Additionally, Trichoderma spp. induce a mixed induced systemic resistance (ISR) or systemic acquired resistance (SAR) in plants against R. solani, known as Trichoderma-ISR. Stimulation of every biocontrol mechanism involves Trichoderma spp. genes responsible for encoding secondary metabolites, siderophores, signaling molecules, enzymes for cell wall degradation, and plant growth regulators. Rhizoctonia solani biological control through genes of Trichoderma spp. is summarized in this paper. It also gives information on the Trichoderma-ISR in plants against R. solani. Nonetheless, fast-paced current research on Trichoderma spp. is required to properly utilize their true potential against diseases caused by R. solani."
12010586,40259335,"Linking a polyketide synthase gene cluster to 6-pentyl-alpha-pyrone, a Trichoderma metabolite with diverse bioactivities",2025,"['trichoderma atroviride', '6-pentyl-alpha-pyrone', 'polyketide synthase', 'biocontrol', 'biosynthetic gene cluster', 'specialized metabolites']",0,"{'xyr1': 0, 'ace3': 0, 'cbh1': 0, 'cellulase': 0, 'reesei': 0}",3.4594316186372973,Microbial Cell Factories,10.1186/s12934-025-02718-9,"['Flatschacher, Daniel', 'Eschlböck, Alexander', 'Pierson, Siebe', 'Schreiner, Ulrike', 'Stock, Valentina', 'Schiller, Arne', 'Ruso, David', 'Doppler, Maria', 'Ruzsanyi, Veronika', 'Gründlinger, Mario', 'Büschl, Christoph', 'Schuhmacher, Rainer', 'Zeilinger, Susanne']","Members of the fungal genus Trichoderma are well-known for their mycoparasitic and plant protecting activities, rendering them important biocontrol agents. One of the most significant specialized metabolites (SMs) produced by various Trichoderma species is the unsaturated lactone 6-pentyl-alpha-pyrone (6-PP). Although first identified more than 50 years ago and having pronounced antifungal and plant growth-promoting properties, the biosynthetic pathway of 6-PP still remains unresolved."
7570026,33088344,β-Glucosidase genes differentially expressed during composting,2020,"['β-glucosidase', 'differential expression', 'functional microbial community', 'carbon catabolite repression', 'compost']",0,"{'xyr1': 0, 'ace3': 0, 'cbh1': 0, 'cellulase': 0, 'reesei': 0}",2.4447848426728958,Biotechnology for Biofuels,10.1186/s13068-020-01813-w,"['Zhang, Xinyue', 'Ma, Bo', 'Liu, Jiawen', 'Chen, Xiehui', 'Li, Shanshan', 'Su, Erlie', 'Gao, Liyuan', 'Li, Hongtao']","Cellulose degradation by cellulase is brought about by complex communities of interacting microorganisms, which significantly contribute to the cycling of carbon on a global scale. β-Glucosidase (BGL) is the rate-limiting enzyme in the cellulose degradation process. Thus, analyzing the expression of genes involved in cellulose degradation and regulation of BGL gene expression during composting will improve the understanding of the cellulose degradation mechanism. Based on our previous research, we hypothesized that BGL-producing microbial communities differentially regulate the expression of glucose-tolerant BGL and non-glucose-tolerant BGL to adapt to the changes in cellulose degradation conditions."
3384452,22490508,"Tracking dynamics of plant biomass composting by changes in substrate structure, microbial community, and enzyme activity",2012,"['compost', 'plant biomass', 'yellow poplar', 'microbial community', 'microbial rdna abundance', 'gene expression', 'enzymatic activity', 'cellulase', 'hemicellulose', 'ligninase', 'consolidated bioprocessing (cbp)', 'solid-state fermentation', 'biofuels']",0,"{'xyr1': 0, 'ace3': 0, 'cbh1': 0, 'cellulase': 0, 'reesei': 0}",1.7454271729144024,Biotechnology for Biofuels,10.1186/1754-6834-5-20,"['Wei, Hui', 'Tucker, Melvin P', 'Baker, John O', 'Harris, Michelle', 'Luo, Yonghua', 'Xu, Qi', 'Himmel, Michael E', 'Ding, Shi-You']","Understanding the dynamics of the microbial communities that, along with their secreted enzymes, are involved in the natural process of biomass composting may hold the key to breaking the major bottleneck in biomass-to-biofuels conversion technology, which is the still-costly deconstruction of polymeric biomass carbohydrates to fermentable sugars."
12028744,40278071,Harnessing Xylanase Potential in Thermothelomyces fergusii: Insights from Computational and Functional Analysis,2025,"['ligand binding', 'dinitro salicylic acid', 'reducing sugar', 'hemicellulose']",0,"{'xyr1': 0, 'ace3': 0, 'cbh1': 0, 'cellulase': 0, 'reesei': 0}",3.4594316186372973,Journal of Fungi,10.3390/jof11040250,"['Waheed, Abdul', 'Chen, Yi', 'Su, Ying', 'Yan, Yuxin', 'Liu, Gang', 'Qi, Jianzhao', 'Li, Xiuzhang']","Xylanases are crucial for the breakdown of hemicellulose, enabling the conversion of lignocellulosic biomass into fermentable sugars for biofuels and other industrial applications. For the first time, we investigated the biochemical and genetic characteristics of 22 xylanase genes from Thermothelomyces fergusii within glycoside hydrolase (GH) families GH10, GH11, and GH43. Xylanase genes structural diversity clustered the phylogenetic tree into GH10, GH11, GH43-I, and GH43-II groups. Structural analysis revealed that all TfGH10 and TfGH11 genes contained conserved GH domains, with CBM1 present in TfGH10-5 and TfGH11-4. Secondary domains, including CBM35, CBM42, and CBM91, were found in the GH43 gene family. The presence of key glutamic (Glu) and aspartic (Asp) residues in active sites is essential for substrate binding and catalysis. RT-qPCR analysis revealed substrate-dependent gene expression, with peak upregulation on day three in beechwood xylan (BWX) cultures and day two in corncob xylan (CCX) and rice straw (RS) cultures. Consistent with these findings, enzymatic assays demonstrated the highest xylanase activity in BWX-induced cultures, followed by RS and CCX, underscoring the differential regulation of these enzymes in response to distinct hemicellulosic substrates. These findings provide valuable insights into the structural, functional, and regulatory mechanisms of T. fergusii xylanases, facilitating their industrial application."
11708020,39601596,Transcriptomic and genetic analysis reveals a Zn2Cys6 transcription factor specifically required for conidiation in submerged cultures of Thermothelomyces thermophilus,2025,"['conidiation', 'thermothelomyces', 'fungal biotechnology', 'asexual development', 'transcriptional regulation']",0,"{'xyr1': 0, 'ace3': 0, 'cbh1': 0, 'cellulase': 9, 'reesei': 1}",4.954196310386875,mBio,10.1128/mbio.03111-24,"['Drescher, Florian', 'Li, Yang', 'Villalobos-Escobedo, Jose Manuel', 'Haefner, Stefan', 'Huberman, Lori B.', 'Glass, N. Louise', 'Fischer, Reinhard']","Filamentous fungi are important producers of enzymes and secondary metabolites. The industrial thermophilic species, Thermothelomyces thermophilus, is closely related to the model fungus, Neurospora crassa. A critical aspect of the filamentous fungal life cycle is the production of asexual spores (conidia), which are regulated by various stimuli, including nutrient availability. Several species of fungi, including T. thermophilus, produce conidia under submerged fermentation conditions, which can be detrimental to product yields. In this study, transcriptional profiling of T. thermophilus was used to map changes during asexual development in submerged cultures, which revealed commonalities of regulation between T. thermophilus and N. crassa. We further identified a transcription factor, res1, whose deletion resulted in a complete loss of conidia production under fermentation conditions, but which did not affect conidiation on plates. Under fermentation conditions, the ∆res1 deletion strain showed increased biomass production relative to the wild-type strain, indicating that the manipulation of res1 in T. thermophilus has the potential to increase productivity in industrial settings. Overexpression of res1 caused a severe growth defect and early conidia production on both plates and in submerged cultures, indicating res1 overexpression can bypass regulatory aspects associated with conidiation on plates. Using chromatin-immunoprecipitation sequencing, we identified 35 target genes of Res1, including known conidiation regulators identified in N. crassa, revealing common and divergent aspects of asexual reproduction in these two species."
10570388,37828083,Regulation of fungal raw-starch-degrading enzyme production depends on transcription factor phosphorylation and recruitment of the Mediator complex,2023,"['fungal genetics', 'gene regulation', 'applied microbiology']",0,"{'xyr1': 0, 'ace3': 0, 'cbh1': 0, 'cellulase': 1, 'reesei': 1}",3.369233809665719,Communications Biology,10.1038/s42003-023-05404-x,"['Ning, Yuan-Ni', 'Tian, Di', 'Tan, Man-Li', 'Luo, Xue-Mei', 'Zhao, Shuai', 'Feng, Jia-Xun']","Filamentous fungus can produce raw-starch-degrading enzyme (RSDE) that efficiently degrades raw starch below starch gelatinization temperature. Employment of RSDE in starch processing can save energy. A key putative transcription factor PoxRsrA (production of raw-starch-degrading enzyme regulation in Penicillium'], b'oxalicum) was identified to regulate RSDE production in P. oxalicum; however, its regulatory mechanism remains unclear. Here we show that PoxRsrA1434–1730 was the transcriptional activation domain, with essential residues, D1508, W1509 and M1510. SANT (SWI3, ADA2, N-CoR and TFIIIB)-like domain 1 (SANT1) bound to DNA at the sequence 5′-RHCDDGGD-3′ in the promoter regions of genes encoding major amylases, with an essential residue, R866. SANT2 interacted with a putative 3-hydroxyisobutyryl-CoA hydrolase, which suppressed phosphorylation at tyrosines Y1127 and Y1170 of PoxRsrA901–1360, thereby inhibiting RSDE biosynthesis. PoxRsrA1135–1439 regulated mycelial sporulation by interacting with Mediator subunit Med6, whereas PoxRsrA1440–1794 regulated RSDE biosynthesis by binding to Med31. Overexpression of PoxRsrA increased sporulation and RSDE production. These findings provide insights into the regulatory mechanisms of fungal RSDE biosynthesis."
8148604,34066643,Stress-Activated Protein Kinase Signalling Regulates Mycoparasitic Hyphal-Hyphal Interactions in Trichoderma atroviride,2021,"['trichoderma atroviride', 'mycoparasitism', 'plant pathogens', 'polarity stress', 'crib reporter', 'gtpase activity', 'mapk/sapk signalling']",0,"{'xyr1': 0, 'ace3': 0, 'cbh1': 0, 'cellulase': 0, 'reesei': 0}",2.584962500721156,Journal of Fungi,10.3390/jof7050365,"['Moreno-Ruiz, Dubraska', 'Salzmann, Linda', 'Fricker, Mark D.', 'Zeilinger, Susanne', 'Lichius, Alexander', 'Kück, Ulrich']","Trichoderma atroviride is a mycoparasitic fungus used as biological control agent against fungal plant pathogens. The recognition and appropriate morphogenetic responses to prey-derived signals are essential for successful mycoparasitism. We established microcolony confrontation assays using T. atroviride strains expressing cell division cycle 42 (Cdc42) and Ras-related C3 botulinum toxin substrate 1 (Rac1) interactive binding (CRIB) reporters to analyse morphogenetic changes and the dynamic displacement of localized GTPase activity during polarized tip growth. Microscopic analyses showed that Trichoderma experiences significant polarity stress when approaching its fungal preys. The perception of prey-derived signals is integrated via the guanosine triphosphatase (GTPase) and mitogen-activated protein kinase (MAPK) signalling network, and deletion of the MAP kinases Trichoderma MAPK 1 (Tmk1) and Tmk3 affected T. atroviride tip polarization, chemotropic growth, and contact-induced morphogenesis so severely that the establishment of mycoparasitism was highly inefficient to impossible. The responses varied depending on the prey species and the interaction stage, reflecting the high selectivity of the signalling process. Our data suggest that Tmk3 affects the polarity-stress adaptation process especially during the pre-contact phase, whereas Tmk1 regulates contact-induced morphogenesis at the early-contact phase. Neither Tmk1 nor Tmk3 loss-of-function could be fully compensated within the GTPase/MAPK signalling network underscoring the crucial importance of a sensitive polarized tip growth apparatus for successful mycoparasitism."
5908196,29630596,Massive lateral transfer of genes encoding plant cell wall-degrading enzymes to the mycoparasitic fungus Trichoderma from its plant-associated hosts,2018,[],0,"{'xyr1': 1, 'ace3': 1, 'cbh1': 1, 'cellulase': 4, 'reesei': 28}",4.911255788169921,PLoS Genetics,10.1371/journal.pgen.1007322,"['Druzhinina, Irina S.', 'Chenthamara, Komal', 'Zhang, Jian', 'Atanasova, Lea', 'Yang, Dongqing', 'Miao, Youzhi', 'Rahimi, Mohammad J.', 'Grujic, Marica', 'Cai, Feng', 'Pourmehdi, Shadi', 'Salim, Kamariah Abu', 'Pretzer, Carina', 'Kopchinskiy, Alexey G.', 'Henrissat, Bernard', 'Kuo, Alan', 'Hundley, Hope', 'Wang, Mei', 'Aerts, Andrea', 'Salamov, Asaf', 'Lipzen, Anna', 'LaButti, Kurt', 'Barry, Kerrie', 'Grigoriev, Igor V.', 'Shen, Qirong', 'Kubicek, Christian P.', 'Martin, Francis']","Unlike most other fungi, molds of the genus Trichoderma (Hypocreales, Ascomycota) are aggressive parasites of other fungi and efficient decomposers of plant biomass. Although nutritional shifts are common among hypocrealean fungi, there are no examples of such broad substrate versatility as that observed in Trichoderma. A phylogenomic analysis of 23 hypocrealean fungi (including nine Trichoderma spp. and the related Escovopsis weberi) revealed that the genus Trichoderma has evolved from an ancestor with limited cellulolytic capability that fed on either fungi or arthropods. The evolutionary analysis of Trichoderma genes encoding plant cell wall-degrading carbohydrate-active enzymes and auxiliary proteins (pcwdCAZome, 122 gene families) based on a gene tree / species tree reconciliation demonstrated that the formation of the genus was accompanied by an unprecedented extent of lateral gene transfer (LGT). Nearly one-half of the genes in Trichoderma pcwdCAZome (41%) were obtained via LGT from plant-associated filamentous fungi belonging to different classes of Ascomycota, while no LGT was observed from other potential donors. In addition to the ability to feed on unrelated fungi (such as Basidiomycota), we also showed that Trichoderma is capable of endoparasitism on a broad range of Ascomycota, including extant LGT donors. This phenomenon was not observed in E. weberi and rarely in other mycoparasitic hypocrealean fungi. Thus, our study suggests that LGT is linked to the ability of Trichoderma to parasitize taxonomically related fungi (up to adelphoparasitism in strict sense). This may have allowed primarily mycotrophic Trichoderma fungi to evolve into decomposers of plant biomass."
11508260,39452644,"An Antisense Long Non-Coding RNA, LncRsn, Is Involved in Sexual Reproduction and Full Virulence in Fusarium graminearum",2024,"['fusarium graminearum', 'long non-coding rna', 'sexual reproduction', 'full virulence', 'fgsna']",0,"{'xyr1': 0, 'ace3': 0, 'cbh1': 0, 'cellulase': 0, 'reesei': 0}",3.169925001442312,Journal of Fungi,10.3390/jof10100692,"['Fu, Zhizhen', 'Chen, Yanjie', 'Cai, Gaolei', 'Peng, Huijuan', 'Wang, Xiaoyu', 'Li, Ping', 'Gu, Aiguo', 'Li, Yanli', 'Ma, Dongfang', 'Zuo, Shimin', 'Wu, Xuehong', 'Guo, Lihua']","Fusarium head blight (FHB), primarily caused by Fusarium graminearum, is a devastating crop disease that leads to significant declines in wheat yield and quality worldwide. Long non-coding RNAs (lncRNAs) are found to play significant functions in various biological processes, but their regulatory functions in the sexual reproduction and pathogenicity of F. graminearum have not been studied extensively. This study identified an antisense lncRNA, named lncRsn, located in the transcription initiation site region between the 5′-flanking gene FgSna and the 3′-flanking gene FgPta. A deletion mutant of lncRsn (ΔlncRsn) was constructed through homologous recombination. ΔlncRsn exhibited huge reductions in pathogen and sexual reproduction. Additionally, the deletion of lncRsn disrupted the biosynthesis of deoxynivalenol (DON) and impaired the formation of infection structures. RT-qPCR analysis reveals that lncRsn may negatively regulate the transcription of the target gene FgSna. This study found that lncRsn plays an important role in sexual and asexual reproduction, pathogenicity, virulence, osmotic stress, and cell wall integrity (CWI) in F. graminearum. Further characterization of pathogenesis-related genes and the reaction between lncRsn and protein-coding genes will aid in developing novel approaches for controlling F. graminearum diseases."
11027231,38637859,Cellular ATP redistribution achieved by deleting Tgparp improves lignocellulose utilization of Trichoderma under heat stress,2024,[],0,"{'xyr1': 0, 'ace3': 0, 'cbh1': 0, 'cellulase': 0, 'reesei': 0}",3.169925001442312,Biotechnology for Biofuels and Bioproducts,10.1186/s13068-024-02502-8,"['Li, Tuo', 'Liu, Yang', 'Zhu, Han', 'Cao, Linhua', 'Zhou, Yihao', 'Liu, Dongyang', 'Shen, Qirong']","Thermotolerance is widely acknowledged as a pivotal factor for fungal survival across diverse habitats. Heat stress induces a cascade of disruptions in various life processes, especially in the acquisition of carbon sources, while the mechanisms by which filamentous fungi adapt to heat stress and maintain carbon sources are still not fully understood."
12174065,40535014,The biocontrol effects and mechanisms of mycoparasitic Alternaria alternata against Chinese rose powdery mildew,2025,"['chinese rose powdery mildew', 'biological control', 'mycoparasite', 'podosphaera pannosa', 'chitinase']",0,"{'xyr1': 1, 'ace3': 0, 'cbh1': 0, 'cellulase': 1, 'reesei': 1}",4.087462841250339,Frontiers in Microbiology,10.3389/fmicb.2025.1598458,"['Tang, Yanping', 'Gao, Ruotian', 'Ma, Changle', 'Wang, Jin', 'Li, Jing']","Chinese rose powdery mildew, caused by Podosphaera pannosa, is a devastating disease which has a significant impact on plants\' ornamental and economic value. Strain KMR13, which exhibited pronounced mycoparasitic activity against P. pannosa, was isolated during the initial phase of this study; however, the underlying mechanism remains to be elucidated."
9518982,35908288,Use of CRISPR‐Cas tools to engineer Trichoderma species,2022,[],0,"{'xyr1': 0, 'ace3': 0, 'cbh1': 0, 'cellulase': 2, 'reesei': 25}",5.231564067234698,Microbial Biotechnology,10.1111/1751-7915.14126,"['Wang, Ying', 'Chen, Hongyu', 'Ma, Liang', 'Gong, Ming', 'Wu, Yingying', 'Bao, Dapeng', 'Zou, Gen']","Given their lignocellulose degradability and biocontrol activities, fungi of the ubiquitously distributed genus Trichoderma have multiple industrial and agricultural applications. Genetic manipulation plays a valuable role in tailoring novel engineered strains with enhanced target traits. Nevertheless, as applied to fungi, the classic tools of genetic manipulation tend to be time‐consuming and tedious. However, the recent development of the CRISPR‐Cas system for gene editing has enabled researchers to achieve genome‐wide gene disruptions, gene replacements, and precise editing, and this technology has emerged as a primary focus for novel developments in engineered strains of Trichoderma. Here, we provide a brief overview of the traditional approaches to genetic manipulation, the different strategies employed in establishing CRSIPR‐Cas systems, the utilization of these systems to develop engineered strains of Trichoderma for desired applications, and the future trends in biotechnology."
5469009,28616073,The transcription factor PDR-1 is a multi-functional regulator and key component of pectin deconstruction and catabolism in Neurospora crassa,2017,"['pectin degradation', 'l-rhamnose catabolism', 'd-galacturonic acid catabolism', 'gene regulation', 'zn2cys6 transcription factor', 'neurospora crassa', 'biorefinery']",0,"{'xyr1': 0, 'ace3': 0, 'cbh1': 0, 'cellulase': 0, 'reesei': 0}",2.1154772174199357,Biotechnology for Biofuels,10.1186/s13068-017-0807-z,"['Thieme, Nils', 'Wu, Vincent W.', 'Dietschmann, Axel', 'Salamov, Asaf A.', 'Wang, Mei', 'Johnson, Jenifer', 'Singan, Vasanth R.', 'Grigoriev, Igor V.', 'Glass, N. Louise', 'Somerville, Chris R.', 'Benz, J. Philipp']","Pectin is an abundant component in many fruit and vegetable wastes and could therefore be an excellent resource for biorefinery, but is currently underutilized. Fungal pectinases already play a crucial role for industrial purposes, such as for foodstuff processing. However, the regulation of pectinase gene expression is still poorly understood. For an optimal utilization of plant biomass for biorefinery and biofuel production, a detailed analysis of the underlying regulatory mechanisms is warranted. In this study, we applied the genetic resources of the filamentous ascomycete species Neurospora crassa to screen for transcription factors that play a major role in pectinase induction."
6424901,30918504,Functional Characterization of Target of Rapamycin Signaling in Verticillium dahliae,2019,"['rapamycin', 'target of rapamycin', 'pathogenicity', 'verticillium dahliae', 'verticillium wilt']",0,"{'xyr1': 0, 'ace3': 0, 'cbh1': 0, 'cellulase': 5, 'reesei': 0}",3.169925001442312,Frontiers in Microbiology,10.3389/fmicb.2019.00501,"['Li, Linxuan', 'Zhu, Tingting', 'Song, Yun', 'Luo, Xiumei', 'Feng, Li', 'Zhuo, Fengping', 'Li, Fuguang', 'Ren, Maozhi']","More than 200 plants have been suffering from Verticillium wilt caused by Verticillium dahliae (V. dahliae) across the world. The target of rapamycin (TOR) is a lethal gene and controls cell growth and development in various eukaryotes, but little is known about TOR signaling in V. dahliae. Here, we found that V. dahliae strain is hypersensitive to rapamycin in the presence of rapamycin binding protein VdFKBP12 while the deletion mutant aaavdfkbp12 is insensitive to rapamycin. Heterologous expressing VdFKBP12 in Arabidopsis conferred rapamycin sensitivity, indicating that VdFKBP12 can bridge the interaction between rapamycin and TOR across species. The key across species of TOR complex 1 (TORC1) and TORC2 have been identified in V. dahliae, suggesting that TOR signaling pathway is evolutionarily conserved in eukaryotic species. Furthermore, the RNA-seq analysis showed that ribosomal biogenesis, RNA polymerase II transcription factors and many metabolic processes were significantly suppressed in rapamycin treated cells of V. dahliae. Importantly, transcript levels of genes associated with cell wall degrading enzymes (CWEDs) were dramatically down-regulated in TOR-inhibited cells. Further infection assay showed that the pathogenicity of V. dahliae and occurrence of Verticillium wilt can be blocked in the presence of rapamycin. These observations suggested that VdTOR is a key target of V. dahliae for controlling and preventing Verticillium wilt in plants."
11466781,39397797,Structural and biochemical insights of xylose MFS and SWEET transporters in microbial cell factories: challenges to lignocellulosic hydrolysates fermentation,2024,"['xylose transporters', 'mfs', 'sweet', 'protein engineering', 'second-generation ethanol', 'sugar uptake']",0,"{'xyr1': 0, 'ace3': 0, 'cbh1': 0, 'cellulase': 0, 'reesei': 12}",4.817623257511431,Frontiers in Microbiology,10.3389/fmicb.2024.1452240,"['Taveira, Iasmin Cartaxo', 'Carraro, Cláudia Batista', 'Nogueira, Karoline Maria Vieira', 'Pereira, Lucas Matheus Soares', 'Bueno, João Gabriel Ribeiro', 'Fiamenghi, Mateus Bernabe', 'dos Santos, Leandro Vieira', 'Silva, Roberto N.']","The production of bioethanol from lignocellulosic biomass requires the efficient conversion of glucose and xylose to ethanol, a process that depends on the ability of microorganisms to internalize these sugars. Although glucose transporters exist in several species, xylose transporters are less common. Several types of transporters have been identified in diverse microorganisms, including members of the Major Facilitator Superfamily (MFS) and Sugars Will Eventually be Exported Transporter (SWEET) families. Considering that Saccharomyces cerevisiae lacks an effective xylose transport system, engineered yeast strains capable of efficiently consuming this sugar are critical for obtaining high ethanol yields. This article reviews the structure–function relationship of sugar transporters from the MFS and SWEET families. It provides information on several tools and approaches used to identify and characterize them to optimize xylose consumption and, consequently, second-generation ethanol production."
8395912,34449676,The carP lncRNA Is a carS-Related Regulatory Element with Broad Effects on the Fusarium fujikuroi Transcriptome,2021,"['rna-seq', 'carp lncrna', 'cis-acting mechanism', 'carotenoid biosynthesis', 'light regulation']",0,"{'xyr1': 0, 'ace3': 0, 'cbh1': 0, 'cellulase': 0, 'reesei': 0}",2.584962500721156,Non-Coding RNA,10.3390/ncrna7030046,"['Pardo-Medina, Javier', 'Gutiérrez, Gabriel', 'Limón, M. Carmen', 'Avalos, Javier', 'Conn, Simon', 'Gregory, Brian D.']","Carotenoid biosynthesis in the fungus Fusarium fujikuroi is regulated by environmental factors, with light being the main stimulating signal. The CarS RING-finger protein plays an important role in the downregulation of structural genes of the carotenoid pathway. A recent transcriptomic analysis on the effect of carS mutation identified a gene for a long non-coding RNA (lncRNA) upstream of carS, called carP, the deletion of which results in increased carS mRNA levels and lack of carotenoid production. We have investigated the function of carP by studying the transcriptomic effect of its deletion and the phenotypes resulting from the reintroduction of carP to a deletion strain. The RNA-seq data showed that the loss of carP affected the mRNA levels of hundreds of genes, especially after illumination. Many of these changes appeared to be cascade effects as a result of changes in carS expression, as suggested by the comparison with differentially expressed genes in a carS mutant. Carotenoid production only recovered when carP was integrated upstream of carS, but not at other genomic locations, indicating a cis-acting mechanism on carS. However, some genes hardly affected by CarS were strongly upregulated in the carP mutant, indicating that carP may have other regulatory functions as an independent regulatory element."
5683368,29158777,Combined genome and transcriptome sequencing to investigate the plant cell wall degrading enzyme system in the thermophilic fungus Malbranchea cinnamomea,2017,"['plant biomass', 'carbohydrate-active enzymes', 'cellulase', 'wheat bran', 'xylan', 'malbranchea pulchella']",0,"{'xyr1': 0, 'ace3': 0, 'cbh1': 0, 'cellulase': 0, 'reesei': 0}",2.1154772174199357,Biotechnology for Biofuels,10.1186/s13068-017-0956-0,"['Hüttner, Silvia', 'Nguyen, Thanh Thuy', 'Granchi, Zoraide', 'Chin-A-Woeng, Thomas', 'Ahrén, Dag', 'Larsbrink, Johan', 'Thanh, Vu Nguyen', 'Olsson, Lisbeth']","Genome and transcriptome sequencing has greatly facilitated the understanding of biomass-degrading mechanisms in a number of fungal species. The information obtained enables the investigation and discovery of genes encoding proteins involved in plant cell wall degradation, which are crucial for saccharification of lignocellulosic biomass in second-generation biorefinery applications. The thermophilic fungus Malbranchea cinnamomea is an efficient producer of many industrially relevant enzymes and a detailed analysis of its genomic content will considerably enhance our understanding of its lignocellulolytic system and promote the discovery of novel proteins."
10407233,37560516,Analysis and modification of central carbon metabolism in Hypsizygus marmoreus for improving mycelial growth performance and fruiting body yield,2023,"['hypsizygus marmoreus', 'harvest period', 'central carbon metabolism (ccm)', 'pentose phosphate pathway (ppp)', 'glucose-6-phosphate dehydrogenase (g6pdh)']",0,"{'xyr1': 1, 'ace3': 0, 'cbh1': 0, 'cellulase': 4, 'reesei': 0}",3.841302253980942,Frontiers in Microbiology,10.3389/fmicb.2023.1233512,"['Lin, Hui', 'Li, Pengfei', 'Ma, Lu', 'Lai, Shufang', 'Sun, Shujing', 'Hu, Kaihui', 'Zhang, Liaoyuan']","Hypsizygus marmoreus is one of the main industrially cultivated varieties of edible fungi, with a delicious taste and high nutritional value. However, the long harvest period of 130–150 days greatly limits its large-scale expansion. This study aimed to investigate the effects of central carbon metabolism (CCM) on the mycelial growth performance and fruiting body formation of H. marmoreus. Nine edible fungi with different harvest periods were collected and used to evaluate their intracellular carbon metabolic differences in the CCM, which revealed that the imbalanced distribution of intracellular carbon metabolic levels in the CCM of H. marmoreus might be one of the key factors resulting in a slow mycelial growth rate and a long harvest period. Further analysis by three strategies, including metabolomics, adaptation of different carbon sources, and chemical interference, confirmed that low carbon flux into the pentose phosphate pathway (PPP) limited the supply of raw materials, reduced power, and thus influenced the mycelial growth of H. marmoreus. Furthermore, four transformants with increased expression levels of glucose-6-phosphate dehydrogenase (G6PDH), a key rate-limiting enzyme in the PPP of H. marmoreus, were developed and showed more extracellular soluble protein secretion and higher sugar assimilation rates, as well as improved mycelial growth rates in bottle substrate mixtures. Finally, cultivation experiments indicated that the maturation periods of the fruiting body with ~4–5 days in advance and the maximum fruiting body yield of 574.8 g per bag with an increase of 7.4% were achieved by improving the G6PDH expression level of the PPP in H. marmoreus. This study showed that CCM played an important role in the mycelial growth and development of H. marmoreus, which provided new insights for future advancements in cultivating and breeding edible fungi."
10612256,37891614,"Cysteine facilitates the lignocellulolytic response of Trichoderma'], b'guizhouense NJAU4742 by indirectly up-regulating membrane sugar transporters",2023,"['t.guizhouense njau4742', 'sugar transporter', 'lignocellulolytic response', 'multiomics', 'protein-dna interactions', 'gene manipulation', 'glutathionylation']",0,"{'xyr1': 0, 'ace3': 0, 'cbh1': 0, 'cellulase': 0, 'reesei': 0}",2.9385994553358565,Biotechnology for Biofuels and Bioproducts,10.1186/s13068-023-02418-9,"['Liu, Yang', 'Li, Tuo', 'Zhu, Han', 'Zhou, Yihao', 'Shen, Qirong', 'Liu, Dongyang']","Filamentous fungi possess a rich CAZymes system, which is widely studied and applied in the bio-conversion of plant biomass to alcohol chemicals. Carbon source acquisition is the fundamental driver for CAZymes-producing sustainability and secondary metabolism, therefore, a deeper insight into the regulatory network of sugar transport in filamentous fungi has become urgent."
7729004,33329491,Chemotropism Assays for Plant Symbiosis and Mycoparasitism Related Compound Screening in Trichoderma atroviride,2020,"['secondary metabolites', 'fungal plant pathogens', 'mycoparasitism', 'trichoderma atroviride', 'chemotropism', 'plant symbiosis', 'host sensing']",0,"{'xyr1': 0, 'ace3': 0, 'cbh1': 0, 'cellulase': 1, 'reesei': 1}",2.852442811586142,Frontiers in Microbiology,10.3389/fmicb.2020.601251,"['Moreno-Ruiz, Dubraska', 'Lichius, Alexander', 'Turrà, David', 'Di Pietro, Antonio', 'Zeilinger, Susanne']","Trichoderma atroviride is a mycoparasitic fungus used as biological control agent to protect plants against fungal pathogens. Successful biocontrol is based on the perception of signals derived from both the plant symbiont and the fungal prey. Here, we applied three different chemotropic assays to study the chemosensing capacity of T. atroviride toward compounds known or suspected to play a role in the mycoparasite/plant or host/prey fungal interactions and to cover the complete spectrum of T. atroviride developmental stages. Purified compounds, including nutrients, the fungal secondary metabolite 6-amyl-α-pyrone (6-pentyl-α-pyrone, 6-PP) and the plant oxylipin 13-(s)-HODE, as well as culture supernatants derived from fungal preys, including Rhizoctonia solani, Botrytis cinerea and Fusarium oxysporum, were used to evaluate chemotropic responses of conidial germlings, microcolonies and fully differentiated mycelia. Our results show that germlings respond preferentially to compounds secreted by plant roots and T. atroviride itself than to compounds secreted by prey fungi. With the progression of colony development, host plant cues and self-generated signaling compounds remained the strongest chemoattractants. Nevertheless, mature hyphae responded differentially to certain prey-derived signals. Depending on the fungal prey species, chemotropic responses resulted in either increased or decreased directional colony extension and hyphal density at the colony periphery closest to the test compound source. Together these findings suggest that chemotropic sensing during germling development is focused on plant association and colony network formation, while fungal prey recognition develops later in mature hyphae of fully differentiated mycelium. Furthermore, the morphological alterations of T. atroviride in response to plant host and fungal prey compounds suggest the presence of both positive and negative chemotropism. The presented assays will be useful for screening of candidate compounds, and for evaluating their impact on the developmental spectrum of T. atroviride and other related species alike. Conidial germlings proved particularly useful for simple and rapid compound screening, whereas more elaborate microscopic analysis of microcolonies and fully differentiated mycelia was essential to understand process-specific responses, such as plant symbiosis and biocontrol."
8466774,34575796,Global Transcriptome Profile of the Oleaginous Yeast Saitozyma podzolica DSM 27192 Cultivated in Glucose and Xylose,2021,"['glucose', 'microbial lipid', 'oleaginous yeast', 'rna-seq', 'saitozyma podzolica dsm 27192', 'sugar transporters', 'weimberg pathway', 'xylose']",0,"{'xyr1': 0, 'ace3': 0, 'cbh1': 0, 'cellulase': 0, 'reesei': 0}",2.584962500721156,Journal of Fungi,10.3390/jof7090758,"['Aliyu, Habibu', 'Gorte, Olga', 'Neumann, Anke', 'Ochsenreither, Katrin', 'Amillis, Sotiris']","Unlike conventional yeasts, several oleaginous yeasts, including Saitozyma podzolica DSM 27192, possess the innate ability to grow and produce biochemicals from plant-derived lignocellulosic components such as hexose and pentose sugars. To elucidate the genetic basis of S. podzolica growth and lipid production on glucose and xylose, we performed comparative temporal transcriptome analysis using RNA-seq method. Approximately 3.4 and 22.2% of the 10,670 expressed genes were differentially (FDR < 0.05, and log2FC > 1.5) expressed under batch and fed batch modes, respectively. Our analysis revealed that a higher number of sugar transporter genes were significantly overrepresented in xylose relative to glucose-grown cultures. Given the low homology between proteins encoded by most of these genes and those of the well-characterised transporters, it is plausible to conclude that S. podzolica possesses a cache of putatively novel sugar transporters. The analysis also suggests that S. podzolica potentially channels carbon flux from xylose via both the non-oxidative pentose phosphate and potentially via the first steps of the Weimberg pathways to yield xylonic acid. However, only the ATP citrate lyase (ACL) gene showed significant upregulation among the essential oleaginous pathway genes under nitrogen limitation in xylose compared to glucose cultivation. Combined, these findings pave the way toward the design of strategies or the engineering of efficient biomass hydrolysate utilization in S. podzolica for the production of various biochemicals."
12029156,40284649,"Endophytic and Rhizospheric Microorganisms: An Alternative for Sustainable, Organic, and Regenerative Bioinput Formulations for Modern Agriculture",2025,"['sustainable bioinputs', 'biological inputs', 'phytohormones', 'biocontrol', 'symbiosis']",0,"{'xyr1': 0, 'ace3': 0, 'cbh1': 0, 'cellulase': 0, 'reesei': 0}",3.4594316186372973,Microorganisms,10.3390/microorganisms13040813,"['Valente, Isabela de L.', 'Wancura, João H. C.', 'Zabot, Giovani L.', 'Mazutti, Marcio A.', 'Ciani, Maurizio']","Large amounts of chemical fertilizers are still used to suppress pathogens and boost agricultural productivity and food generation. However, their use can cause harmful environmental imbalance. Furthermore, plants typically absorb limited amounts of the nutrients provided by chemical fertilizers. Recent studies are recommending the use of microbiota present in the soil in different formulations, considering that several microorganisms are found in nature in association with plants in a symbiotic, antagonistic, or synergistic way. This ecological alternative is positive because no undesirable significant alterations occur in the environment while stimulating plant nutrition development and protection against damage caused by control pathogens. Therefore, this review presents a comprehensive discussion regarding endophytic and rhizospheric microorganisms and their interaction with plants, including signaling and bio-control processes concerning the plant’s defense against pathogenic spread. A discussion is provided about the importance of these bioinputs as a microbial resource that promotes plant development and their sustainable protection methods aiming to increase resilience in the agricultural system. In modern agriculture, the manipulation of bioinputs through Rhizobium contributes to reducing the effects of greenhouse gases by managing nitrogen runoff and decreasing nitrous oxide. Additionally, mycorrhizal fungi extend their root systems, providing plants with greater access to water and nutrients."
10685594,38031105,High-throughput droplet microfluidics screening and genome sequencing analysis for improved amylase-producing Aspergillus oryzae,2023,"['aspergillus oryzae', 'high-throughput screening', 'microfluidics', 'flow cytometry', 'genome resequencing', 'α-amylase']",0,"{'xyr1': 0, 'ace3': 0, 'cbh1': 0, 'cellulase': 0, 'reesei': 0}",2.9385994553358565,Biotechnology for Biofuels and Bioproducts,10.1186/s13068-023-02437-6,"['Li, Qinghua', 'Lu, Jinchang', 'Liu, Jingya', 'Li, Jianghua', 'Zhang, Guoqiang', 'Du, Guocheng', 'Chen, Jian']","The exceptional protein secretion capacity, intricate post-translational modification processes, and inherent safety features of A. oryzae make it a promising expression system. However, heterologous protein expression levels of existing A. oryzae species cannot meet the requirement for industrial-scale production. Therefore, establishing an efficient screening technology is significant for the development of the A. oryzae expression system."
10732044,37850793,Histone acetyltransferase Gcn5-mediated histone H3 acetylation facilitates cryptococcal morphogenesis and sexual reproduction,2023,"['cryptococcus neoformans', 'morphogenesis', 'sexual reproduction', 'histone acetylation', 'gcn5']",0,"{'xyr1': 0, 'ace3': 0, 'cbh1': 0, 'cellulase': 0, 'reesei': 0}",2.9385994553358565,mSphere,10.1128/msphere.00299-23,"['Chen, Man', 'Liu, Yuanli', 'Liu, Zhuozhuo', 'Su, Lin', 'Yan, Lili', 'Huang, Yuan', 'Huang, Ye', 'Zhang, Wei', 'Xu, Xinping', 'Zheng, Fanglin', 'Mitchell, Aaron P.']","Sexual reproduction is the primary driving force behind eukaryotic environmental adaptation and evolution. In the human fungal pathogen Cryptococcus neoformans, sexual reproduction plays a critical role in the emergence of highly virulent strains and drug-resistant variants. The sexual life cycle of C. neoformans commences with the yeast-hyphae transition in response to mating stimulation, followed by hyphal extension and further differentiation into basidium, where meiosis takes place to produce basidiospore. Although extensive studies have been conducted on the determining factors and genetic pathways involved in the sexual cycle, the precise contribution of epigenetic modifications in this process remains elusive. Here, through a systematic genetic screening assay, we find that Gcn5 is the specific histone acetyltransferase involved in yeast-hyphae morphogenesis in C. neoformans. Furthermore, we demonstrate that Gcn5 is indispensable for completing the entire sexual cycle of C. neoformans, including yeast-hyphae transition, hyphal development, basidium differentiation, meiosis, and subsequent sporulation. Additionally, chromatin immunoprecipitation assay demonstrates that Gcn5-mediated H3K14ac modification is closely associated with the activated transcription of master transcriptional regulator gene ZNF2 and its downstream targets under mating-inducing condition. Moreover, disruption of two additional subunits encoding gene within the SAGA complex, ADA3 and SPT20, resulted in a similar phenotype to that observed with GCN5 deletion, indicating that Gcn5 functions in the context of an intact SAGA/ADA complex in regulating the sexual life cycle. Taken together, these results elucidated a key epigenetic modification, Gcn5-mediated histone acetylation, in orchestrating yeast-hyphae morphogenesis and sexual reproduction in the human fungal pathogen C. neoformans."
5696597,29201024,Involvement of the Transcriptional Coactivator ThMBF1 in the Biocontrol Activity of Trichoderma harzianum,2017,"['biological control', 'antifungal activity', 'multiprotein bridging factor', 'volatile organic compounds', 'fusarium oxysporum f. sp. lycopersici']",0,"{'xyr1': 0, 'ace3': 0, 'cbh1': 0, 'cellulase': 0, 'reesei': 2}",2.502500340529183,Frontiers in Microbiology,10.3389/fmicb.2017.02273,"['Rubio, M. Belén', 'Pardal, Alonso J.', 'Cardoza, Rosa E.', 'Gutiérrez, Santiago', 'Monte, Enrique', 'Hermosa, Rosa']","Trichoderma harzianum is a filamentous fungus well adapted to different ecological niches. Owing to its ability to antagonize a wide range of plant pathogens, it is used as a biological control agent in agriculture. Selected strains of T. harzianum are also able to increase the tolerance of plants to biotic and abiotic stresses. However, little is known about the regulatory elements of the T. harzianum transcriptional machinery and their role in the biocontrol by this species. We had previously reported the involvement of the transcription factor THCTF1 in the T. harzianum production of the secondary metabolite 6-pentyl-pyrone, an important volatile compound related to interspecies cross-talk. Here, we performed a subtractive hybridization to explore the genes regulated by THCTF1, allowing us to identify a multiprotein bridging factor 1 (mbf1) homolog. The gene from T. harzianum T34 was isolated and characterized, and the generated Thmbf1 overexpressing transformants were used to investigate the role of this gene in the biocontrol abilities of the fungus against two plant pathogens. The transformants showed a reduced antifungal activity against Fusarium oxysporum f. sp. lycopersici race 2 (FO) and Botrytis cinerea (BC) in confrontation assays on discontinuous medium, indicating that the Thmbf1 gene could affect T. harzianum production of volatile organic compounds (VOC) with antifungal activity. Moreover, cellophane and dialysis membrane assays indicated that Thmbf1 overexpression affected the production of low molecular weight secreted compounds with antifungal activity against FO. Intriguingly, no correlation in the expression profiles, either in rich or minimal medium, was observed between Thmbf1 and the master regulator gene cross-pathway control (cpc1). Greenhouse assays allowed us to evaluate the biocontrol potential of T. harzianum strains against BC and FO on susceptible tomato plants. The wild type strain T34 significantly reduced the necrotic leaf lesions caused by BC while plants treated with the Thmbf1-overexpressing transformants exhibited an increased susceptibility to this pathogen. The percentages of Fusarium wilt disease incidence and values of aboveground dry weight showed that T34 did not have biocontrol activity against FO, at least in the ‘Moneymaker’ tomato variety, and that Thmbf1 overexpression increased the incidence of this disease. Our results show that the Thmbf1 overexpression in T34 negatively affects its biocontrol mechanisms."
9900707,36744569,Forest health in the Anthropocene: the emergence of a novel tree disease is associated with poplar cultivation,2023,"['fungal pathogen', 'forest pathology', 'population genomics', 'genetic lineage', 'incipient species', 'tree cultivation']",0,"{'xyr1': 0, 'ace3': 0, 'cbh1': 0, 'cellulase': 0, 'reesei': 0}",2.9385994553358565,Philosophical Transactions of the Royal Society B: Biological Sciences,10.1098/rstb.2022.0008,"['Feau, Nicolas', 'Dhillon, Braham D.', 'Sakalidis, Monique', 'Dale, Angela L.', 'Søndreli, Kelsey L.', 'Goodwin, Stephen B.', 'LeBoldus, Jared M.', 'Hamelin, Richard C.']","Plant domestication and movement are large contributors to the success of new diseases. The introduction of new host species can result in accelerated evolutionary changes in pathogens, affecting long-established coevolutionary dynamics. This has been observed in poplars where severe epidemics of pathogens that were innocuous in their natural pathosystems occurred following host domestication. The North American fungus Sphaerulina musiva is responsible for endemic leaf spots on Populus deltoides. We show that the expansion of poplar cultivation resulted in the emergence of a new lineage of this pathogen that causes stem infections on a new host, P. balsamifera. This suggests a host shift since this is not a known host. Genome analysis of this emerging lineage reveals a mosaic pattern with islands of diversity separated by fixed genome regions, which is consistent with a homoploid hybridization event between two individuals that produced a hybrid swarm. Genome regions of extreme divergence and low diversity are enriched in genes involved in host–pathogen interactions. The specialization of this emerging lineage to a new host and its clonal propagation represents a serious threat to poplars and could affect both natural and planted forests. This work provides a clear example of the changes created by the intensification of tree cultivation that facilitate the emergence of specialized pathogens, jeopardizing the natural equilibrium between hosts and pathogens."
9244802,35783935,"A Calcineurin Regulator MoRCN1 Is Important for Asexual Development, Stress Response, and Plant Infection of Magnaporthe oryzae",2022,"['calcipressin', 'calcineurin', 'calcium signaling', 'fungal infection', 'magnaporthe oryzae']",0,"{'xyr1': 1, 'ace3': 0, 'cbh1': 0, 'cellulase': 0, 'reesei': 0}",2.9740047914670553,Frontiers in Plant Science,10.3389/fpls.2022.925645,"['Liu, Caiyun', 'Liu, Tiangu', 'Lv, Ziwei', 'Qin, Mengyuan', 'Qu, Zhiguang', 'Zhang, Ziwei', 'Li, Fuyan', 'Chen, Deng', 'Zhang, Xinrong', 'Chen, Xiao-Lin', 'Shen, Mi']","The calcium/calcineurin signaling pathway plays a key role in the development and virulence of plant pathogenic fungi, but the regulation of this signaling pathway is still not clear. In this study, we identified a calcineurin regulator MoRCN1 in the plant pathogenic fungus Magnaporthe oryzae and found it is important for virulence by regulating the calcineurin pathway. MoRCN1 deletion mutants were severely decreased in colony growth and conidia formation. More importantly, the deletion of MoRCN1 led to a significant reduction in virulence due to defects in appressorium formation and invasive growth. The ΔMorcn1 mutants were more sensitive to different stresses and induced host ROS accumulation, suggesting a role of MoRCN1 in stress adaptation. We found that MoRCN1 directly interacted with the calcineurin catalytic subunit MoCNA and affected its protein stability, which was therefore important for regulating the calcineurin pathway. Transcriptome analysis showed that MoRCN1 significantly activated 491 genes and suppressed 337 genes in response to calcium ion, partially overlapped with the MoCRZ1-bound genes. Gene Ontology and KEGG pathway analyses indicated that MoRCN1-regulated genes were enriched in stress adaptation, lipid metabolism, and secondary metabolite biosynthesis, reflecting a function of MoRCN1 in host cell adaptation. Altogether, these results suggest MoRCN1 functions as a regulator of the calcium/calcineurin signaling pathway for fungal development and infection of host cells."
9159911,35663889,Peptide Aptamer PA3 Attenuates the Viability of Aeromonas veronii by Hindering of Small Protein B-Outer Membrane Protein A Signal Pathway,2022,"['aeromonas veronii', 'smpb', 'ompa', 'peptide aptamer', 'antimicrobial-agent']",0,"{'xyr1': 0, 'ace3': 0, 'cbh1': 0, 'cellulase': 0, 'reesei': 0}",2.747233929620033,Frontiers in Microbiology,10.3389/fmicb.2022.900234,"['Liu, Peng', 'Chang, Huimin', 'Xu, Qi', 'Wang, Dan', 'Tang, Yanqiong', 'Hu, Xinwen', 'Lin, Min', 'Liu, Zhu']","The small protein B (SmpB), previously acting as a ribosome rescue factor for translation quality control, is required for cell viability in bacteria. Here, our study reveals that SmpB possesses new function which regulates the expression of outer membrane protein A (ompA) gene as a transcription factor in Aeromonas veronii. The deletion of SmpB caused the lower transcription expression of ompA by Quantitative Real-Time PCR (qPCR). Electrophoretic mobility shift assay (EMSA) and DNase I Footprinting verified that the SmpB bound at the regions of −46 to −28 bp, −18 to +4 bp, +21 to +31 bp, and +48 to +59 bp of the predicted ompA promoter (PompA). The key sites C52AT was further identified to interact with SmpB when PompA was fused with enhanced green fluorescent protein (EGFP) and co-transformed with SmpB expression vector for the fluorescence detection, and the result was further confirmed in microscale thermophoresis (MST) assays. Besides, the amino acid sites G11S, F26I, and K152 in SmpB were the key sites for binding to PompA. In order to further develop peptide antimicrobial agents, the peptide aptamer PA3 was screened from the peptide aptamer (PA) library by bacterial two-hybrid method. The drug sensitivity test showed that PA3 effectively inhibited the growth of A. veronii. In summary, these results demonstrated that OmpA was a good drug target for A. veronii, which was regulated by the SmpB protein and the selected peptide aptamer PA3 interacted with OmpA protein to disable SmpB-OmpA signal pathway and inhibited A. veronii, suggesting that it could be used as an antimicrobial agent for the prevention and treatment of pathogens."
4390390,25626518,"The ß-importin KAP8 (Pse1/Kap121) is required for nuclear import of the cellulase transcriptional regulator XYR1, asexual sporulation and stress resistance in Trichoderma reesei",2015,[],0,"{'xyr1': 55, 'ace3': 3, 'cbh1': 4, 'cellulase': 45, 'reesei': 87}",6.84190125545971,Molecular Microbiology,10.1111/mmi.12944,"['Ghassemi, Sara', 'Lichius, Alexander', 'Bidard, Fréderique', 'Lemoine, Sophie', 'Rossignol, Marie-Noëlle', 'Herold, Silvia', 'Seidl-Seiboth, Verena', 'Seiboth, Bernhard', 'Espeso, Eduardo A', 'Margeot, Antoine', 'Kubicek, Christian P']","The ascomycete Trichoderma reesei is an industrial producer of cellulolytic and hemicellulolytic enzymes, and serves as a prime model for their genetic regulation. Most of its (hemi-)cellulolytic enzymes are obligatorily dependent on the transcriptional activator XYR1. Here, we investigated the nucleo-cytoplasmic shuttling mechanism that transports XYR1 across the nuclear pore complex. We identified 14 karyopherins in T. reesei, of which eight were predicted to be involved in nuclear import, and produced single gene-deletion mutants of all. We found KAP8, an ortholog of Aspergillus nidulans KapI, and Saccharomyces cerevisiae Kap121/Pse1, to be essential for nuclear recruitment of GFP-XYR1 and cellulase gene expression. Transformation with the native gene rescued this effect. Transcriptomic analyses of Δkap8 revealed that under cellulase-inducing conditions 42 CAZymes, including all cellulases and hemicellulases known to be under XYR1 control, were significantly down-regulated. Δkap8 strains were capable of forming fertile fruiting bodies but exhibited strongly reduced conidiation both in light and darkness, and showed enhanced sensitivity towards abiotic stress, including high osmotic pressure, low pH and high temperature. Together, these data underscore the significance of nuclear import of XYR1 in cellulase and hemicellulase gene regulation in T. reesei, and identify KAP8 as the major karyopherin required for this process."
9888229,36602369,Role of the Nitrogen Metabolism Regulator TAM1 in Regulation of Cellulase Gene Expression in Trichoderma reesei,2023,"['transcriptional regulator', 'gene expression regulation', 'tam1/tama', 'nutrient utilization']",0,"{'xyr1': 0, 'ace3': 0, 'cbh1': 0, 'cellulase': 0, 'reesei': 0}",2.9385994553358565,Applied and Environmental Microbiology,10.1128/aem.01421-22,"['Yang, Renfei', 'Wang, Zhixing', 'Xia, Yuxiao', 'Zheng, Fanglin', 'Kang, Fusi', 'Meng, Xiangfeng', 'Zhang, Weixin', 'Liu, Weifeng', 'Druzhinina, Irina S.']","The filamentous fungus Trichoderma reesei is one of the most prolific cellulase producers and has been established as a model microorganism for investigating mechanisms modulating eukaryotic gene expression. Identification and functional characterization of transcriptional regulators involved in complex and stringent regulation of cellulase genes are, however, not yet complete. Here, a Zn(II)2Cys6-type transcriptional factor TAM1 that is homologous to Aspergillus nidulans TamA involved in nitrogen metabolism, was found not only to regulate ammonium utilization but also to control cellulase gene expression in T. reesei. Whereas Δtam1 cultivated with peptone as a nitrogen source did not exhibit a growth defect that was observed on ammonium, it was still significantly compromised in cellulase biosynthesis. The absence of TAM1 almost fully abrogated the rapid cellulase gene induction in a resting-cell-inducing system. Overexpression of gdh1 encoding the key ammonium assimilatory enzyme in Δtam1 rescued the growth defect on ammonium but not the defect in cellulase gene expression. Of note, mutation of the Zn(II)2Cys6 DNA-binding motif of TAM1 hardly affected cellulase gene expression, while a truncated ARE1 mutant lacking the C-terminal 12 amino acids that are required for the interaction with TAM1 interfered with cellulase biosynthesis. The defect in cellulase induction of Δtam1 was rescued by overexpression of the key transactivator for cellulase gene, XYR1. Our results thus identify a nitrogen metabolism regulator as a new modulator participating in the regulation of induced cellulase gene expression."
5725425,29229981,The mating type locus protein MAT1-2-1 of Trichoderma reesei interacts with Xyr1 and regulates cellulase gene expression in response to light,2017,[],0,"{'xyr1': 21, 'ace3': 0, 'cbh1': 0, 'cellulase': 14, 'reesei': 10}",5.1015380264620624,Scientific Reports,10.1038/s41598-017-17439-2,"['Zheng, Fanglin', 'Cao, Yanli', 'Wang, Lei', 'Lv, Xinxing', 'Meng, Xiangfeng', 'Zhang, Weixin', 'Chen, Guanjun', 'Liu, Weifeng']","Cellulase production in the model cellulolytic fungus Trichoderma reesei is subject to a variety of environmental and physiological conditions involving an intricate regulatory network with multiple transcription factors. Here, we identified the mating type locus protein MAT1-2-1 as an interacting partner for the key transcriptional activator Xyr1 of T. reesei cellulase genes. Yeast two-hybrid and GST pulldown analyses revealed that MAT1-2-1 directly interacted with the putative transcription activation domain (AD, 767~940 aa) and the middle homology region (MHR2, 314~632 aa) of Xyr1. Disruption of the mat1-2-1 gene compromised the induced expression of cellulase genes with Avicel in response to light or with lactose. Chromatin immunoprecipitation (ChIP) demonstrated that MAT1-2-1 was recruited to the cbh1 (cellobiohydrolase 1-encoding) gene promoter in a Xyr1-dependent manner. These results strongly support an important role of MAT1-2-1 as a physiological cofactor of Xyr1, and suggest that MAT1-2-1 represents another regulatory node that integrates the light response with carbon source signaling to fine tune cellulase gene transcription."
9431493,35852347,Functional Characterization of Sugar Transporter CRT1 Reveals Differential Roles of Its C-Terminal Region in Sugar Transport and Cellulase Induction in Trichoderma reesei,2022,"['trichoderma reesei', 'cellulase induction', 'crt1', 'transceptor', 'transporter']",0,"{'xyr1': 45, 'ace3': 0, 'cbh1': 6, 'cellulase': 67, 'reesei': 18}",7.341121660120673,Microbiology Spectrum,10.1128/spectrum.00872-22,"['Wang, Zhixing', 'Yang, Renfei', 'Lv, Wenhao', 'Zhang, Weixin', 'Meng, Xiangfeng', 'Liu, Weifeng', 'Atanasova, Lea']","The expression of cellulase genes in lignocellulose-degrading fungus Trichoderma reesei is induced by insoluble cellulose and its soluble derivatives. Membrane-localized transporter/transceptor proteins have been thought to be involved in nutrient uptake and/or sensing to initiate the subsequent signal transduction during cellulase gene induction. Crt1 is a sugar transporter proven to be essential for cellulase gene induction although the detailed mechanism of Crt1-triggered cellulase induction remains elusive. In this study, we focused on the C-terminus region of Crt1 which is predicted to exist as an unstructured cytoplasmic tail in T. reesei. Serial C-terminal truncation of Crt1 revealed that deleting the last half of the C-terminal region of Crt1 hardly affected its transporting activity or ability to mediate the induction of cellulase gene expression. In contrast, removal of the entire C-terminus region eliminated both activities. Of note, Crt1-C5, retaining only the first five amino acids of C-terminus, was found to be capable of transporting lactose but failed to restore cellulase gene induction in the Δcrt1 strain. Analysis of the cellular localization of Crt1 showed that Crt1 existed both at the plasma membrane and at the periphery of the nucleus although the functional relevance is not clear at present. Finally, we showed that the cellulase production defect of Δcrt1 was corrected by overexpressing Xyr1, indicating that Xyr1 is a potential regulatory target of the signaling cascade initiated from Crt1."
7894907,33606681,Interdependent recruitment of CYC8/TUP1 and the transcriptional activator XYR1 at target promoters is required for induced cellulase gene expression in Trichoderma reesei,2021,[],0,"{'xyr1': 86, 'ace3': 0, 'cbh1': 3, 'cellulase': 74, 'reesei': 33}",7.658211482751795,PLoS Genetics,10.1371/journal.pgen.1009351,"['Wang, Lei', 'Zhang, Weixin', 'Cao, Yanli', 'Zheng, Fanglin', 'Zhao, Guolei', 'Lv, Xinxing', 'Meng, Xiangfeng', 'Liu, Weifeng', 'Butler, Geraldine']","Cellulase production in filamentous fungus Trichoderma reesei is highly responsive to various environmental cues involving multiple positive and negative regulators. XYR1 (Xylanase regulator 1) has been identified as the key transcriptional activator of cellulase gene expression in T. reesei. However, the precise mechanism by which XYR1 achieves transcriptional activation of cellulase genes is still not fully understood. Here, we identified the TrCYC8/TUP1 complex as a novel coactivator for XYR1 in T. reesei. CYC8/TUP1 is the first identified transcriptional corepressor complex mediating repression of diverse genes in Saccharomyces cerevisiae. Knockdown of Trcyc8 or Trtup1 resulted in markedly impaired cellulase gene expression in T. reesei. We found that TrCYC8/TUP1 was recruited to cellulase gene promoters upon cellulose induction and this recruitment is dependent on XYR1. We further observed that repressed Trtup1 or Trcyc8 expression caused a strong defect in XYR1 occupancy and loss of histone H4 at cellulase gene promoters. The defects in XYR1 binding and transcriptional activation of target genes in Trtup1 or Trcyc8 repressed cells could not be overcome by XYR1 overexpression. Our results reveal a novel coactivator function for TrCYC8/TUP1 at the level of activator binding, and suggest a mechanism in which interdependent recruitment of XYR1 and TrCYC8/TUP1 to cellulase gene promoters represents an important regulatory circuit in ensuring the induced cellulase gene expression. These findings thus contribute to unveiling the intricate regulatory mechanism underlying XYR1-mediated cellulase gene activation and also provide an important clue that will help further improve cellulase production by T. reesei."
9118834,35590356,Transmembrane transport process and endoplasmic reticulum function facilitate the role of gene cel1b in cellulase production of Trichoderma reesei,2022,"['filamentous fungus', 'β-glucosidase', 'cel1b', 'sugar transporters', 'protein export', 'protein processing', 'endoplasmic reticulum']",0,"{'xyr1': 0, 'ace3': 0, 'cbh1': 0, 'cellulase': 0, 'reesei': 0}",2.747233929620033,Microbial Cell Factories,10.1186/s12934-022-01809-1,"['Pang, Ai-Ping', 'Luo, Yongsheng', 'Hu, Xin', 'Zhang, Funing', 'Wang, Haiyan', 'Gao, Yichen', 'Durrani, Samran', 'Li, Chengcheng', 'Shi, Xiaotong', 'Wu, Fu-Gen', 'Li, Bing-Zhi', 'Lu, Zuhong', 'Lin, Fengming']","A total of 11 β-glucosidases are predicted in the genome of Trichoderma reesei, which are of great importance for regulating cellulase biosynthesis. Nevertheless, the relevant function and regulation mechanism of each β-glucosidase remained unknown."
4528718,26248555,The impact of chromatin remodelling on cellulase expression in Trichoderma reesei,2015,[],0,"{'xyr1': 0, 'ace3': 0, 'cbh1': 0, 'cellulase': 0, 'reesei': 0}",1.9475325801058645,BMC Genomics,10.1186/s12864-015-1807-7,"['Mello-de-Sousa, Thiago M.', 'Rassinger, Alice', 'Pucher, Marion E.', 'dos Santos Castro, Lilian', 'Persinoti, Gabriela F.', 'Silva-Rocha, Rafael', 'Poças-Fonseca, Marcio J.', 'Mach, Robert L.', 'Nascimento Silva, Roberto', 'Mach-Aigner, Astrid R.']","Trichoderma reesei is used for industry-scale production of plant cell wall-degrading enzymes, in particular cellulases, but also xylanases. The expression of the encoding genes was so far primarily investigated on the level of transcriptional regulation by regulatory proteins. Otherwise, the impact of chromatin remodelling on gene expression received hardly any attention. In this study we aimed to learn if the chromatin status changes in context to the applied conditions (repressing/inducing), and if the presence or absence of the essential transactivator, the Xylanase regulator 1 (Xyr1), influences the chromatin packaging."
10978942,38548869,The protein methyltransferase TrSAM inhibits cellulase gene expression by interacting with the negative regulator ACE1 in Trichoderma reesei,2024,"['fungi', 'post-translational modifications']",0,"{'xyr1': 34, 'ace3': 2, 'cbh1': 34, 'cellulase': 58, 'reesei': 48}",8.18289089274548,Communications Biology,10.1038/s42003-024-06072-1,"['Zhu, Zhihua', 'Zou, Gen', 'Chai, Shunxing', 'Xiao, Meili', 'Wang, Yinmei', 'Wang, Pingping', 'Zhou, Zhihua']","Protein methylation is a commonly posttranslational modification of transcriptional regulators to fine-tune protein function, however, whether this regulation strategy participates in the regulation of lignocellulase synthesis and secretion in Trichoderma reesei remains unexplored. Here, a putative protein methyltransferase (TrSAM) is screened from a T. reesei mutant with the ability to express heterologous β-glucosidase efficiently even under glucose repression. The deletion of its encoding gene trsam causes a significant increase of cellulase activities in all tested T. reesei strains, including transformants of expressing heterologous genes using cbh1 promotor. Further investigation confirms that TrSAM interacts with the cellulase negative regulator ACE1 via its amino acid residue Arg383, which causes a decrease in the ACE1-DNA binding affinity. The enzyme activity of a T. reesei strain harboring ACE1R383Q increases by 85.8%, whereas that of the strains with trsam or ace1 deletion increases by more than 100%. By contrast, the strain with ACE1R383K shows no difference to the parent strain. Taken together, our results demonstrate that TrSAM plays an important role in regulating the expression of cellulase and heterologous proteins initiated by cbh1 promotor through interacting with ACE1R383. Elimination and mutation of TrSAM and its downstream ACE1 alleviate the carbon catabolite repression (CCR) in expressing cellulase and heterologous protein in varying degrees. This provides a new solution for the exquisite modification of T. reesei chassis."
4227869,25386652,The VELVET A Orthologue VEL1 of Trichoderma reesei Regulates Fungal Development and Is Essential for Cellulase Gene Expression,2014,[],0,"{'xyr1': 17, 'ace3': 0, 'cbh1': 0, 'cellulase': 60, 'reesei': 74}",6.3957483281790335,PLoS ONE,10.1371/journal.pone.0112799,"['Karimi Aghcheh, Razieh', 'Németh, Zoltán', 'Atanasova, Lea', 'Fekete, Erzsébet', 'Paholcsek, Melinda', 'Sándor, Erzsébet', 'Aquino, Benigno', 'Druzhinina, Irina S.', 'Karaffa, Levente', 'Kubicek, Christian P.', 'Yu, Jae-Hyuk']","'], b'Trichoderma reesei is the industrial producer of cellulases and hemicellulases for biorefinery processes. Their expression is obligatorily dependent on the function of the protein methyltransferase LAE1. The Aspergillus nidulans orthologue of LAE1 - LaeA - is part of the VELVET protein complex consisting of LaeA, VeA and VelB that regulates secondary metabolism and sexual as well as asexual reproduction. Here we have therefore investigated the function of VEL1, the T. reesei orthologue of A. nidulans VeA. Deletion of the T. reesei vel1 locus causes a complete and light-independent loss of conidiation, and impairs formation of perithecia. Deletion of vel1 also alters hyphal morphology towards hyperbranching and formation of thicker filaments, and with consequently reduced growth rates. Growth on lactose as a sole carbon source, however, is even more strongly reduced and growth on cellulose as a sole carbon source eliminated. Consistent with these findings, deletion of vel1 completely impaired the expression of cellulases, xylanases and the cellulase regulator XYR1 on lactose as a cellulase inducing carbon source, but also in resting mycelia with sophorose as inducer. Our data show that in T. reesei VEL1 controls sexual and asexual development, and this effect is independent of light. VEL1 is also essential for cellulase gene expression, which is consistent with the assumption that their regulation by LAE1 occurs by the VELVET complex."
8725555,34983541,Development of a powerful synthetic hybrid promoter to improve the cellulase system of Trichoderma reesei for efficient saccharification of corncob residues,2022,"['synthetic hybrid promoter', 'trichoderma reesei', 'cbh1', 'cdna1', 'cellulase', 'biomass bioconversion']",0,"{'xyr1': 5, 'ace3': 0, 'cbh1': 133, 'cellulase': 44, 'reesei': 61}",8.151922583662898,Microbial Cell Factories,10.1186/s12934-021-01727-8,"['Wang, Yifan', 'Liu, Ruiyan', 'Liu, Hong', 'Li, Xihai', 'Shen, Linjing', 'Zhang, Weican', 'Song, Xin', 'Liu, Weifeng', 'Liu, Xiangmei', 'Zhong, Yaohua']","The filamentous fungus Trichoderma reesei is a widely used workhorse for cellulase production in industry due to its prominent secretion capacity of extracellular cellulolytic enzymes. However, some key components are not always sufficient in this cellulase cocktail, making the conversion of cellulose-based biomass costly on the industrial scale. Development of strong and efficient promoters would enable cellulase cocktail to be optimized for bioconversion of biomass."
10197057,37208691,Inducer-free recombinant protein production in Trichoderma reesei: secretory production of endogenous enzymes and heterologous nanobodies using glucose as the sole carbon source,2023,"['trichoderma reesei', 'recombinant protein', 'cellulase', 'cellulose', 'glucose', 'antibody', 'vhh', 'nanobody', 'xyr1', 'ace3']",0,"{'xyr1': 0, 'ace3': 0, 'cbh1': 0, 'cellulase': 0, 'reesei': 0}",2.9385994553358565,Microbial Cell Factories,10.1186/s12934-023-02109-y,"['Arai, Toshiharu', 'Wada, Mayumi', 'Nishiguchi, Hiroki', 'Takimura, Yasushi', 'Ishii, Jun']","The filamentous fungus Trichoderma reesei has been used as a host organism for the production of lignocellulosic biomass-degrading enzymes. Although this microorganism has high potential for protein production, it has not yet been widely used for heterologous recombinant protein production. Transcriptional induction of the cellulase genes is essential for high-level protein production in T. reesei; however, glucose represses this transcriptional induction. Therefore, cellulose is commonly used as a carbon source for providing its degraded sugars such as cellobiose, which act as inducers to activate the strong promoters of the major cellulase (cellobiohydrolase 1 and 2 (cbh1 and cbh2) genes. However, replacement of cbh1 and/or cbh2 with a gene encoding the protein of interest (POI) for high productivity and occupancy of recombinant proteins remarkably impairs the ability to release soluble inducers from cellulose, consequently reducing the production of POI. To overcome this challenge, we first used an inducer-free biomass-degrading enzyme expression system, previously developed to produce cellulases and hemicellulases using glucose as the sole carbon source, for recombinant protein production using T. reesei."
9113457,33693788,"Disruption of the Trichoderma reesei gul1 gene'], b'stim': [b'ates hyphal branching and reduces broth viscosity in cellulase'], b'prod': [b'tion",2021,"['hyphal morphology', 'trichoderma reesei', 'cellulase', 'protein production', 'filamentous fungus']",0,"{'xyr1': 0, 'ace3': 0, 'cbh1': 0, 'cellulase': 0, 'reesei': 0}",2.584962500721156,Journal of Industrial Microbiology & Biotechnology,10.1093/jimb/kuab012,"['Zhao, Qinqin', 'Liu, Qin', 'Wang, Qi', 'Qin, Yuqi', 'Zhong, Yaohua', 'Gao, Liwei', 'Qu, Yinbo', 'Liu, Guodong']","Hyphal morphology is considered to have a close relationship with the production', b'gineering of gul1 in an industrially important', b'oduction of heterologous proteins (e.g., lipase and pharmaceutical proteins)', b'owledge of cell growth and development. For example, deletion of a', b'rent strain. In addition, the mutant showed a lower viscosity of fermentation', b'dium. Images of hyphae on cellulose agar plates or mycelia in liquid', b'adford Protein Assay Kit (Sangon Biotech, Shanghai, China)."
10364367,37488642,Role of cellulose response transporter-like protein CRT2 in cellulase induction in Trichoderma reesei,2023,"['trichoderma reesei', 'sugar transporter', 'crt2', 'cellulase induction']",0,"{'xyr1': 43, 'ace3': 3, 'cbh1': 2, 'cellulase': 117, 'reesei': 36}",8.10678101845012,Biotechnology for Biofuels and Bioproducts,10.1186/s13068-023-02371-7,"['Yan, Su', 'Xu, Yan', 'Yu, Xiao-Wei']","Induction of cellulase in cellulolytic fungi Trichoderma reesei is strongly activated by cellulosic carbon sources. The transport of cellulosic inducer and the perception of inducing signal is generally considered as the critical process for cellulase induction, that the inducing signal would be perceived by a sugar transporter/transceptor in T. reesei. Several sugar transporters are coexpressed during the induction stage, but which function they serve and how they work collaboratively are still difficult to elucidate."
3209057,21890820,"Expression of Biomass-Degrading Enzymes Is a Major Event during Conidium Development in Trichoderma reesei'], b'▿', b'ref-type=""fn"" rid=""FN2"">†",2011,[],0,"{'xyr1': 0, 'ace3': 0, 'cbh1': 0, 'cellulase': 0, 'reesei': 0}",1.6880559936852597,Eukaryotic Cell,10.1128/EC.05014-11,"['Metz, Benjamin', 'Seidl-Seiboth, Verena', 'Haarmann, Thomas', 'Kopchinskiy, Alexeij', 'Lorenz, Patrick', 'Seiboth, Bernhard', 'Kubicek, Christian P.']","The conidium plays a critical role in the life cycle of many filamentous fungi, being the primary means for survival under unfavorable conditions. To investigate the transcriptional changes taking place during the transition from growing hyphae to conidia in Trichoderma reesei, microarray experiments were performed. A total of 900 distinct genes were classified as differentially expressed, relative to their expression at time zero of conidiation, at least at one of the time points analyzed. The main functional categories (FunCat) overrepresented among the upregulated genes were those involving solute transport, metabolism, transcriptional regulation, secondary metabolite synthesis, lipases, proteases, and, particularly, cellulases and hemicellulases. Categories overrepresented among the downregulated genes were especially those associated with ribosomal and mitochondrial functions. The upregulation of cellulase and hemicellulase genes was dependent on the function of the positive transcriptional regulator XYR1, but XYR1 exerted no influence on conidiation itself. At least 20% of the significantly regulated genes were nonrandomly distributed within the T. reesei genome, suggesting an epigenetic component in the regulation of conidiation. The significant upregulation of cellulases and hemicellulases during this process, and thus cellulase and hemicellulase content in the spores of T. reesei, contributes to the hypothesis that the ability to hydrolyze plant biomass is a major trait of this fungus enabling it to break dormancy and reinitiate vegetative growth after a period of facing unfavorable conditions."
3275749,22080343,A homologous production system for Trichoderma reesei secreted proteins in a cellulase-free background,2011,"['cellulase', 'recombinant protein production', 'hypocrea jecorina', 'xyr1', 'cdna1', 'tef1']",0,"{'xyr1': 16, 'ace3': 0, 'cbh1': 4, 'cellulase': 46, 'reesei': 15}",5.293599371828868,Applied Microbiology and Biotechnology,10.1007/s00253-011-3674-8,"['Uzbas, Fatma', 'Sezerman, Ugur', 'Hartl, Lukas', 'Kubicek, Christian P.', 'Seiboth, Bernhard']","Recent demands for the production of biofuels from lignocellulose led to an increased interest in engineered cellulases from Trichoderma reesei or other fungal sources. While the methods to generate such mutant cellulases on DNA level are straightforward, there is often a bottleneck in their production since a correct posttranslational processing of these enzymes is needed to obtain highly active enzymes. Their production and subsequent enzymatic analysis in the homologous host T. reesei is, however, often disturbed by the concomitant production of other endogenous cellulases. As a useful alternative, we tested the production of cellulases in T. reesei in a genetic background where cellulase formation has been impaired by deletion of the major cellulase transcriptional activator gene xyr1. Three cellulase genes (cel7a, cel7b, and cel12a) were expressed under the promoter regions of the two highly expressed genes tef1 (encoding translation elongation factor 1-alpha) or cdna1 (encoding the hypothetical protein Trire2:110879). When cultivated on d-glucose as carbon source, the Δxyr1 strain secreted all three cellulases into the medium. Related to the introduced gene copy number, the cdna1 promoter appeared to be superior to the tef1 promoter. No signs of proteolysis were detected, and the individual cellulases could be assayed over a background essentially free of other cellulases. Hence this system can be used as a vehicle for rapid and high-throughput testing of cellulase muteins in a homologous background."
10790555,38229067,Proteome profiling of enriched membrane-associated proteins unraveled a novel sophorose and cello-oligosaccharide transporter in Trichoderma reesei,2024,"['trichoderma reesei', 'cellulose', 'membrane-associated proteome', 'sugar transporters']",0,"{'xyr1': 0, 'ace3': 0, 'cbh1': 0, 'cellulase': 0, 'reesei': 0}",3.169925001442312,Microbial Cell Factories,10.1186/s12934-023-02279-9,"['Nogueira, Karoline Maria Vieira', 'Mendes, Vanessa', 'Kamath, Karthik Shantharam', 'Cheruku, Anusha', 'Oshiquiri, Letícia Harumi', 'de Paula, Renato Graciano', 'Carraro, Claudia', 'Pedersoli, Wellington Ramos', 'Pereira, Lucas Matheus Soares', 'Vieira, Luiz Carlos', 'Steindorff, Andrei Stecca', 'Amirkhani, Ardeshir', 'McKay, Matthew J.', 'Nevalainen, Helena', 'Molloy, Mark P.', 'Silva, Roberto N.']","Trichoderma reesei is an organism extensively used in the bioethanol industry, owing to its capability to produce enzymes capable of breaking down holocellulose into simple sugars. The uptake of carbohydrates generated from cellulose breakdown is crucial to induce the signaling cascade that triggers cellulase production. However, the sugar transporters involved in this process in T. reesei remain poorly identified and characterized."
3753334,23991059,"A Mitogen-Activated Protein Kinase Tmk3 Participates in High Osmolarity Resistance, Cell Wall Integrity Maintenance and Cellulase Production Regulation in Trichoderma reesei'], b'Function of a Hog1-Type MAPK (Tmk3) in T. reesei",2013,[],0,"{'xyr1': 2, 'ace3': 0, 'cbh1': 4, 'cellulase': 49, 'reesei': 101}",6.348728154231077,PLoS ONE,10.1371/journal.pone.0072189,"['Wang, Mingyu', 'Zhao, Qiushuang', 'Yang, Jinghua', 'Jiang, Baojie', 'Wang, Fangzhong', 'Liu, Kuimei', 'Fang, Xu', 'Harris, Steven']","The mitogen-activated protein kinase (MAPK) pathways are important signal transduction pathways conserved in essentially all eukaryotes, but haven\'t been subjected to functional studies in the most important cellulase-producing filamentous fungus Trichoderma reesei. Previous reports suggested the presence of three MAPKs in T. reesei: Tmk1, Tmk2, and Tmk3. By exploring the phenotypic features of T. reesei Δtmk3, we first showed elevated NaCl sensitivity and repressed transcription of genes involved in glycerol/trehalose biosynthesis under higher osmolarity, suggesting Tmk3 participates in high osmolarity resistance via derepression of genes involved in osmotic stabilizer biosynthesis. We also showed significant downregulation of genes encoding chitin synthases and a β-1,3-glucan synthase, decreased chitin content, ‘budded’ hyphal appearance typical to cell wall defective strains, and increased sensitivity to calcofluor white/Congo red in the tmk3 deficient strain, suggesting Tmk3 is involved in cell wall integrity maintenance in T. reesei. We further observed the decrease of cellulase transcription and production in T. reesei Δtmk3 during submerged cultivation, as well as the presence of MAPK phosphorylation sites on known transcription factors involved in cellulase regulation, suggesting Tmk3 is also involved in the regulation of cellulase production. Finally, the expression of cell wall integrity related genes, the expression of cellulase coding genes, cellulase production and biomass accumulation were compared between T. reesei Δtmk3 grown in solid state media and submerged media, showing a strong restoration effect in solid state media from defects resulted from tmk3 deletion. These results showed novel physiological processes that fungal Hog1-type MAPKs are involved in, and present the first experimental investigation of MAPK signaling pathways in T. reesei. Our observations on the restoration effect during solid state cultivation suggest that T. reesei is evolved to favor solid state growth, bringing up the proposal that the submerged condition normally used during investigations on fungal physiology might be misleading."
5009570,27585813,A β-glucosidase hyper-production Trichoderma reesei mutant reveals a potential role of cel3D in cellulase production,2016,"['trichoderma reesei', 'cellulase', 'β-glucosidase', 'hyper-production', 'carbon catabolite repression', 'cel3d']",0,"{'xyr1': 0, 'ace3': 0, 'cbh1': 0, 'cellulase': 0, 'reesei': 0}",2.027480736422107,Microbial Cell Factories,10.1186/s12934-016-0550-3,"['Li, Chengcheng', 'Lin, Fengming', 'Li, Yizhen', 'Wei, Wei', 'Wang, Hongyin', 'Qin, Lei', 'Zhou, Zhihua', 'Li, Bingzhi', 'Wu, Fugen', 'Chen, Zhan']","The conversion of cellulose by cellulase to fermentable sugars for biomass-based products such as cellulosic biofuels, biobased fine chemicals and medicines is an environment-friendly and sustainable process, making wastes profitable and bringing economic benefits. Trichoderma reesei is the well-known major workhorse for cellulase production in industry, but the low β-glucosidase activity in T. reesei cellulase leads to inefficiency in biomass degradation and limits its industrial application. Thus, there are ongoing interests in research to develop methods to overcome this insufficiency. Moreover, although β-glucosidases have been demonstrated to influence cellulase production and participate in the regulation of cellulase production, the underlying mechanism remains unclear."
10170752,37161391,Current genetic strategies to investigate gene functions in Trichoderma reesei,2023,"['trichoderma reesei', 'non-homologous end joining', 'homologous recombination', 'rna interference', 'promoter replacement', 'repeat-induced point mutation', 'crispr/cas9', 'gene complementation and overexpression']",0,"{'xyr1': 0, 'ace3': 0, 'cbh1': 0, 'cellulase': 0, 'reesei': 0}",2.9385994553358565,Microbial Cell Factories,10.1186/s12934-023-02104-3,"['Ma, Chixiang', 'Liu, Jialong', 'Tang, Jiaxin', 'Sun, Yuanlu', 'Jiang, Xiaojie', 'Zhang, Tongtong', 'Feng, Yan', 'Liu, Qinghua', 'Wang, Lei']","The filamentous fungus Trichoderma reesei (teleomorph Hypocrea jecorina, Ascomycota) is a well-known lignocellulolytic enzymes-producing strain in industry. To increase the fermentation titer of lignocellulolytic enzymes, random mutagenesis and rational genetic engineering in T. reesei were carried out since it was initially found in the Solomon Islands during the Second World War. Especially the continuous exploration of the underlying regulatory network during (hemi)cellulase gene expression in the post-genome era provided various strategies to develop an efficient fungal cell factory for these enzymes’ production. Meanwhile, T. reesei emerges competitiveness potential as a filamentous fungal chassis to produce proteins from other species (e.g., human albumin and interferon α-2b, SARS-CoV-2 N antigen) in virtue of the excellent expression and secretion system acquired during the studies about (hemi)cellulase production. However, all the achievements in high yield of (hemi)cellulases are impossible to finish without high-efficiency genetic strategies to analyze the proper functions of those genes involved in (hemi)cellulase gene expression or secretion. Here, we in detail summarize the current strategies employed to investigate gene functions in T. reesei. These strategies are supposed to be beneficial for extending the potential of T. reesei in prospective strain engineering."
6691364,31447796,"CLP1, a Novel Plant Homeo Domain Protein, Participates in Regulating Cellulase Gene Expression in the Filamentous Fungus Trichoderma reesei",2019,"['trichoderma reesei', 'cellulase gene', 'transcriptional regulator', 'clp1', 'xyr1']",0,"{'xyr1': 40, 'ace3': 16, 'cbh1': 0, 'cellulase': 71, 'reesei': 41}",7.123086750981061,Frontiers in Microbiology,10.3389/fmicb.2019.01700,"['Wang, Lei', 'Yang, Renfei', 'Cao, Yanli', 'Zheng, Fanglin', 'Meng, Xiangfeng', 'Zhong, Yaohua', 'Chen, Guanjun', 'Zhang, Weixin', 'Liu, Weifeng']","The stringent regulatory network of cellulase gene expression in the filamentous fungus Trichoderma reesei involves multiple transcriptional regulators. However, identification and mechanistic investigation of these regulators are still insufficient. Here, we identified a novel transcriptional regulator, CLP1, a plant homeo domain (PHD) Protein that participates in regulating T. reesei cellulase gene expression. Phylogenetic analyses demonstrated that CLP1 homologs are widely distributed in filamentous fungi including Trichoderma, Penicillium, Fusarium, Neurospora, and Aspergillus species. We demonstrated that CLP1 is a nuclear protein and lack of CLP1 significantly impaired the induced expression of cellulase genes. ChIP experiments showed CLP1 binding to the cellulase gene promoters specifically under cellulose conditions and compromised XYR1 occupancy on the same promoters in the absence of CLP1 at the early induction stage. XYR1 overexpression fully rescued the defect in cellulase production but not the defect in conidia formation in the clp1 null mutant. Further analysis showed that the PHD is required for the CLP1 appropriate subcellular localization as well as the induced cellulase gene expression and conidiation. Taken together, these data demonstrated an important role of CLP1 in the regulation of cellulase and xylanase gene expression in T. reesei."
8033665,33832521,Rational engineering of xylanase hyper-producing system in Trichoderma reesei for efficient biomass degradation,2021,"['ace1', 'lignocellulose', 'trichoderma reesei', 'xylanase', 'xylanolytic enzymes', 'xynii', 'xyr1', 'saccharification']",0,"{'xyr1': 0, 'ace3': 0, 'cbh1': 0, 'cellulase': 0, 'reesei': 0}",2.584962500721156,Biotechnology for Biofuels,10.1186/s13068-021-01943-9,"['Yan, Su', 'Xu, Yan', 'Yu, Xiao-Wei']","Filamentous fungus Trichoderma reesei has been widely used as a workhorse for cellulase and xylanase productions. Xylanase has been reported as the crucial accessory enzyme in the degradation of lignocellulose for higher accessibility of cellulase. In addition, the efficient hydrolysis of xylan needs the co-work of multiple xylanolytic enzymes, which rise an increasing demand for the high yield of xylanase for efficient biomass degradation."
6430808,30902998,Novel genetic tools that enable highly pure protein production in Trichoderma reesei,2019,[],0,"{'xyr1': 2, 'ace3': 0, 'cbh1': 27, 'cellulase': 18, 'reesei': 50}",6.368069876532083,Scientific Reports,10.1038/s41598-019-41573-8,"['Rantasalo, Anssi', 'Vitikainen, Marika', 'Paasikallio, Toni', 'Jäntti, Jussi', 'Landowski, Christopher P.', 'Mojzita, Dominik']","Trichoderma reesei is an established protein production host with high natural capacity to secrete enzymes. The lack of efficient genome engineering approaches and absence of robust constitutive gene expression systems limits exploitation of this organism in some protein production applications. Here we report engineering of T. reesei for high-level production of highly enriched lipase B of Candida antarctica (calB) using glucose as a carbon source. Multiplexed CRISPR/Cas9 in combination with the use of our recently established synthetic expression system (SES) enabled accelerated construction of strains, which produced high amounts of highly pure calB. Using SES, calB production levels in cellulase-inducing medium were comparable to the levels obtained by using the commonly employed inducible cbh1 promoter, where a wide spectrum of native enzymes were co-produced. Due to highly constitutive expression provided by the SES, it was possible to carry out the production in cellulase-repressing glucose medium leading to around 4 grams per liter of fully functional calB and simultaneous elimination of unwanted background enzymes."
10770280,38187093,Structure-guided engineering of transcriptional activator XYR1 for inducer-free production of lignocellulolytic enzymes in Trichoderma reesei,2023,"['xylanase', 'cellulase', 'trichoderma reesei', 'transcription factor', 'genome editing']",0,"{'xyr1': 65, 'ace3': 1, 'cbh1': 2, 'cellulase': 21, 'reesei': 20}",7.257387842692652,Synthetic and Systems Biotechnology,10.1016/j.synbio.2023.11.005,"['Zhao, Qinqin', 'Yang, Zezheng', 'Xiao, Ziyang', 'Zhang, Zheng', 'Xing, Jing', 'Liang, Huiqi', 'Gao, Liwei', 'Zhao, Jian', 'Qu, Yinbo', 'Liu, Guodong']","The filamentous fungus Trichoderma reesei is widely used for the production of lignocellulolytic enzymes in industry. XYR1 is the major transcriptional activator of cellulases and hemicellulases in T. reesei. However, rational engineering of XYR1 for improved lignocellulolytic enzymes production has been limited by the lack of structure information. Here, alanine 873 was identified as a new potential target for the engineering of XYR1 based on its structure predicted by AlphaFold2. The mutation of this residue to tyrosine enabled significantly enhanced production of xylanolytic enzymes in the medium with cellulose as the carbon source. Moreover, xylanase and cellulase production increased by 56.7- and 3.3-fold, respectively, when glucose was used as the sole carbon source. Under both conditions, the improvements of lignocellulolytic enzyme production were higher than those in the previously reported V821F mutant. With the enriched hemicellulases and cellulases, the crude enzymes secreted by the A873Y mutant strain produced 51 % more glucose and 52 % more xylose from pretreated corn stover than those of the parent strain. The results provide a novel strategy for engineering the lignocellulolytic enzyme-producing capacity of T. reesei, and would be helpful for understanding the molecular mechanisms of XYR1 regulation."
8912865,35281818,Network Analysis Reveals Different Cellulose Degradation Strategies Across Trichoderma harzianum Strains Associated With XYR1 and CRE1,2022,"['trichoderma harzianum', 'trichoderma atroviride', 'cellulose', 'transcription factors', 'coexpression networks']",0,"{'xyr1': 0, 'ace3': 0, 'cbh1': 0, 'cellulase': 0, 'reesei': 0}",2.747233929620033,Frontiers in Genetics,10.3389/fgene.2022.807243,"['Rosolen, Rafaela Rossi', 'Aono, Alexandre Hild', 'Almeida, Déborah Aires', 'Ferreira Filho, Jaire Alves', 'Horta, Maria Augusta Crivelente', 'De Souza, Anete Pereira']","'], b'Trichoderma harzianum, whose gene expression is tightly controlled by the transcription factors (TFs) XYR1 and CRE1, is a potential candidate for hydrolytic enzyme production. Here, we performed a network analysis of T. harzianum IOC-3844 and T. harzianum CBMAI-0179 to explore how the regulation of these TFs varies between these strains. In addition, we explored the evolutionary relationships of XYR1 and CRE1 protein sequences among Trichoderma spp. The results of the T. harzianum strains were compared with those of Trichoderma atroviride CBMAI-0020, a mycoparasitic species. Although transcripts encoding carbohydrate-active enzymes (CAZymes), TFs, transporters, and proteins with unknown functions were coexpressed with cre1 or xyr1, other proteins indirectly related to cellulose degradation were identified. The enriched GO terms describing the transcripts of these groups differed across all strains, and several metabolic pathways with high similarity between both regulators but strain-specific differences were identified. In addition, the CRE1 and XYR1 subnetworks presented different topology profiles in each strain, likely indicating differences in the influences of these regulators according to the fungi. The hubs of the cre1 and xyr1 groups included transcripts not yet characterized or described as being related to cellulose degradation. The first-neighbor analyses confirmed the results of the profile of the coexpressed transcripts in cre1 and xyr1. The analyses of the shortest paths revealed that CAZymes upregulated under cellulose degradation conditions are most closely related to both regulators, and new targets between such signaling pathways were discovered. Although the evaluated T. harzianum strains are phylogenetically close and their amino acid sequences related to XYR1 and CRE1 are very similar, the set of transcripts related to xyr1 and cre1 differed, suggesting that each T. harzianum strain used a specific regulation strategy for cellulose degradation. More interestingly, our findings may suggest that XYR1 and CRE1 indirectly regulate genes encoding proteins related to cellulose degradation in the evaluated T. harzianum strains. An improved understanding of the basic biology of fungi during the cellulose degradation process can contribute to the use of their enzymes in several biotechnological applications and pave the way for further studies on the differences across strains of the same species."
4567317,26360497,"Synergistic and Dose-Controlled Regulation of Cellulase Gene Expression in Penicillium oxalicum'], b'Regulation of Cellulase Gene Expression",2015,[],0,"{'xyr1': 4, 'ace3': 1, 'cbh1': 10, 'cellulase': 92, 'reesei': 8}",6.120423040024738,PLoS Genetics,10.1371/journal.pgen.1005509,"['Li, Zhonghai', 'Yao, Guangshan', 'Wu, Ruimei', 'Gao, Liwei', 'Kan, Qinbiao', 'Liu, Meng', 'Yang, Piao', 'Liu, Guodong', 'Qin, Yuqi', 'Song, Xin', 'Zhong, Yaohua', 'Fang, Xu', 'Qu, Yinbo', 'Glass, N. Louise']","Filamentous fungus Penicillium oxalicum produces diverse lignocellulolytic enzymes, which are regulated by the combinations of many transcription factors. Here, a single-gene disruptant library for 470 transcription factors was constructed and systematically screened for cellulase production. Twenty transcription factors (including ClrB, CreA, XlnR, Ace1, AmyR, and 15 unknown proteins) were identified to play putative roles in the activation or repression of cellulase synthesis. Most of these regulators have not been characterized in any fungi before. We identified the ClrB, CreA, XlnR, and AmyR transcription factors as critical dose-dependent regulators of cellulase expression, the core regulons of which were identified by analyzing several transcriptomes and/or secretomes. Synergistic and additive modes of combinatorial control of each cellulase gene by these regulatory factors were achieved, and cellulase expression was fine-tuned in a proper and controlled manner. With one of these targets, the expression of the major intracellular β-glucosidase Bgl2 was found to be dependent on ClrB. The Bgl2-deficient background resulted in a substantial gene activation by ClrB and proved to be closely correlated with the relief of repression mediated by CreA and AmyR during cellulase induction. Our results also signify that probing the synergistic and dose-controlled regulation mechanisms of cellulolytic regulators and using it for reconstruction of expression regulation network (RERN) may be a promising strategy for cellulolytic fungi to develop enzyme hyper-producers. Based on our data, ClrB was identified as focal point for the synergistic activation regulation of cellulase expression by integrating cellulolytic regulators and their target genes, which refined our understanding of transcriptional-regulatory network as a “seesaw model” in which the coordinated regulation of cellulolytic genes is established by counteracting activators and repressors."
7101855,32288986,Construction of enhanced transcriptional activators for improving cellulase production in Trichoderma reesei RUT C30,2018,"['enhanced transcriptional activator', 'trichoderma reesei', 'transcription factor', 'cellulase', 'xyr1', 'ace2', 'ace1']",0,"{'xyr1': 0, 'ace3': 0, 'cbh1': 0, 'cellulase': 0, 'reesei': 0}",2.2129937233341983,Bioresources and Bioprocessing,10.1186/s40643-018-0226-4,"['Zhang, Jiajia', 'Wu, Chuan', 'Wang, Wei', 'Wang, Wei', 'Wei, Dongzhi']","Enhancing cellulase production in Trichoderma reesei is of great interest for an economical biorefinery. Artificial transcription factors are a potentially powerful molecular strategy for improving cellulase production in T. reesei. In this study, enhanced transcriptional activators XYR1VP, ACE2VP, and ACE1VP were constructed by linking the C terminus of XYR1, ACE2, or ACE1 with an activation domain of herpes simplex virus protein VP16. T. reesei transformants TXYR1VP, TACE2VP, and TACE1VP showed improved cellulase and/or xylanase production. TXYR1VP has a cellulase-free phenotype but with significantly elevated xylanase production. Xylanase I and xylanase II activities [U/(mg biomass)] increased by 51% and 80%, respectively, in TXYR1VP in comparison with parental strain RUT C30. The filter paper activity of TACE2VP in the Avicel-based medium increased by 52% compared to that of RUT C30. In the Avicel-based medium, TACE1VP manifested an 80% increase in FPase activity and a 50% increase in xylanase activity as compared to those of RUT C30. Additionally, when pretreated corn stover was hydrolyzed, crude enzymes produced from TACE1VP yielded a greater glucose release than did the enzymes produced by parental strain RUT C30."
9578197,36253826,Transcription factor FfMYB15 regulates the expression of cellulase gene FfCEL6B during mycelial growth of Flammulina filiformis,2022,"['flammulina filiformis', 'myb', 'transcriptional regulation', 'cellulase', 'cellulose degradation']",0,"{'xyr1': 0, 'ace3': 0, 'cbh1': 0, 'cellulase': 0, 'reesei': 0}",2.747233929620033,Microbial Cell Factories,10.1186/s12934-022-01932-z,"['Liu, Zongqi', 'Deng, Bing', 'Yuan, Hui', 'Zhang, Benfeng', 'Liu, Jingyu', 'Meng, Junlong', 'Chang, Mingchang']","Cellulose degradation can determine mycelial growth rate and affect yield during the growth of Flammulina filiformis. The degradation of cellulose requires the joint action of a variety of cellulases, and some cellulase-related genes have been detected in mushrooms. However, little is known about the transcriptional regulatory mechanisms of cellulose degradation."
10887015,38397385,"Growth, Enzymatic, and Transcriptomic Analysis of xyr1 Deletion Reveals a Major Regulator of Plant Biomass-Degrading Enzymes in Trichoderma harzianum",2024,"['cazymes', 'xyr1/xlnr/xlr-1', 'cellulose', 'transcriptional regulation']",0,"{'xyr1': 0, 'ace3': 0, 'cbh1': 0, 'cellulase': 0, 'reesei': 0}",3.169925001442312,Biomolecules,10.3390/biom14020148,"['Wang, Lunji', 'Zhao, Yishen', 'Chen, Siqiao', 'Wen, Xian', 'Anjago, Wilfred Mabeche', 'Tian, Tianchi', 'Chen, Yajuan', 'Zhang, Jinfeng', 'Deng, Sheng', 'Jiu, Min', 'Fu, Pengxiao', 'Zhou, Dongmei', 'Druzhinina, Irina S.', 'Wei, Lihui', 'Daly, Paul', 'Lafite, Pierre']","The regulation of plant biomass degradation by fungi is critical to the carbon cycle, and applications in bioproducts and biocontrol. Trichoderma harzianum is an important plant biomass degrader, enzyme producer, and biocontrol agent, but few putative major transcriptional regulators have been deleted in this species. The T. harzianum ortholog of the transcriptional activator XYR1/XlnR/XLR-1 was deleted, and the mutant strains were analyzed through growth profiling, enzymatic activities, and transcriptomics on cellulose. From plate cultures, the Δxyr1 mutant had reduced growth on D-xylose, xylan, and cellulose, and from shake-flask cultures with cellulose, the Δxyr1 mutant had ~90% lower β-glucosidase activity, and no detectable β-xylosidase or cellulase activity. The comparison of the transcriptomes from 18 h shake-flask cultures on D-fructose, without a carbon source, and cellulose, showed major effects of XYR1 deletion whereby the Δxyr1 mutant on cellulose was transcriptionally most similar to the cultures without a carbon source. The cellulose induced 43 plant biomass-degrading CAZymes including xylanases as well as cellulases, and most of these had massively lower expression in the Δxyr1 mutant. The expression of a subset of carbon catabolic enzymes, other transcription factors, and sugar transporters was also lower in the Δxyr1 mutant on cellulose. In summary, T. harzianum XYR1 is the master regulator of cellulases and xylanases, as well as regulating carbon catabolic enzymes."
7412840,32782473,Modification of transcriptional factor ACE3 enhances protein production in Trichoderma reesei in the absence of cellulase gene inducer,2020,"['ace3 transcription factor', 'trichoderma reesei', 'inducer-free']",0,"{'xyr1': 0, 'ace3': 0, 'cbh1': 0, 'cellulase': 0, 'reesei': 0}",2.4447848426728958,Biotechnology for Biofuels,10.1186/s13068-020-01778-w,"['Luo, Yun', 'Valkonen, Mari', 'Jackson, Raymond E.', 'Palmer, Jonathan M.', 'Bhalla, Aditya', 'Nikolaev, Igor', 'Saloheimo, Markku', 'Ward, Michael']","Trichoderma reesei is one of the best-known cellulolytic organisms, producing large quantities of a complete set of extracellular cellulases and hemicellulases for the degradation of lignocellulosic substances. Hence, T. reesei is a biotechnically important host and it is used commercially in enzyme production, of both native and foreign origin. Many strategies for producing enzymes in T. reesei rely on the cbh1 and other cellulase gene promoters for high-level expression and these promoters require induction by sophorose, lactose or other inducers for high productivity during manufacturing."
4864836,27226770,"The Relation Between Promoter Chromatin Status, Xyr1 and Cellulase Ex-pression in Trichoderma reesei",2016,"['cellulases', 'chromatin', 'promoter', 'trichoderma reesei', 'rut-c30', 'xyr1.']",0,"{'xyr1': 0, 'ace3': 0, 'cbh1': 0, 'cellulase': 0, 'reesei': 0}",2.027480736422107,Current Genomics,10.2174/1389202917666151116211812,"['Mello-de-Sousa, Thiago M', 'Rassinger, Alice', 'Derntl, Christian', 'Poças-Fonseca, Marcio J.', 'Mach, Robert L', 'Mach-Aigner, Astrid R']","The ascomycete  Trichoderma reesei is used for the production of plant cell wall-degrading enzymes in industrial scale. The interplay of the transactivator Xyr1 and the repressor Cre1 mainly regulates the expression of these enzymes. During induc-ing conditions, such as in the presence of sophorose, the transcription of the two major cellulase-encoding genes, cbh1 and cbh2, is activated as well as the expression of xyr1. In the presence of D-glucose carbon catabolite repression mediated by Cre1 takes place and the expression of Xyr1 and the plant cell wall-degrading enzymes is down-regulated. In this study we compare the chromatin status of xyr1, cbh1, and cbh2 promoters in the wild-type strain and the Cre1-deficient strain Rut-C30. Chromatin rearrangement occurs in the xyr1 promoter during induction on sophorose. Chromatin opening and protein-DNA interactions in the xyr1 promoter were detected especially in a region located 0.9 kb upstream the translation start co-don, which bears several putative Cre1-binding sites and a CCAAT-box. Moreover, the xyr1 promoter is overall more acces-sible in a cre1-truncated background, no matter which carbon source is present. This makes the xyr1 regulatory sequence a good target for promoter engineering aiming at the enhancement of cellulase production."
6696435,31357701,A Novel CreA-Mediated Regulation Mechanism of Cellulase Expression in the Thermophilic Fungus Humicola insolens,2019,"['cellulase', 'crea', 'humicola insolens', 'thermophilic fungi']",0,"{'xyr1': 0, 'ace3': 0, 'cbh1': 0, 'cellulase': 0, 'reesei': 0}",2.321928094887362,International Journal of Molecular Sciences,10.3390/ijms20153693,"['Xu, Xinxin', 'Fan, Chao', 'Song, Liya', 'Li, Jinyang', 'Chen, Yuan', 'Zhang, Yuhong', 'Liu, Bo', 'Zhang, Wei']","The thermophilic fungus Humicola insolens produces cellulolytic enzymes that are of great scientific and commercial interest; however, few reports have focused on its cellulase expression regulation mechanism. In this study, we constructed a creA gene (carbon catabolite repressor gene) disruption mutant strain of H. insolens that exhibited a reduced radial growth rate and stouter hyphae compared to the wild-type (WT) strain. The creA disruption mutant also expressed elevated pNPCase (cellobiohydrolase activities), pNPGase (β-glucosidase activities), and xylanase levels in non-inducing fermentation with glucose. Unlike other fungi, the H. insolens'], b'creA disruption mutant displayed lower FPase (filter paper activity), CMCase (carboxymethyl cellulose activity), pNPCase, and pNPGase activity than observed in the WT strain when fermentation was induced using Avicel, whereas its xylanase activity was higher than that of the parental strain. These results indicate that CreA acts as a crucial regulator of hyphal growth and is part of a unique cellulase expression regulation mechanism in H. insolens. These findings provide a new perspective to improve the understanding of carbon catabolite repression regulation mechanisms in cellulase expression, and enrich the knowledge of metabolism diversity and molecular regulation of carbon metabolism in thermophilic fungi. "
4282317,25302561,Nucleo-cytoplasmic shuttling dynamics of the transcriptional regulators XYR1 and CRE1 under conditions of cellulase and xylanase gene expression in Trichoderma reesei,2014,[],0,"{'xyr1': 163, 'ace3': 1, 'cbh1': 9, 'cellulase': 74, 'reesei': 29}",7.237130273658374,Molecular Microbiology,10.1111/mmi.12824,"['Lichius, Alexander', 'Seidl-Seiboth, Verena', 'Seiboth, Bernhard', 'Kubicek, Christian P']","Trichoderma reesei is a model for investigating the regulation of (hemi-)cellulase gene expression. Cellulases are formed adaptively, and the transcriptional activator XYR1 and the carbon catabolite repressor CRE1 are main regulators of their expression. We quantified the nucleo-cytoplasmic shuttling dynamics of GFP-fusion proteins of both transcription factors under cellulase and xylanase inducing conditions, and correlated their nuclear presence/absence with transcriptional changes. We also compared their subcellular localization in conidial germlings and mature hyphae. We show that cellulase gene expression requires de novo biosynthesis of XYR1 and its simultaneous nuclear import, whereas carbon catabolite repression is regulated through preformed CRE1 imported from the cytoplasmic pool. Termination of induction immediately stopped cellulase gene transcription and was accompanied by rapid nuclear degradation of XYR1. In contrast, nuclear CRE1 rapidly decreased upon glucose depletion, and became recycled into the cytoplasm. In mature hyphae, nuclei containing activated XYR1 were concentrated in the colony center, indicating that this is the main region of XYR1 synthesis and cellulase transcription. CRE1 was found to be evenly distributed throughout the entire mycelium. Taken together, our data revealed novel aspects of the dynamic shuttling and spatial bias of the major regulator of (hemi-)cellulase gene expression, XYR1, in T. reesei."
8487154,34598727,The phenomenon of degeneration of industrial Trichoderma reesei strains,2021,"['trichoderma reesei', 'hypocreajecorina', 'filamentous fungi', 'industry strains', 'cellulases', 'degeneration', 'chromatin']",0,"{'xyr1': 0, 'ace3': 0, 'cbh1': 0, 'cellulase': 0, 'reesei': 0}",2.584962500721156,Biotechnology for Biofuels,10.1186/s13068-021-02043-4,"['Martzy, R.', 'Mello-de-Sousa, T. M.', 'Mach, R. L.', 'Yaver, D.', 'Mach-Aigner, A. R.']","Even if the loss of production capacity of a microorganism is said to be a serious problem in various biotechnology industries, reports in literature are rather rare. Strains of the genera Trichoderma reesei are used for large-scale production of cellulases, which are needed in food and feed, textile, paper industries and biofuel production."
9765177,36468854,Botrytis cinerea Transcription Factor BcXyr1 Regulates (Hemi-)Cellulase Production and Fungal Virulence,2022,"['botrytis cinerea', 'transcription factor', 'bcxyr1', '(hemi-)cellulase', 'virulence', 'pcwdes', 'bcexl1']",0,"{'xyr1': 161, 'ace3': 0, 'cbh1': 0, 'cellulase': 25, 'reesei': 5}",7.813781191217037,mSystems,10.1128/msystems.01042-22,"['Ma, Liang', 'Liu, Tong', 'Zhang, Ke', 'Shi, Haojie', 'Zhang, Lei', 'Zou, Gen', 'Sharon, Amir', 'Bulgarelli, Davide']","Botrytis cinerea is an agriculturally notorious plant-pathogenic fungus with a broad host range. During plant colonization, B. cinerea secretes a wide range of plant-cell-wall-degrading enzymes (PCWDEs) that help in macerating the plant tissue, but their role in pathogenicity has been unclear. Here, we report on the identification of a transcription factor, BcXyr1, that regulates the production of (hemi-)cellulases and is necessary for fungal virulence. Deletion of the bcxyr1 gene led to impaired spore germination and reduced fungal virulence and reactive oxygen species (ROS) production in planta. Secreted proteins collected from the bcxyr1 deletion strain displayed a weaker cell-death-inducing effect than the wild-type secretome when infiltrated to Nicotiana benthamiana leaves. Transcriptome sequencing (RNA-seq) analysis revealed 41 genes with reduced expression in the Δbcxyr1 mutant compared with those in the wild-type strain, of which half encode secreted proteins that are particularly enriched in carbohydrate-active enzyme (CAZyme)-encoding genes. Among them, we identified a novel putative expansin-like protein that was necessary for fungal virulence, supporting the involvement of BcXyr1 in the regulation of extracellular virulence factors."
11580550,39574147,Metformin regulates cellulase production in Trichoderma reesei via calcium signaling and mitochondrial function,2024,"['trichoderma reesei', 'metformin', 'cellulase', 'calcium signaling', 'ros', 'mitochondria']",0,"{'xyr1': 0, 'ace3': 0, 'cbh1': 0, 'cellulase': 0, 'reesei': 0}",3.169925001442312,Microbial Cell Factories,10.1186/s12934-024-02593-w,"['Wang, Jiajia', 'Chen, Yumeng', 'Cong, Jiawei', 'Wang, Wei']","Trichoderma reesei is renowned for its cellulase-producing ability and is used for biofuel production from lignocellulose. In plants and fungi, cellulase production is induced by cellulose and suppressed by glucose; however, whether metformin can enhance cellulase production and mitochondrial function in T. reesei remains unclear. Metformin reduces blood glucose levels by inhibiting hepatic gluconeogenesis; therefore, it is worth investigating whether metformin transmission modulates cellulase biosynthesis in T. reesei."
10612264,37891680,A novel transcriptional repressor specifically regulates xylanase gene 1 in Trichoderma reesei,2023,"['xylanase', 'transcriptional repressor', 'xyn1', 'xyr1', 'filamentous fungus']",0,"{'xyr1': 40, 'ace3': 3, 'cbh1': 1, 'cellulase': 26, 'reesei': 37}",7.232021122534224,Biotechnology for Biofuels and Bioproducts,10.1186/s13068-023-02417-w,"['Xu, Wenqiang', 'Ren, Yajing', 'Xia, Yuxiao', 'Liu, Lin', 'Meng, Xiangfeng', 'Chen, Guanjun', 'Zhang, Weixin', 'Liu, Weifeng']","The well-known industrial fungus Trichoderma reesei has an excellent capability of secreting a large amount of cellulases and xylanases. The induced expression of cellulase and xylanase genes is tightly controlled at the transcriptional level. However, compared to the intensive studies on the intricate regulatory mechanism of cellulase genes, efforts to understand how xylanase genes are regulated are relatively limited, which impedes the further improvement of xylanase production by T. reesei via rational strain engineering."
4062390,24941042,"Deciphering the Cis-Regulatory Elements for XYR1 and CRE1 Regulators in Trichoderma reesei'], b'Identification of XYR1 and CRE1 Binding Sites in Trichoderma reesei",2014,[],0,"{'xyr1': 50, 'ace3': 0, 'cbh1': 0, 'cellulase': 37, 'reesei': 26}",5.998496409409612,PLoS ONE,10.1371/journal.pone.0099366,"['Silva-Rocha, Rafael', 'Castro, Lilian dos Santos', 'Antoniêto, Amanda Cristina Campos', 'Guazzaroni, María-Eugenia', 'Persinoti, Gabriela Felix', 'Silva, Roberto Nascimento', 'Bader, Joel S.']","In this work, we report the in silico identification of the cis-regulatory elements for XYR1 and CRE1 proteins in the filamentous fungus Trichoderma reesei, two regulators that play a central role in the expression of cellulase genes. Using four datasets of condition-dependent genes from RNA-seq and RT-qPCR experiments, we performed unsupervised motif discovery and found two short motifs resembling the proposed binding consensus for XYR1 and CRE1. Using these motifs, we analysed the presence and arrangement of putative cis-regulatory elements recognized by both regulators and found that shortly spaced sites were more associated with XYR1- and CRE1-dependent promoters than single, high-score sites. Furthermore, the approach used here allowed the identification of the previously reported XYR1-binding sites from cel7a and xyn1 promoters, and we also mapped the potential target sequence for this regulator at the cel6a promoter that has been suggested but not identified previously. Additionally, seven other promoters (for cel7b, cel61a, cel61b, cel3c, cel3d, xyn3 and swo genes) presented a putative XYR1-binding site, and strong sites for CRE1 were found at the xyr1 and cel7b promoters. Using the cis-regulatory architectures nearly defined for XYR1 and CRE1, we performed genome-wide identification of potential targets for direct regulation by both proteins and important differences on their functional regulons were elucidated. Finally, we performed binding site mapping on the promoters of differentially expressed genes found in T. reesei mutant strains lacking xyr1 or cre1 and found that indirect regulation plays a key role on their signalling pathways. Taken together, the data provided here sheds new light on the mechanisms for signal integration mediated by XYR1 and CRE1 at cellulase promoters."
5865335,29588663,A long noncoding RNA promotes cellulase expression in Trichoderma reesei,2018,"['trichoderma reesei', 'hypocrea jecorina', 'filamentous fungi', 'long noncoding rna', 'hax1', 'cellulases']",0,"{'xyr1': 0, 'ace3': 0, 'cbh1': 0, 'cellulase': 0, 'reesei': 0}",2.2129937233341983,Biotechnology for Biofuels,10.1186/s13068-018-1081-4,"['Till, Petra', 'Pucher, Marion E.', 'Mach, Robert L.', 'Mach-Aigner, Astrid R.']","Due to its capability to secrete large quantities of plant biomass degrading enzymes (PBDE), Trichoderma reesei is widely applied for industrial purposes. In nature, expression of PBDE is efficiently regulated in this fungus. Several factors involved in this regulatory network have been identified. However, most of them are transcription factors. Long noncoding RNAs (lncRNAs) emerged as common players acting on epigenetic or transcriptional regulation in several eukaryotic organisms. To date, no lncRNA has been described in filamentous fungi."
2708423,19447952,Genetic Modification of Carbon Catabolite Repression in Trichoderma reesei for Improved Protein Production▿ ,2009,[],0,"{'xyr1': 0, 'ace3': 0, 'cbh1': 0, 'cellulase': 0, 'reesei': 0}",1.584962500721156,Applied and Environmental Microbiology,10.1128/AEM.00282-09,"['Nakari-Setälä, Tiina', 'Paloheimo, Marja', 'Kallio, Jarno', 'Vehmaanperä, Jari', 'Penttilä, Merja', 'Saloheimo, Markku']","The cellulase and hemicellulase genes of the filamentous fungus Trichoderma reesei have been shown to be under carbon catabolite repression mediated by the regulatory gene cre1. In this study, strains were constructed in which the cre1 gene was either completely removed or replaced by a truncated mutant variant, cre1-1, found previously in the Rut-C30 mutant strain with enhanced enzyme production capability. The T. reesei transformants with either deletion or truncation of cre1 had clearly altered colony morphology compared with the parental strains, forming smaller colonies and fewer aerial hyphae and spores. Liquid cultures in a medium with glucose as a carbon source showed that the transformants were derepressed in cellulase and hemicellulase production. Interestingly, they also produced significantly elevated levels of these hydrolytic enzymes in fermentations carried out in a medium inducing the hydrolase genes. This suggests that cre1 acts as a modulator of cellulase and hemicellulase gene expression under both noninducing and inducing conditions. There was no phenotypic difference between the Δcre1 and cre1-1 mutant strains in any of the experiments done, indicating that the cre1-1 gene is practically a null allele. The results of this work indicate that cre1 is a valid target gene in strain engineering for improved enzyme production in T. reesei."
7110754,32266008,Engineering of Trichoderma reesei for enhanced degradation of lignocellulosic biomass by truncation of the cellulase activator ACE3,2020,"['trichoderma reesei', 'genetic engineering', 'truncated ace3', 'cellulase production', 'lignocellulosic biomass']",0,"{'xyr1': 0, 'ace3': 0, 'cbh1': 0, 'cellulase': 0, 'reesei': 0}",2.4447848426728958,Biotechnology for Biofuels,10.1186/s13068-020-01701-3,"['Chen, Yumeng', 'Wu, Chuan', 'Fan, Xingjia', 'Zhao, Xinqing', 'Zhao, Xihua', 'Shen, Tao', 'Wei, Dongzhi', 'Wang, Wei']","The filamentous fungus Trichoderma reesei is a major workhorse employed to produce cellulase, which hydrolyzes lignocellulosic biomass for the production of cellulosic ethanol and bio-based products. However, the economic efficiency of biorefineries is still low."
3811509,23995923,Substrate-Induced Transcriptional Activation of the MoCel7C Cellulase Gene Is Associated with Methylation of Histone H3 at Lysine 4 in the Rice Blast Fungus Magnaporthe oryzae,2013,[],0,"{'xyr1': 0, 'ace3': 0, 'cbh1': 0, 'cellulase': 0, 'reesei': 0}",1.8073549220576042,Applied and Environmental Microbiology,10.1128/AEM.02082-13,"['Vu, Ba Van', 'Pham, Kieu Thi Minh', 'Nakayashiki, Hitoshi']","The mechanisms involved in substrate-dependent regulation of a Magnaporthe oryzae gene encoding a cellulase which we designate MoCel7C (MGG_14954) were investigated. The levels of MoCel7C transcript were dramatically increased more than 1,000-fold, 16 to 24 h after transfer to a medium containing 2% carboxymethylcellulose (CMC), while levels were very low or undetectable in conventional rich medium. Green fluorescent protein reporter assays showed that the MoCel7C promoter was activated by cello-oligosaccharides larger than a pentamer. CMC-induced activation of the MoCel7C promoter was suppressed by glucose and cellobiose. Chromatin immunoprecipitation assays revealed that histone H3 methylation on lysine 4 (H3K4) at the MoCel7C locus was associated with activation of the gene by CMC. Consistently, CMC-induced MoCel7C gene activation was drastically diminished in a knockout (KO) mutant of the MoSET1 gene, which encodes a histone lysine methyltransferase that catalyzes H3K4 methylation in M. oryzae. Interestingly, however, MoCel7C transcript levels under noninducing conditions were significantly increased in the MoSET1 KO mutant, suggesting that MoSET1 directly or indirectly plays a role in both activation and suppression of the MoCel7C gene in response to environmental signals. In addition, gene expression and silencing vectors using the MoCel7C promoter were constructed."
4173072,25342970,A truncated form of the Carbon catabolite repressor 1 increases cellulase production in Trichoderma reesei,2014,"['trichoderma reesei', 'hypocrea jecorina', 'rut-c30', 'cellulases', 'carbon catabolite repressor 1', 'chromatin']",0,"{'xyr1': 0, 'ace3': 0, 'cbh1': 0, 'cellulase': 0, 'reesei': 0}",1.874469117916141,Biotechnology for Biofuels,10.1186/s13068-014-0129-3,"['Mello-de-Sousa, Thiago M', 'Gorsche, Rita', 'Rassinger, Alice', 'Poças-Fonseca, Marcio J', 'Mach, Robert L', 'Mach-Aigner, Astrid R']","Rut-C30 is a cellulase-hyperproducing Trichoderma reesei strain and, consequently, became the ancestor of most industry strains used in the production of plant cell wall-degrading enzymes, in particular cellulases. Due to three rounds of undirected mutagenesis its genetic background differs from the wild-type QM6a in many ways, of which two are the lack of a 83 kb large sequence in scaffold 15 and the partial lack of the gene encoding the Carbon catabolite repressor 1 (CREI). However, it is still unclear, what exactly enhances cellulase production in Rut-C30."
10991369,38650287,Comparative transcriptome analysis of Trichoderma reesei reveals different gene regulatory networks induced by synthetic mixtures of glucose and β-disaccharide,2021,"['trichoderma reesei', 'cellulase', 'transcriptome', 'inducer', 'transcription factor', 'transporter']",0,"{'xyr1': 11, 'ace3': 1, 'cbh1': 2, 'cellulase': 70, 'reesei': 52}",7.149747119504682,Bioresources and Bioprocessing,10.1186/s40643-021-00411-4,"['Li, Yonghao', 'Yu, Jingze', 'Zhang, Peng', 'Long, Tingting', 'Mo, Yi', 'Li, Jianghong', 'Li, Qian']","The mixture of glucose and β-disaccharide (MGD) synthesized by transglycosylation of glucose as a low-cost soluble carbon source can efficiently induce cellulase production in Trichoderma reesei, which holds potential for the biorefining of lignocellulosic biomass. However, it is not yet fully understood how MGD induces T. reesei cellulase. In this study, transcriptomic analyses were conducted to investigate the molecular basis of MGD for lignocellulose-degrading enzyme production of T. reesei Rut C30 compared with that on lactose. Particular attention was paid to CAZymes, transcription factors, transporters and other protein processing pathways related to lignocellulose degradation. As a result, MGD can elicit transcription of GH5-, GH6- and GH7-encoding cellulases that is up to 1.4-fold higher than that induced by lactose, but GH11- and GH74-encoding xylanases are downregulated by 1.7- and 4.4-fold, respectively. Gene expression profiles suggest that the transcription activators xyr1 and vib1 are significantly upregulated and that the mitogen-activated protein kinase pathway is strengthened compared to the case of lactose induction. In addition, hac1-encoding UPR-specific transcription factors are significantly upregulated by MGD, which may be enhanced due to proper folding and processing of nascent proteins. These findings provide a theoretical basis for further understanding the characterization of efficient cellulase production using MGD as an inducer in T. reesei and offer potential strategies for strain improvement."
4206845,25339247,Identification of the role of a MAP kinase Tmk2 in Hypocrea jecorina (Trichoderma reesei),2014,[],0,"{'xyr1': 0, 'ace3': 0, 'cbh1': 0, 'cellulase': 0, 'reesei': 0}",1.874469117916141,Scientific Reports,10.1038/srep06732,"['Wang, Mingyu', 'Dong, Yanmei', 'Zhao, Qiushuang', 'Wang, Fangzhong', 'Liu, Kuimei', 'Jiang, Baojie', 'Fang, Xu']","Despite the important role of MAPKs in signal transduction, their functions in the cellulase hyper-producing filamentous fungus Hypocrea jecorina haven\'t been studied except for the Hog1-like Tmk3. In this work, we constructed and explored the features of H. jecorina Δtmk2 to identify the role of this Slt2-homologous Tmk2. It is suggested from the results that Tmk2 is involved in cell wall integrity, sporulation and cellulase production. Although bearing similar roles in cell wall integrity maintenance, Tmk2 and Tmk3 appear to also have distinct functions: Tmk3 participates in high osmolarity resistance while Tmk2 does not; Tmk2 participates in sporulation but not Tmk3; Tmk3 is involved in promoting cellulase production while Tmk2 is involved in repressing cellulase formation. These studies provide the first insight into the function of Tmk2 in H. jecorina and contribute to understanding the signal transduction processes leading to the regulation of cellulase production in this important cellulase hyper-producer."
9706901,36443855,Discovery of ER-localized sugar transporters for cellulase production with lac1 being essential,2022,"['filamentous fungi', 'trichoderma reesei', 'cellulase', 'nucleotide sugar transporter', 'endoplasmic reticulum']",0,"{'xyr1': 0, 'ace3': 0, 'cbh1': 0, 'cellulase': 0, 'reesei': 0}",2.747233929620033,Biotechnology for Biofuels and Bioproducts,10.1186/s13068-022-02230-x,"['Wang, Haiyan', 'Pang, Ai-Ping', 'Wang, Wei', 'Li, Bingzhi', 'Li, Chengcheng', 'Wu, Fu-Gen', 'Lin, Fengming']","In the process of cellulose hydrolysis, carbohydrate hydrolysates are transported into cells through membrane transporters, and then affect the expression of cellulase-encoding genes. Sugar transporters play a crucial role in cellulase production in lignocellulolytic fungi, of which relatively few have been functionally validated to date and are all reported to be on cell membrane."
5806297,29449881,A copper-controlled RNA interference system for reversible silencing of target genes in Trichoderma reesei,2018,"['rnai', 'gene function', 'trichoderma reesei', 'copper-responsive promoter']",0,"{'xyr1': 0, 'ace3': 0, 'cbh1': 0, 'cellulase': 0, 'reesei': 0}",2.2129937233341983,Biotechnology for Biofuels,10.1186/s13068-018-1038-7,"['Wang, Lei', 'Zheng, Fanglin', 'Zhang, Weixin', 'Zhong, Yaohua', 'Chen, Guanjun', 'Meng, Xiangfeng', 'Liu, Weifeng']","Trichoderma reesei is a primary lignocellulosic enzyme producer in industry. However, the mechanisms underlying cellulase synthesis as well as other physiological processes are insufficiently understood partly due to the sophisticated process for its genetic manipulation. Target gene knockdown by RNA interference (RNAi) is a powerful tool for genetic research and biotechnology in eukaryotes including filamentous fungi. Previously reported RNAi system in T. reesei was either uncontrollable or only applicable in certain nutrition state."
8542335,34688310,CRISPR/Cas9-mediated genome editing directed by a 5S rRNA–tRNAGly hybrid promoter in the thermophilic filamentous fungus Humicola insolens,2021,"['humicola insolens', 'crispr/cas9', '5s rrna', 'trnagly', 'cellulase']",0,"{'xyr1': 0, 'ace3': 0, 'cbh1': 0, 'cellulase': 0, 'reesei': 0}",2.584962500721156,Biotechnology for Biofuels,10.1186/s13068-021-02057-y,"['Fan, Chao', 'Zhang, Wei', 'Su, Xiaoyun', 'Ji, Wangli', 'Luo, Huiying', 'Zhang, Yuhong', 'Liu, Bo', 'Yao, Bin', 'Huang, Huoqing', 'Xu, Xinxin']","Humicola insolens is a filamentous fungus with high potential of producing neutral and heat- and alkali-resistant cellulase. However, the genetic engineering tools, particularly the genome-editing tool, are scarce, hindering the study of cellulase expression regulation in this organism."
9239231,35604096,The Transcription Factor Roc1 Is a Key Regulator of Cellulose Degradation in the Wood-Decaying Mushroom Schizophyllum commune,2022,"['chip-seq', 'comparative genomics', 'comparative transcriptomics', 'fungi', 'gene regulation', 'lignocellulose degradation']",0,"{'xyr1': 0, 'ace3': 0, 'cbh1': 0, 'cellulase': 22, 'reesei': 1}",5.044394119358453,mBio,10.1128/mbio.00628-22,"['Marian, Ioana M.', 'Vonk, Peter Jan', 'Valdes, Ivan D.', 'Barry, Kerrie', 'Bostock, Benedict', 'Carver, Akiko', 'Daum, Chris', 'Lerner, Harry', 'Lipzen, Anna', 'Park, Hongjae', 'Schuller, Margo B. P.', 'Tegelaar, Martin', 'Tritt, Andrew', 'Schmutz, Jeremy', 'Grimwood, Jane', 'Lugones, Luis G.', 'Choi, In-Geol', 'Wösten, Han A. B.', 'Grigoriev, Igor V.', 'Ohm, Robin A.', 'Gillian Turgeon, B.']","Wood-decaying fungi of the class Agaricomycetes (phylum Basidiomycota) are saprotrophs that break down lignocellulose and play an important role in nutrient recycling. They secrete a wide range of extracellular plant cell wall degrading enzymes that break down cellulose, hemicellulose, and lignin, the main building blocks of plant biomass. Although the production of these enzymes is regulated mainly at the transcriptional level, no activating regulators have been identified in any wood-decaying fungus in the class Agaricomycetes. We studied the regulation of cellulase expression in the wood-decaying fungus Schizophyllum commune. Comparative genomics and transcriptomics on two wild isolates revealed a Zn2Cys6-type transcription factor gene (roc1) that was highly upregulated during growth on cellulose, compared to glucose. It is only conserved in the class Agaricomycetes. A roc1 knockout strain showed an inability to grow on medium with cellulose as sole carbon source, and growth on cellobiose and xylan (other components of wood) was inhibited. Growth on non-wood-related carbon sources was not inhibited. Cellulase gene expression and enzyme activity were reduced in the Δroc1 strain. ChIP-Seq identified 1474 binding sites of the Roc1 transcription factor. Promoters of genes involved in lignocellulose degradation were enriched with these binding sites, especially those of LPMO (lytic polysaccharide monooxygenase) CAZymes, indicating that Roc1 directly regulates these genes. A conserved motif was identified as the binding site of Roc1, which was confirmed by a functional promoter analysis. Together, Roc1 is a key regulator of cellulose degradation and the first identified in wood-decaying fungi in the phylum Basidiomycota."
5831609,29507606,Mn2+ modulates the expression of cellulase genes in Trichoderma reesei Rut-C30 via calcium signaling,2018,"['trichoderma reesei', 'mn2+ stimulation', 'cellulase', 'mn2+ transport', 'calcium signaling', 'tpmr1']",0,"{'xyr1': 0, 'ace3': 0, 'cbh1': 0, 'cellulase': 0, 'reesei': 0}",2.2129937233341983,Biotechnology for Biofuels,10.1186/s13068-018-1055-6,"['Chen, Yumeng', 'Shen, Yaling', 'Wang, Wei', 'Wei, Dongzhi']","The filamentous fungus Trichoderma reesei Rut-C30 is one of the most vital fungi for the production of cellulases, which can be used for biofuel production from lignocellulose. Nevertheless, the mechanism of transmission of external stimuli and signals in modulating cellulase production in T. reesei Rut-C30 remains unclear. Calcium is a known second messenger regulating cellulase gene expression in T. reesei."
6204389,30406095,Gene Co-expression Network Reveals Potential New Genes Related to Sugarcane Bagasse Degradation in Trichoderma reesei RUT-30,2018,"['trichoderma reesei', 'sugarcane bagasse', '2g ethanol', 'enzymatic cocktail', 'gene co-expression network', 'xyr1-binding site']",0,"{'xyr1': 44, 'ace3': 0, 'cbh1': 9, 'cellulase': 28, 'reesei': 52}",6.66339637617037,Frontiers in Bioengineering and Biotechnology,10.3389/fbioe.2018.00151,"['Borin, Gustavo Pagotto', 'Carazzolle, Marcelo Falsarella', 'dos Santos, Renato Augusto Corrêa', 'Riaño-Pachón, Diego Mauricio', 'Oliveira, Juliana Velasco de Castro']","The biomass-degrading fungus Trichoderma reesei has been considered a model for cellulose degradation, and it is the primary source of the industrial enzymatic cocktails used in second-generation (2G) ethanol production. However, although various studies and advances have been conducted to understand the cellulolytic system and the transcriptional regulation of T. reesei, the whole set of genes related to lignocellulose degradation has not been completely elucidated. In this study, we inferred a weighted gene co-expression network analysis based on the transcriptome dataset of the T. reesei RUT-C30 strain aiming to identify new target genes involved in sugarcane bagasse breakdown. In total, ~70% of all the differentially expressed genes were found in 28 highly connected gene modules. Several cellulases, sugar transporters, and hypothetical proteins coding genes upregulated in bagasse were grouped into the same modules. Among them, a single module contained the most representative core of cellulolytic enzymes (cellobiohydrolase, endoglucanase, β-glucosidase, and lytic polysaccharide monooxygenase). In addition, functional analysis using Gene Ontology (GO) revealed various classes of hydrolytic activity, cellulase activity, carbohydrate binding and cation:sugar symporter activity enriched in these modules. Several modules also showed GO enrichment for transcription factor activity, indicating the presence of transcriptional regulators along with the genes involved in cellulose breakdown and sugar transport as well as other genes encoding proteins with unknown functions. Highly connected genes (hubs) were also identified within each module, such as predicted transcription factors and genes encoding hypothetical proteins. In addition, various hubs contained at least one DNA binding site for the master activator Xyr1 according to our in silico analysis. The prediction of Xyr1 binding sites and the co-expression with genes encoding carbohydrate active enzymes and sugar transporters suggest a putative role of these hubs in bagasse cell wall deconstruction. Our results demonstrate a vast range of new promising targets that merit additional studies to improve the cellulolytic potential of T. reesei strains and to decrease the production costs of 2G ethanol."
3930720,24586693,"Evidence of a Critical Role for Cellodextrin Transporte 2 (CDT-2) in Both Cellulose and Hemicellulose Degradation and Utilization in Neurospora crassa'], b'CDT2 Plays Critical Role in Hemicellulose Degradation in N. crassa",2014,[],0,"{'xyr1': 0, 'ace3': 0, 'cbh1': 0, 'cellulase': 0, 'reesei': 0}",1.874469117916141,PLoS ONE,10.1371/journal.pone.0089330,"['Cai, Pengli', 'Gu, Ruimeng', 'Wang, Bang', 'Li, Jingen', 'Wan, Li', 'Tian, Chaoguang', 'Ma, Yanhe', 'Freitag, Michael']","CDT-1 and CDT-2 are two cellodextrin transporters discovered in the filamentous fungus Neurospora crassa. Previous studies focused on characterizing the role of these transporters in only a few conditions, including cellulose degradation, and the function of these two transporters is not yet completely understood. In this study, we show that deletion of cdt-2, but not cdt-1, results in growth defects not only on Avicel but also on xylan. cdt-2 can be highly induced by xylan, and this mutant has a xylodextrin consumption defect. Transcriptomic analysis of the cdt-2 deletion strain on Avicel and xylan showed that major cellulase and hemicellulase genes were significantly down-regulated in the cdt-2 deletion strain and artificial over expression of cdt-2 in N. crassa increased cellulase and hemicellulase production. Together, these data clearly show that CDT-2 plays a critical role in hemicellulose sensing and utilization. This is the first time a sugar transporter has been assigned a function in the hemicellulose degradation pathway. Furthermore, we found that the transcription factor XLR-1 is the major regulator of cdt-2, while cdt-1 is primarily regulated by CLR-1. These results deepen our understanding of the functions of both cellodextrin transporters, particularly for CDT-2. Our study also provides novel insight into the mechanisms for hemicellulose sensing and utilization in N. crassa, and may be applicable to other cellulolytic filamentous fungi."
5223008,28116297,RNA Sequencing Reveals Xyr1 as a Transcription Factor Regulating Gene Expression beyond Carbohydrate Metabolism,2016,[],0,"{'xyr1': 0, 'ace3': 0, 'cbh1': 0, 'cellulase': 0, 'reesei': 0}",2.027480736422107,BioMed Research International,10.1155/2016/4841756,"['Ma, Liang', 'Chen, Ling', 'Zhang, Lei', 'Zou, Gen', 'Liu, Rui', 'Jiang, Yanping', 'Zhou, Zhihua']","Xyr1 has been demonstrated to be the main transcription activator of (hemi)cellulases in the well-known cellulase producer Trichoderma reesei. This study comprehensively investigates the genes regulated by Xyr1 through RNA sequencing to produce the transcription profiles of T. reesei Rut-C30 and its xyr1 deletion mutant (Δxyr1), cultured on lignocellulose or glucose. xyr1 deletion resulted in 467 differentially expressed genes on inducing medium. Almost all functional genes involved in (hemi)cellulose degradation and many transporters belonging to the sugar porter family in the major facilitator superfamily (MFS) were downregulated in Δxyr1. By contrast, all differentially expressed protease, lipase, chitinase, some ATP-binding cassette transporters, and heat shock protein-encoding genes were upregulated in Δxyr1. When cultured on glucose, a total of 281 genes were expressed differentially in Δxyr1, most of which were involved in energy, solute transport, lipid, amino acid, and monosaccharide as well as secondary metabolism. Electrophoretic mobility shift assays confirmed that the intracellular β-glucosidase bgl2, the putative nonenzymatic cellulose-attacking gene cip1, the MFS lactose transporter lp, the nmrA-like gene, endo T, the acid protease pepA, and the small heat shock protein hsp23 were probable Xyr1-targets. These results might help elucidate the regulation system for synthesis and secretion of (hemi)cellulases in T. reesei Rut-C30."
5628480,29034003,Cellulase hyper-production by Trichoderma reesei mutant SEU-7 on lactose,2017,"['trichoderma reesei', 'soluble carbon source', 'cellulase', 'hemicellulase', 'β-glucosidase', 'hyper-production']",0,"{'xyr1': 0, 'ace3': 0, 'cbh1': 0, 'cellulase': 0, 'reesei': 0}",2.1154772174199357,Biotechnology for Biofuels,10.1186/s13068-017-0915-9,"['Li, Chengcheng', 'Lin, Fengming', 'Zhou, Le', 'Qin, Lei', 'Li, Bingzhi', 'Zhou, Zhihua', 'Jin, Mingjie', 'Chen, Zhan']","The induction of cellulase production by insoluble carbon source cellulose was a common and efficient strategy, but has some drawbacks, such as difficult fermentation operation, substantial cellulase loss, long fermentation time, and high energy-consumption, resulting in high cost of cellulase production in industry. These drawbacks can be overcome if soluble carbon sources are utilized as the inducers for cellulase production. However, until now the induction efficiency of most soluble carbon sources, especially lactose and glucose, is still inferior to cellulose despite extensive efforts have been made by either optimizing the fermentation process or constructing the recombinant strains. Therefore, strain improvement by metabolic engineering for high induction efficiency of soluble carbon sources is of great interest."
8513308,34645509,Glutamine involvement in nitrogen regulation of cellulase production in fungi,2021,"['glutamine', 'cellulase', 'nitrogen metabolism', 'the tor pathway', 'ooc1', 'trfkbp12']",0,"{'xyr1': 0, 'ace3': 0, 'cbh1': 0, 'cellulase': 0, 'reesei': 0}",2.584962500721156,Biotechnology for Biofuels,10.1186/s13068-021-02046-1,"['Pang, Ai-Ping', 'Zhang, Funing', 'Hu, Xin', 'Luo, Yongsheng', 'Wang, Haiyan', 'Durrani, Samran', 'Wu, Fu-Gen', 'Li, Bing-Zhi', 'Zhou, Zhihua', 'Lu, Zuhong', 'Lin, Fengming']","Cellulase synthesized by fungi can environment-friendly and sustainably degrades cellulose to fermentable sugars for producing cellulosic biofuels, biobased medicine and fine chemicals. Great efforts have been made to study the regulation mechanism of cellulase biosynthesis in fungi with the focus on the carbon sources, while little attention has been paid to the impact and regulation mechanism of nitrogen sources on cellulase production."
5289010,28184245,Development of a low-cost cellulase production process using Trichoderma reesei for Brazilian biorefineries,2017,"['on-site', 'cellulase', 'enzyme', 'trichoderma reesei', 'sugarcane', 'molasses', 'soybean hulls', 'brazil', 'biorefinery', 'cellulosic ethanol']",0,"{'xyr1': 0, 'ace3': 0, 'cbh1': 0, 'cellulase': 0, 'reesei': 0}",2.1154772174199357,Biotechnology for Biofuels,10.1186/s13068-017-0717-0,"['Ellilä, Simo', 'Fonseca, Lucas', 'Uchima, Cristiane', 'Cota, Junio', 'Goldman, Gustavo Henrique', 'Saloheimo, Markku', 'Sacon, Vera', 'Siika-aho, Matti']","During the past few years, the first industrial-scale cellulosic ethanol plants have been inaugurated. Although the performance of the commercial cellulase enzymes used in this process has greatly improved over the past decade, cellulases still represent a very significant operational cost. Depending on the region, transport of cellulases from a central production facility to a biorefinery may significantly add to enzyme cost. The aim of the present study was to develop a simple, cost-efficient cellulase production process that could be employed locally at a Brazilian sugarcane biorefinery."
4706842,26354856,Enhancing saccharification of wheat straw by mixing enzymes from genetically-modified Trichoderma reesei and Aspergillus niger,2015,"['aspergillus niger', 'genetically-modified strains', 'saccharification', 'trichoderma reesei', 'wheat straw']",0,"{'xyr1': 41, 'ace3': 0, 'cbh1': 0, 'cellulase': 8, 'reesei': 20}",5.435819061415347,Biotechnology Letters,10.1007/s10529-015-1951-9,"['Jiang, Yanping', 'Duarte, Alexandra Vivas', 'van den Brink, Joost', 'Wiebenga, Ad', 'Zou, Gen', 'Wang, Chengshu', 'de Vries, Ronald P.', 'Zhou, Zhihua', 'Benoit, Isabelle']",To increase the efficiency of enzymatic hydrolysis for plant biomass conversion into renewable biofuel and chemicals.
8966179,35351200,A three-gene cluster in Trichoderma reesei reveals a potential role of dmm2 in DNA repair and cellulase production,2022,"['trichoderma reesei', 'dna methylation modulator-2', 'tku70', 'hem8', 'dmm2', 'ferrochelatase', 'cellulase']",0,"{'xyr1': 0, 'ace3': 0, 'cbh1': 0, 'cellulase': 0, 'reesei': 0}",2.747233929620033,Biotechnology for Biofuels and Bioproducts,10.1186/s13068-022-02132-y,"['Cai, Wanchuan', 'Chen, Yumeng', 'Zhang, Lei', 'Fang, Xu', 'Wang, Wei']","The ascomycete Trichoderma reesei is one of the most efficient industrial producers of cellulase. Gene targeting by homologous recombination is a key technique for improving strains and constructing mutants. In T. reesei, tku70 (homologous to human KU70) was deleted to block non-homologous end-joining, which led to 95% of transformants exhibiting homologous recombination."
5913809,29713489,Regulation of plant cell wall degradation by light in Trichoderma,2018,"['trichoderma reesei', 'hypocrea jecorina', 'cazymes', 'light response', 'signal transduction', 'surface sensing', 'carbon source utilization', 'emsa', 'genomic clusters']",0,"{'xyr1': 0, 'ace3': 0, 'cbh1': 0, 'cellulase': 0, 'reesei': 0}",2.2129937233341983,Fungal Biology and Biotechnology,10.1186/s40694-018-0052-7,"['Schmoll, Monika']","Trichoderma reesei (syn. Hypocrea jecorina) is the model organism for industrial production of plant cell wall degradating enzymes. The integration of light and nutrient signals for adaptation of enzyme production in T. reesei emerged as an important regulatory mechanism to be tackled for strain improvement. Gene regulation specific for cellulase inducing conditions is different in light and darkness with substantial regulation by photoreceptors. Genes regulated by light are clustered in the genome, with several of the clusters overlapping with CAZyme clusters. Major cellulase transcription factor genes and at least 75% of glycoside hydrolase encoding genes show the potential of light dependent regulation. Accordingly, light dependent protein complex formation occurs within the promoters of cellulases and their regulators. Additionally growth on diverse carbon sources is different between light and darkness and dependent on the presence of photoreceptors in several cases. Thereby, also light intensity plays a regulatory role, with cellulase levels dropping at higher light intensities dependent in the strain background. The heterotrimeric G-protein pathway is the most important nutrient signaling pathway in the connection with light response and triggers posttranscriptional regulation of cellulase expression. All G-protein alpha subunits impact cellulase regulation in a light dependent manner. The downstream cAMP pathway is involved in light dependent regulation as well. Connections between the regulatory pathways are mainly established via the photoreceptor ENV1. The effect of photoreceptors on plant cell wall degradation also occurs in the model filamentous fungus Neurospora crassa. In the currently proposed model, T. reesei senses the presence of plant biomass in its environment by detection of building blocks of cellulose and hemicellulose. Interpretation of the respective signals is subsequently adjusted to the requirements in light and darkness (or on the surface versus within the substrate) by an interconnection of nutrient signaling with light response. This review provides an overview on the importance of light, photoreceptors and related signaling pathways for formation of plant cell wall degrading enzymes in T. reesei. Additionally, the relevance of light dependent gene regulation for industrial fermentations with Trichoderma as well as strategies for exploitation of the observed effects are discussed."
11265206,39030601,Transcriptomic and metabolic changes in Trichoderma reesei caused by mutation in xylanase regulator 1 (xyr1),2024,"['trichodermareesei', 'xyr1 mutation', 'transcriptomics', 'metabolomics', 'bioreactor']",3,"{'xyr1': 0, 'ace3': 0, 'cbh1': 0, 'cellulase': 0, 'reesei': 0}",5.044394119358453,Biotechnology for Biofuels and Bioproducts,10.1186/s13068-024-02556-8,"['Sveholm, Emmi', 'Mattila, Hans', 'Aro, Nina', 'Valkonen, Mari', 'Paasela, Tanja', 'Pakula, Tiina M.']","Trichoderma reesei is known for its ability to produce large amounts of extracellular proteins and is one of the most important industrially used filamentous fungus. Xylanase regulator 1 (XYR1) is the master regulator responsible for the activation of cellulase and hemicellulase gene expression under inducing conditions. It has been reported that strains with point mutations in certain areas of xyr1 bypass the need for inducing carbon source, allowing high (hemi)cellulase production even in the presence of glucose. These mutations also change the profile of produced proteins, shifting it more towards xylanase production, and increase the overall protein production in inducing conditions. However, how these mutations alter the metabolism and other cellular processes to cause these changes remains unclear."
3341005,22474347,Induction of lignocellulose-degrading enzymes in Neurospora crassa by cellodextrins,2012,[],110,"{'xyr1': 0, 'ace3': 0, 'cbh1': 0, 'cellulase': 0, 'reesei': 0}",8.034394404362315,Proceedings of the National Academy of Sciences of the United States of America,10.1073/pnas.1118440109,"['Znameroski, Elizabeth A.', 'Coradetti, Samuel T.', 'Roche, Christine M.', 'Tsai, Jordan C.', 'Iavarone, Anthony T.', 'Cate, Jamie H. D.', 'Glass, N. Louise']","Neurospora crassa colonizes burnt grasslands in the wild and metabolizes both cellulose and hemicellulose from plant cell walls. When switched from a favored carbon source such as sucrose to cellulose, N. crassa dramatically upregulates expression and secretion of a wide variety of genes encoding lignocellulolytic enzymes. However, the means by which N. crassa and other filamentous fungi sense the presence of cellulose in the environment remains unclear. Here, we show that an N. crassa mutant carrying deletions of two genes encoding extracellular β-glucosidase enzymes and one intracellular β-glucosidase lacks β-glucosidase activity, but efficiently induces cellulase gene expression in the presence of cellobiose, cellotriose, or cellotetraose as a sole carbon source. These data indicate that cellobiose, or a modified version of cellobiose, functions as an inducer of lignocellulolytic gene expression in N. crassa. Furthermore, the inclusion of a deletion of the catabolite repressor gene, cre-1, in the triple β-glucosidase mutant resulted in a strain that produces higher concentrations of secreted active cellulases on cellobiose. Thus, the ability to induce cellulase gene expression using a common and soluble carbon source simplifies enzyme production and characterization, which could be applied to other cellulolytic filamentous fungi."
5052222,28330286,Effect of highly branched hyphal morphology on the enhanced production of cellulase in Trichoderma reesei DES-15,2016,"['hyphal morphology', 'trichoderma reesei', 'cellulase production', 'branching', 'submerged cultures']",13,"{'xyr1': 11, 'ace3': 0, 'cbh1': 5, 'cellulase': 42, 'reesei': 9}",9.279164105933368,3 Biotech,10.1007/s13205-016-0516-5,"['He, Ronglin', 'Li, Chen', 'Ma, Lijuan', 'Zhang, Dongyuan', 'Chen, Shulin']","The morphology of Trichoderma reesei is a vitally important factor for cellulase productivity. This study investigated the effect of hyphal morphology on cellulase production in the hyper-cellulolytic mutant, T. reesei DES-15. With a distinct morphology, T. reesei DES-15 was obtained through Diethyl sulfite (DES) mutagenesis. The hyphal morphology of DES-15 batch-cultured in a 5-L fermentor was significantly shorter and more branched than the parental strain RUT C30. The cellulase production of DES-15 during batch fermentation was 66 % greater than that of RUT C30 when cultured the same conditions. DES-15 secreted nearly 50 % more protein than RUT C30. The gene expression level of a set of genes (cla4, spa2, ras2, ras1, rhoA, cdc42, and racA) known to be involved in hyphae growth and hyphal branching was measured by quantitative real-time PCR. The transcriptional analysis of these genes demonstrated that a decrease in gene expressions might contribute to the increased hyphal branching seen in DES-15. These results indicated that the highly branching hyphae in DES-15 resulted in increased cellulase production, suggesting that DES-15 may be a good candidate for use in the large-scale production of cellulase."
10858516,38336687,"Calcium signaling positively regulates cellulase translation and secretion in a Clr-2-overexpressing, catabolically derepressed strain of Penicillium funiculosum",2024,"['cellulase', 'clr-2', 'ssp1 camkk', 'calcium', 'penicillium funiculosum']",0,"{'xyr1': 0, 'ace3': 0, 'cbh1': 0, 'cellulase': 0, 'reesei': 0}",3.169925001442312,Biotechnology for Biofuels and Bioproducts,10.1186/s13068-023-02448-3,"['Randhawa, Anmoldeep', 'A. Ogunyewo, Olusola', 'Jawed, Kamran', 'Yazdani, Syed Shams']","Low-cost cellulase production is vital to sustainable second-generation biorefineries. The catabolically derepressed strain of Penicillium funiculosum NCIM1228 (PfMig188 or ∆Mig1) secretes a superior set of cellulolytic enzymes, that are most suitable for 2G biorefineries. At a 3% (w/w) load, the ∆Mig1 secretome can release > 80% of fermentable sugars from lignocellulose at a 15% (w/v) biomass load, irrespective of the type of biomass and pretreatment. The robustness of the secretome can be further increased by improving the cellulase production capacity of the fungal strain."
7072954,32075107,Comparative Analysis of Structural Variations Due to Genome Shuffling of Bacillus Subtilis VS15 for Improved Cellulase Production,2020,"['bacillus subtilis vs15', 'genome shuffling', 'cellulase', 'next generation sequencing (ngs)', 'single nucleotide polymorphism (snp)']",6,"{'xyr1': 0, 'ace3': 0, 'cbh1': 0, 'cellulase': 0, 'reesei': 0}",5.005000681058367,International Journal of Molecular Sciences,10.3390/ijms21041299,"['Ega, Soujanya Lakshmi', 'Drendel, Gene', 'Petrovski, Steve', 'Egidi, Eleonora', 'Franks, Ashley E.', 'Muddada, Sudhamani']","Cellulose is one of the most abundant and renewable biomass products used for the production of bioethanol. Cellulose can be efficiently hydrolyzed by Bacillus subtilis VS15, a strain isolate obtained from decomposing logs. A genome shuffling approach was implemented to improve the cellulase activity of Bacillus subtilis VS15. Mutant strains were created using ethyl methyl sulfonate (EMS), N-Methyl-N′ nitro-N-nitrosoguanidine (NTG), and ultraviolet light (UV) followed by recursive protoplast fusion. After two rounds of shuffling, the mutants Gb2, Gc8, and Gd7 were produced that had an increase in cellulase activity of 128%, 148%, and 167%, respectively, in comparison to the wild type VS15. The genetic diversity of the shuffled strain Gd7 and wild type VS15 was compared at whole genome level. Genomic-level comparisons identified a set of eight genes, consisting of cellulase and regulatory genes, of interest for further analyses. Various genes were identified with insertions and deletions that may be involved in improved celluase production in Gd7. Strain Gd7 maintained the capability of hydrolyzing wheatbran to glucose and converting glucose to ethanol by fermentation with Saccharomyces cerevisiae of the wild type VS17. This ability was further confirmed by the acidified potassium dichromate (K2Cr2O7) method."
5397809,28435444,Role of Trichoderma reesei mitogen-activated protein kinases (MAPKs) in cellulase formation,2017,"['trichoderma reesei', 'cellulase', 'map kinase', 'signal transduction', 'cell wall integrity', 'transcriptional analysis']",30,"{'xyr1': 0, 'ace3': 0, 'cbh1': 0, 'cellulase': 0, 'reesei': 0}",6.705056346211462,Biotechnology for Biofuels,10.1186/s13068-017-0789-x,"['Wang, Mingyu', 'Zhang, Meiling', 'Li, Ling', 'Dong, Yanmei', 'Jiang, Yi', 'Liu, Kuimei', 'Zhang, Ruiqin', 'Jiang, Baojie', 'Niu, Kangle', 'Fang, Xu']","Despite being the most important cellulase producer, the cellulase-regulating carbon source signal transduction processes in Trichoderma reesei are largely unknown. Elucidating these processes is the key for unveiling how external carbon sources regulate cellulase formation, and ultimately for the improvement of cellulase production and biofuel production from lignocellulose."
5588705,28912831,Genome sequencing and transcriptome analysis of Trichoderma reesei QM9978 strain reveals a distal chromosome translocation to be responsible for loss of vib1 expression and loss of cellulase induction,2017,"['trichoderma reesei', 'genome analysis', 'transcriptome', 'vib1', 'cellulase production', 'promoter', 'translocation']",24,"{'xyr1': 0, 'ace3': 0, 'cbh1': 0, 'cellulase': 0, 'reesei': 0}",6.398031073973154,Biotechnology for Biofuels,10.1186/s13068-017-0897-7,"['Ivanova, Christa', 'Ramoni, Jonas', 'Aouam, Thiziri', 'Frischmann, Alexa', 'Seiboth, Bernhard', 'Baker, Scott E.', 'Le Crom, Stéphane', 'Lemoine, Sophie', 'Margeot, Antoine', 'Bidard, Frédérique']","The hydrolysis of biomass to simple sugars used for the production of biofuels in biorefineries requires the action of cellulolytic enzyme mixtures. During the last 50 years, the ascomycete Trichoderma reesei, the main source of industrial cellulase and hemicellulase cocktails, has been subjected to several rounds of classical mutagenesis with the aim to obtain higher production levels. During these random genetic events, strains unable to produce cellulases were generated. Here, whole genome sequencing and transcriptomic analyses of the cellulase-negative strain QM9978 were used for the identification of mutations underlying this cellulase-negative phenotype."
3917621,24360128,"Enhancing cellulase and hemicellulase production by genetic modification of the carbon catabolite repressor gene, creA, in Acremonium cellulolyticus",2013,"['cellulase', 'hemicellulase', 'catabolite repression', 'acremonium cellulolyticus']",14,"{'xyr1': 5, 'ace3': 0, 'cbh1': 0, 'cellulase': 71, 'reesei': 20}",9.567005370247033,AMB Express,10.1186/2191-0855-3-73,"['Fujii, Tatsuya', 'Inoue, Hiroyuki', 'Ishikawa, Kazuhiko']","Acremonium cellulolyticus is one of several fungi that offer promise as an alternative to Trichoderma reesei for use in industrial cellulase production. However, the mechanism of cellulase production has not been studied at the molecular level because adequate genetic engineering tools for use in A. cellulolyticus are lacking. In the present study, we developed a gene disruption method for A. cellulolyticus, which needs a longer homologous region length. We cloned a putative A. cellulolyticus creA gene that is highly similar to the creA genes derived from other filamentous fungi, and isolated a creA disruptant strain by using the disruption method. Growth of the creA disruptant on agar plates was slower than that of the control strain. In the wild-type strain, the CreA protein was localized in the nucleus, suggesting that the cloned gene encodes the CreA transcription factor. Cellulase and xylanase production by the creA disruptant were higher than that of the control strain at the enzyme and transcription levels. Furthermore, the creA disruptant produced cellulase and xylanase in the presence of glucose. These data suggest both that the CreA protein functions as a catabolite repressor protein, and that disruption of creA is effective for enhancing enzyme production by A. cellulolyticus."
3183063,21980519,"Identification of the CRE-1 Cellulolytic Regulon in Neurospora crassa'], b'CRE-1 Regulon",2011,[],91,"{'xyr1': 1, 'ace3': 0, 'cbh1': 3, 'cellulase': 30, 'reesei': 7}",10.877965735161522,PLoS ONE,10.1371/journal.pone.0025654,"['Sun, Jianping', 'Glass, N. Louise', 'Arkowitz, Robert Alan']","In filamentous ascomycete fungi, the utilization of alternate carbon sources is influenced by the zinc finger transcription factor CreA/CRE-1, which encodes a carbon catabolite repressor protein homologous to Mig1 from Saccharomyces cerevisiae. In Neurospora crassa, deletion of cre-1 results in increased secretion of amylase and β-galactosidase."
6734591,31528353,The role of PKAc1 in gene regulation and trichodimerol production in Trichoderma reesei,2019,"['trichoderma reesei', 'hypocrea jecorina', 'camp pathway', 'cellulase', 'trichodimerol', 'secondary metabolism', 'sexual development']",16,"{'xyr1': 0, 'ace3': 0, 'cbh1': 0, 'cellulase': 0, 'reesei': 0}",6.108524456778169,Fungal Biology and Biotechnology,10.1186/s40694-019-0075-8,"['Hinterdobler, Wolfgang', 'Schuster, André', 'Tisch, Doris', 'Özkan, Ezgi', 'Bazafkan, Hoda', 'Schinnerl, Johann', 'Brecker, Lothar', 'Böhmdorfer, Stefan', 'Schmoll, Monika']","Trichoderma reesei represents a model system for investigation of plant cell wall degradation and its connection to light response. The cyclic adenosine monophosphate pathway (cAMP pathway) plays an important role in both physiological outputs, being crucial for regulation of photoreceptor function as well as for cellulase regulation on different carbon sources. Phosphorylation of photoreceptors and of the carbon catabolite repressor CRE1 was shown in ascomycetes, indicating a relevance of protein kinase A in regulation of the target genes of these transcription factors as well as an impact on regulation of induction specific genes. Moreover, the cAMP pathway impacts growth and development."
5002442,27621727,"Characterization and Strain Improvement of a Hypercellulytic Variant, Trichoderma reesei SN1, by Genetic Engineering for Optimized Cellulase Production in Biomass Conversion Improvement",2016,"['trichoderma reesei', 'uracil auxotrophy', 'β-glucosidase', 'biomass conversion', 'pretreated corncob residues']",11,"{'xyr1': 0, 'ace3': 0, 'cbh1': 7, 'cellulase': 54, 'reesei': 61}",9.874744956527424,Frontiers in Microbiology,10.3389/fmicb.2016.01349,"['Qian, Yuanchao', 'Zhong, Lixia', 'Hou, Yunhua', 'Qu, Yinbo', 'Zhong, Yaohua']","The filamentous fungus Trichoderma reesei is a widely used strain for cellulolytic enzyme production. A hypercellulolytic T. reesei variant SN1 was identified in this study and found to be different from the well-known cellulase producers QM9414 and RUT-C30. The cellulose-degrading enzymes of T. reesei SN1 show higher endoglucanase (EG) activity but lower β-glucosidase (BGL) activity than those of the others. A uracil auxotroph strain, SP4, was constructed by pyr4 deletion in SN1 to improve transformation efficiency. The BGL1-encoding gene bgl1 under the control of a modified cbh1 promoter was overexpressed in SP4. A transformant, SPB2, with four additional copies of bgl1 exhibited a 17.1-fold increase in BGL activity and a 30.0% increase in filter paper activity. Saccharification of corncob residues with crude enzyme showed that the glucose yield of SPB2 is 65.0% higher than that of SP4. These results reveal the feasibility of strain improvement through the development of an efficient genetic transformation platform to construct a balanced cellulase system for biomass conversion."
6026109,30002992,Potential biocontrol efficacy of Trichoderma atroviride with cellulase expression regulator ace1 gene knock-out,2018,"['trichoderma atroviride', 'ace1', 'biocontrol', 'cell wall-degrading enzymes', 'polyketide synthases']",6,"{'xyr1': 0, 'ace3': 0, 'cbh1': 0, 'cellulase': 0, 'reesei': 0}",4.725443724270987,3 Biotech,10.1007/s13205-018-1314-z,"['Fang, Chunjuan', 'Chen, Xiaoyan']","The biocontrol function of the repressor of cellulase expression I (ACE1) in Trichoderma atroviride was verified through constructing Δace1 mutant strain by Agrobacterium tumefaciens-mediated transformation. The activities of cell wall-degrading enzymes (cellulase, xylanase, chitinase, β-1,3-glucanase, and protease) in the supernatant of Δace1 mutant strain were distinctly higher than those of control strain, followed with the elevation of related genes transcript levels. Besides, the Δace1 mutant resulted in an elevating transcript level of xyr1, but no obvious change in the expression of cre1, which suggested that ACE1 was negative regulator of the xyr1 transcription, but not involved in cre1 transcription. On core polyketide synthases of four biosynthesis gene clusters for antibiotic secondary metabolites, only the transcription levels of encoding genes Try83179/TryH and Aza79482/AzaJ in Δace1 mutant strain were significantly higher than that in wild-type during antagonizing with pathogenic fungi Fusarium oxysporum and Rhizoctonia solani (with the inhibition rate of 30.7 and 19.8%, respectively). The biocontrol function of Δace1 mutant strain was remarkably enhanced. The results indicated that ACE1, indeed, acted as a repressor for cell wall-degrading enzymes and PKSs expression in T. atroviride, and the Δace1 mutant strain effectively made related enzymes activities improved with potential enhancement of biocontrol potency."
4924338,27354857,Genome wide analysis of protein production load in Trichoderma reesei,2016,"['protein production', 'transcriptomics', 'trichoderma reesei', 'hypocrea jecorina', 'flux balance analysis', 'metabolic modelling', 'stoichiometric model', 'rna sequencing']",16,"{'xyr1': 0, 'ace3': 0, 'cbh1': 0, 'cellulase': 0, 'reesei': 0}",5.7362718239961215,Biotechnology for Biofuels,10.1186/s13068-016-0547-5,"['Pakula, Tiina M.', 'Nygren, Heli', 'Barth, Dorothee', 'Heinonen, Markus', 'Castillo, Sandra', 'Penttilä, Merja', 'Arvas, Mikko']","The filamentous fungus Trichoderma reesei (teleomorph Hypocrea jecorina) is a widely used industrial host organism for protein production. In industrial cultivations, it can produce over 100 g/l of extracellular protein, mostly constituting of cellulases and hemicellulases. In order to improve protein production of T. reesei the transcriptional regulation of cellulases and secretory pathway factors have been extensively studied. However, the metabolism of T. reesei under protein production conditions has not received much attention."
10472679,37658430,CRISPR/Cas9 mediated gene editing of transcription factor ACE1 for enhanced cellulase production in thermophilic fungus Rasamsonia emersonii,2023,"['rasamsonia emersonii', 'crispr/cas9', 'ace1 transcription factor', 'gene expression', 'cellulases']",5,"{'xyr1': 0, 'ace3': 0, 'cbh1': 0, 'cellulase': 0, 'reesei': 0}",5.357552004618084,Fungal Biology and Biotechnology,10.1186/s40694-023-00165-y,"['Singh, Varinder', 'Raheja, Yashika', 'Basotra, Neha', 'Sharma, Gaurav', 'Tsang, Adrian', 'Chadha, Bhupinder Singh']","The filamentous fungus Rasamsonia emersonii has immense potential to produce biorefinery relevant thermostable cellulase and hemicellulase enzymes using lignocellulosic biomass. Previously in our lab, a hyper-cellulase producing strain of R. emersonii was developed through classical breeding and system biology approaches. ACE1, a pivotal transcription factor in fungi, plays a crucial role in negatively regulating the expression of cellulase genes. In order to identify the role of ACE1 in cellulase production and to further improve the lignocellulolytic enzyme production in R. emersonii, CRISPR/Cas9 mediated disruption of ACE1 gene was employed."
4850161,27199949,Exploring the Synergy between Cellobiose Dehydrogenase from Phanerochaete chrysosporium and Cellulase from Trichoderma reesei,2016,"['tritroderma reesei', 'cellulase', 'cellobiose inhibition', 'cellobiose dehydrogenase', 'synergy']",12,"{'xyr1': 1, 'ace3': 0, 'cbh1': 6, 'cellulase': 82, 'reesei': 37}",10.034798962577268,Frontiers in Microbiology,10.3389/fmicb.2016.00620,"['Wang, Min', 'Lu, Xuefeng']","Recent demands for the production of lignocellulose biofuels boosted research on cellulase. Hydrolysis efficiency and production cost of cellulase are two bottlenecks in “biomass to biofuels” process. The Trichoderma cellulase mixture is one of the most commonly used enzymes for cellulosic hydrolysis. During hydrolytic process cellobiose accumulation causes feedback inhibition against most cellobiohydrolases and endoglucanases. In this study, we demonstrated the synergism effects between cellobiose dehydrogenase (CDH) and cellulase both in vitro and in vivo. The CDH from Phanerochaete chrysosporium was heterologously expressed in Pichia pastoris. Supplementation of the purified CDH in Trichoderma cellulase increased the cellulase activities. Especially β-glucosidase activity was increased by 30–100% varying at different time points. On the other hand, the cdh gene was heterologously expressed in Trichoderma reesei to explore the synergism between CDH and cellulases in vivo. The analyses of gene expression and enzymatic profiles of filter paper activity, carboxymethylcellulase (CMCase) and β-glucosidase show the increased cellulase activity and the enhanced cellulase production in the cdh-expressing strains. The results elucidate a possible mechanism for diminishing the cellobiose inhibition of cellulase by CDH. These findings provide a novel perspective to make more economic enzyme cocktails for commercial application or explore alternative strategies for generating cellulase-producing strains with higher efficiency."
5879799,29619080,Characterization of a novel sugar transporter involved in sugarcane bagasse degradation in Trichoderma reesei,2018,"['trichoderma reesei', 'sugarcane bagasse', 'cellulase', 'sugar transporter', 'docking', 'saccharomyces cerevisiae', 'biofuel']",30,"{'xyr1': 1, 'ace3': 1, 'cbh1': 0, 'cellulase': 19, 'reesei': 49}",10.72443633679718,Biotechnology for Biofuels,10.1186/s13068-018-1084-1,"['Nogueira, Karoline M. V.', 'de Paula, Renato Graciano', 'Antoniêto, Amanda Cristina Campos', 'dos Reis, Thaila F.', 'Carraro, Cláudia Batista', 'Silva, Alinne Costa', 'Almeida, Fausto', 'Rechia, Carem Gledes Vargas', 'Goldman, Gustavo H.', 'Silva, Roberto N.']","Trichoderma reesei is a saprophytic fungus implicated in the degradation of polysaccharides present in the cell wall of plants. T. reesei has been recognized as the most important industrial fungus that secretes and produces cellulase enzymes that are employed in the production of second generation bioethanol. A few of the molecular mechanisms involved in the process of biomass deconstruction by T. reesei; in particular, the effect of sugar transporters and induction of xylanases and cellulases expression are yet to be known."
5177634,28066400,The Different Roles of Penicillium oxalicum LaeA in the Production of Extracellular Cellulase and β-xylosidase,2016,"['cellulase', 'β-xylosidase', 'laea', 'transcription factor', 'penicillium oxalicum']",21,"{'xyr1': 12, 'ace3': 0, 'cbh1': 3, 'cellulase': 51, 'reesei': 13}",10.152577369435608,Frontiers in Microbiology,10.3389/fmicb.2016.02091,"['Li, Yanan', 'Zheng, Xiaoju', 'Zhang, Xiujun', 'Bao, Longfei', 'Zhu, Yingying', 'Qu, Yinbo', 'Zhao, Jian', 'Qin, Yuqi']","Cellulolytic enzyme hydrolysis of lignocellulose biomass to release fermentable sugars is one of the key steps in biofuel refining. Gene expression of fungal cellulolytic enzymes is tightly controlled at the transcriptional level. Key transcription factors such as activator ClrB/CLR2 and XlnR/XYR1, as well as repressor CreA/CRE1 play crucial roles in this process. The putative protein methyltransferase LaeA/LAE1 has also been reported to regulate the gene expression of the cellulolytic enzyme. The formation and gene expression of the cellulolytic enzyme was compared among Penicillium oxalicum wild type (WT) and seven mutants, including ΔlaeA (deletion of laeA), OEclrB (clrB overexpression), OEclrBΔlaeA (clrB overexpression with deletion of laeA), OExlnR (xlnR overexpression), OExlnRΔlaeA (xlnR overexpression with deletion of laeA), ΔcreA (deletion of creA), and ΔcreAΔlaeA (double deletion of creA and laeA). Results revealed that LaeA extensively affected the expression of glycoside hydrolase genes. The expression of genes that encoded the top 10 glycoside hydrolases assayed in secretome was remarkably downregulated especially in later phases of prolonged batch cultures by the deletion of laeA. Cellulase synthesis of four mutants ΔlaeA, OEclrBΔlaeA, OExlnRΔlaeA, and ΔcreAΔlaeA was repressed remarkably compared with their parent strains WT, OEclrB, OExlnR, and ΔcreA, respectively. The overexpression of clrB or xlnR could not rescue the impairment of cellulolytic enzyme gene expression and cellulase synthesis when LaeA was absent, suggesting that LaeA was necessary for the expression of cellulolytic enzyme gene activated by ClrB or XlnR. In contrast to LaeA positive roles in regulating prominent cellulase and hemicellulase, the extracellular β-xylosidase formation was negatively regulated by LaeA. The extracellular β-xylosidase activities improved over 5-fold in the OExlnRΔlaeA mutant compared with that of WT, and the expression of prominent β-xylosidase gene xyl3A was activated remarkably. The cumulative effect of LaeA and transcription factor XlnR has potential applications in the production of more β-xylosidase."
8877461,35205940,GlSwi6 Positively Regulates Cellulase and Xylanase Activities through Intracellular Ca2+ Signaling in Ganoderma lucidum,2022,"['glswi6', 'cellulase', 'xylanase', 'ca2+', 'ganoderma lucidum']",6,"{'xyr1': 0, 'ace3': 0, 'cbh1': 0, 'cellulase': 0, 'reesei': 0}",5.357552004618084,Journal of Fungi,10.3390/jof8020187,"['Lian, Ling-Dan', 'Shi, Ling-Yan', 'Zhu, Jing', 'Liu, Rui', 'Shi, Liang', 'Ren, Ang', 'Yu, Han-Shou', 'Zhao, Ming-Wen', 'Faulds, Craig']","Ganoderma lucidum is a white-rot fungus that produces a range of lignocellulolytic enzymes to decompose lignin and cellulose. The mitogen-activated protein kinase (MAPK) pathway has been implicated in xylanases and cellulases production. As the downstream transcription factor of Slt2-MAPK, the function of Swi6 in G. lucidum has not been fully studied. In this study, the transcription factor GlSwi6 in G. lucidum was characterized and shown to significantly positively regulate cellulases and xylanases production. Knockdown of the GlSwi6 gene decreased the activities of cellulases and xylanases by approximately 31%~38% and 54%~60% compared with those of the wild-type (WT) strain, respectively. Besides, GlSwi6 can be alternatively spliced into two isoforms, GlSwi6A and GlSwi6B, and overexpression of GlSwi6B increased the activities of cellulase and xylanase by approximately 50% and 60%, respectively. Further study indicates that the existence of GlSwi6B significantly increased the concentration of cytosolic Ca2+. Our study indicated that GlSwi6 promotes the activities of cellulase and xylanase by regulating the Ca2+ signaling. These results connected the GlSwi6 and Ca2+ signaling in the regulation of cellulose degradation, and provide an insight for further improvement of cellulase or xylanase activities in G. lucidum as well as other fungi."
7118919,32292397,Weighted Gene Co-expression Network Analysis Identifies Critical Genes for the Production of Cellulase and Xylanase in Penicillium oxalicum,2020,"['co-expression network', 'cellulase', 'xylanase', 'time-course transcriptome', 'penicillium oxalicum']",13,"{'xyr1': 2, 'ace3': 0, 'cbh1': 1, 'cellulase': 81, 'reesei': 4}",10.177834761777076,Frontiers in Microbiology,10.3389/fmicb.2020.00520,"['Li, Cheng-Xi', 'Zhao, Shuai', 'Luo, Xue-Mei', 'Feng, Jia-Xun']","Genes involved in cellular processes undergo environment-dependent co-regulation, but the co-expression patterns of fungal cellulase and xylanase-encoding genes remain unclear. Here, we identified two novel carbon sources, methylcellulose and 2-hydroxyethyl cellulose, which efficiently induced the secretion of cellulases and xylanases in Penicillium oxalicum. Comparative transcriptomic analyses identified carbon source-specific transcriptional patterns, mainly including major cellulase and xylanase-encoding genes, genes involved in glycolysis/gluconeogenesis and the tricarboxylic acid cycle, and genes encoding transcription factors, transporters and G protein-coupled receptors. Moreover, the weighted correlation network analysis of time-course transcriptomes, generated 17 highly connected modules. Module MEivory, comprising 120 members, included major cellulase and xylanase-encoding genes, genes encoding the key regulators PoxClrB and PoxXlnR, and a cellodextrin transporter POX06051/CdtC, which were tightly correlated with the filter-paper cellulase, carboxymethylcellulase and xylanase activities in P. oxalicum. An expression kinetic analysis indicated that members in MEivory were activated integrally by carbon sources, but their expressional levels were carbon source- and/or induction duration-dependent. Three uncharacterized regulatory genes in MEivory were identified, which regulate the production of cellulases and xylanases in P. oxalicum. These findings provide insights into the mechanisms associated with the synthesis and secretion of fungal cellulases and xylanases, and a guide for P. oxalicum application in biotechnology."
11678864,39769136,Transcription Factors ClrB and XlnR and Their Effect on the Transcription of Cellulase Genes in the Filamentous Fungus Penicillium verruculosum,2024,"['transcription factors', 'penicillium verruculosum', 'cellulases', 'induction', 'qpcr', 'transcriptome']",0,"{'xyr1': 0, 'ace3': 0, 'cbh1': 0, 'cellulase': 0, 'reesei': 0}",3.169925001442312,International Journal of Molecular Sciences,10.3390/ijms252413373,"['Chulkin, Andrey', 'Kislitsin, Valeriy', 'Sinelnikov, Igor', 'Sinitsyn, Arkady', 'Zorov, Ivan', 'Volkov, Pavel', 'Rozhkova, Aleksandra', 'Martín, Juan Francisco']","The filamentous fungus Penicillium verruculosum (anamorph Talaromyces verruculosus) has been shown to be an efficient producer of secreted cellulases, used in biorefinery processes. Understanding the mechanisms of regulation of cellulase gene expression in the fungus P. verruculosum is a current task in industrial biotechnology, since it allows for targeted changes in the composition of the complex secreted by the fungus. Expression of cellulase genes in fungi is regulated mainly at the level of transcription via pathway-specific transcription factors (TF), the majority of which belong to the Zn(II)2Cys6 family of zinc binuclear cluster proteins. Transcriptional regulation of cellulase genes may have a species-specific pattern and involves several transcription factors. In this study, we used a qPCR method and transcriptome analysis to investigate the effect of knockouts and constitutive expression of genes encoding homologues of the regulatory factors XlnR and ClrB from P. verruculosum on the transcription of cbh1, egl2, and bgl1 genes, encoding three key cellulases, cellobiohydrolase, endoglucanase, and β-glucosidase, in the presence of various inducers. We have shown that the transcription factor XlnR of the filamentous fungus P. verruculosum is strictly responsible for the transcription of the main cellulolytic genes (cbh1, egl2, and bgl1) in the presence of xylose and xylobiose, but not in the presence of cellobiose. ClrB/Clr-2, a homologue from P. verruculosum, does not represent the main transcription factor regulating transcription of cellulolytic genes in the presence of selected inducers, unlike in the cases of Aspergillus nidulans, Aspergillus niger, and Penicillium oxalicum; apparently, it has a different function in fungi from the genus Talaromyces. We have also shown that constitutive expression of the transcription factor XlnR resulted in 3.5- and 2-fold increases in the activity of xylanase and β-glucosidase in a B1-XlnR enzyme preparation, respectively. In a practical sense, the obtained result can be used for the production of enzyme preparations based on the P. verruculosum B1-XlnR strain used for the bioconversion of renewable cellulose-containing raw materials into technical sugars."
5607079,28955636,Efficient crude multi-enzyme produced by Trichoderma reesei using corncob for hydrolysis of lignocellulose,2017,"['multi-enzyme', 'corncob', 'cellulose', 'lignocellulose', 'trichoderma reesei']",2,"{'xyr1': 0, 'ace3': 0, 'cbh1': 0, 'cellulase': 0, 'reesei': 0}",3.4594316186372973,3 Biotech,10.1007/s13205-017-0982-4,"['Jiang, Fengchao', 'Ma, Lijuan', 'Cai, Rui', 'Ma, Qing', 'Guo, Gaojie', 'Du, Liping', 'Xiao, Dongguang']","To improve the efficiency of enzymatic saccharification for lignocellulose, an efficient crude multi-enzyme was produced by Trichoderma reesei using corncob, a low cost inducer. Expression of cbh1, bgl1, egl1, xyn1 and positive regulator xyr1 induced by corncob increased significantly compared to that by cellulose. After 120 h induction by corncob, enzymatic activities on filter, CMC, β-glucose and xylan increased 86.5, 46.9, 120.9 and 291.2% compared to those induced by cellulose, and the concentration of secreted protein increased by 120.8%. FPase:β-glucosidase and FPase:xylanase values in crude multi-enzyme I (ECI, induced by corncob) were higher than that in crude multi-enzyme II (ECII, induced by cellulose). Under the same hydrolysis conditions, the volume dosage of ECI was only half of ECII, but ECI still showed a maximum of 12.5 and 33.4% higher than ECII in the total reducing sugar and glucose yield in lignocellulose hydrolysis. Corncob could be a candidate for low cost production of multi-enzyme for efficient lignocellulose degradation, and this work could guide the genetic modification of T. reesei to obtain efficient multi-enzyme for lignocellulose hydrolysis."
5000517,27570542,Functional characterization of the native swollenin from Trichoderma reesei: study of its possible role as C1 factor of enzymatic lignocellulose conversion,2016,"['swo1', 'swollenin', 'expansin', 'trichoderma reesei', 'glycoprotein', 'cellulose degradation', 'synergism', 'amorphogenesis', 'atomic force microscopy']",0,"{'xyr1': 0, 'ace3': 0, 'cbh1': 0, 'cellulase': 0, 'reesei': 0}",2.027480736422107,Biotechnology for Biofuels,10.1186/s13068-016-0590-2,"['Eibinger, Manuel', 'Sigl, Karin', 'Sattelkow, Jürgen', 'Ganner, Thomas', 'Ramoni, Jonas', 'Seiboth, Bernhard', 'Plank, Harald', 'Nidetzky, Bernd']","Through binding to cellulose, expansin-like proteins are thought to loosen the structural order of crystalline surface material, thus making it more accessible for degradation by hydrolytic enzymes. Swollenin SWO1 is the major expansin-like protein from the fungus Trichoderma reesei. Here, we have performed a detailed characterization of a recombinant native form of SWO1 with respect to its possible auxiliary role in the enzymatic saccharification of lignocellulosic substrates."
9288086,35842666,Exploring the multi-level regulation of lignocellulases in the filamentous fungus Trichoderma guizhouense NJAU4742 from an omics perspective,2022,"['plant biomass degradation', 'lignocellulases', 'regulatory mechanisms', 'trichoderma']",0,"{'xyr1': 0, 'ace3': 0, 'cbh1': 0, 'cellulase': 0, 'reesei': 0}",2.747233929620033,Microbial Cell Factories,10.1186/s12934-022-01869-3,"['Xia, Yanwei', 'Wang, Jingfan', 'Guo, Chuanxu', 'Xu, Huanhuan', 'Wang, Wei', 'Yang, Mingzhu', 'Shen, Qirong', 'Zhang, Ruifu', 'Miao, Youzhi']","Filamentous fungi are highly efficient at deconstructing plant biomass by secreting a variety of enzymes, but the complex enzymatic regulation underlying this process is not conserved and remains unclear."
5734013,29079620,Influence of cis Element Arrangement on Promoter Strength in Trichoderma reesei,2017,"['trichoderma reesei', 'cbh1', 'xyn1', 'cis element', 'xyr1-binding site', 'promoter strength', 'promoter inducibility', 'promoters', 'regulation of gene expression']",0,"{'xyr1': 11, 'ace3': 0, 'cbh1': 142, 'cellulase': 9, 'reesei': 15}",6.934673752122056,Applied and Environmental Microbiology,10.1128/AEM.01742-17,"['Kiesenhofer, Daniel P.', 'Mach, Robert L.', 'Mach-Aigner, Astrid R.', 'Atomi, Haruyuki']","Trichoderma reesei can produce up to 100 g/liter of extracellular proteins. The major and industrially relevant products are cellobiohydrolase I (CBHI) and the hemicellulase XYNI. The genes encoding both enzymes are transcriptionally activated by the regulatory protein Xyr1. The first 850 nucleotides of the cbh1 promoter contain 14 Xyr1-binding sites (XBS), and 8 XBS are present in the xyn1 promoter. Some of these XBS are arranged in tandem and others as inverted repeats. One such cis element, an inverted repeat, plays a crucial role in the inducibility of the xyn1 promoter. We investigated the impact of the properties of such cis elements by shuffling them by insertion, exchange, deletion, and rearrangement of cis elements in both the cbh1 and xyn1 promoter. A promoter-reporter assay using the Aspergillus niger'], b'goxA gene allowed us to measure changes in the promoter strength and inducibility. Most strikingly, we found that an inverted repeat of XBS causes an important increase in cbh1 promoter strength and allows induction by xylan or wheat straw. Furthermore, evidence is provided that the distances of cis elements to the transcription start site have important influence on promoter activity. Our results suggest that the arrangement and distances of cis elements have large impacts on the strength of the cbh1 promoter, whereas the sheer number of XBS has only secondary importance. Ultimately, the biotechnologically important cbh1 promoter can be improved by cis element rearrangement."
9604776,36294624,Identification of a Bidirectional Promoter from Trichoderma reesei and Its Application in Dual Gene Expression,2022,"['bidirectional promoter', 'filamentous fungus', 'cellulase', 'sor cluster']",0,"{'xyr1': 0, 'ace3': 0, 'cbh1': 0, 'cellulase': 0, 'reesei': 0}",2.747233929620033,Journal of Fungi,10.3390/jof8101059,"['Wu, Xiaoxiao', 'Li, Fuzhe', 'Yang, Renfei', 'Meng, Xiangfeng', 'Zhang, Weixin', 'Liu, Weifeng', 'Yin, Wenbing']","The cellulolytic filamentous fungus Trichoderma reesei has a strong capability in protein synthesis and secretion and is increasingly used as a fungal chassis for the production of heterologous proteins or secondary metabolites. However, bidirectional promoters that would significantly facilitate multiple genes’ expression have not been characterized in T. reesei. Herein, we show that a 767-bp intergenic region between two polyketide synthase encoding genes that were involved in the biosynthesis of the typical yellow pigment served as a bidirectional promoter in T. reesei. This region was shown to be able to drive the simultaneous expression of two fluorescence reporter genes when fused to each end. Quantitative RT-PCR analysis demonstrated that the driving strength of this bidirectional promoter from each direction reached about half of that of the commonly used promoter PgpdA. Moreover, the co-expression of two cellulase genes driven by this bidirectional promoter enabled T. reesei to produce cellulases on glucose and improved the total cellulase activities with cellulose Avicel as the carbon source. Our work identified the first bidirectional promoter in T. reesei, which would facilitate gene co-expression and find applications in synthetic biology using fungal systems."
11610954,39628917,Investigating the cellular functions of β-Glucosidases for synthesis of lignocellulose-degrading enzymes in Trichoderma reesei,2023,"['β-glucosidase', 'cel3j', 'unconventional secretion pathway', 'endoplasmic reticulum', 'golgi']",0,"{'xyr1': 2, 'ace3': 0, 'cbh1': 1, 'cellulase': 94, 'reesei': 49}",7.660590205534525,Engineering Microbiology,10.1016/j.engmic.2023.100105,"['Pang, Ai–Ping', 'Wang, Haiyan', 'Luo, Yongsheng', 'Zhang, Funing', 'Wu, Fu–Gen', 'Zhou, Zhihua', 'Lu, Zuhong', 'Lin, Fengming']",•All 10 β-glucosidases function in cellulase production with cel3j being more crucial.•The CEL3J secretion was Golgi-bypassing and regulated by the mTORC1-GRASP55 axis.•The cel3j overexpression changed the cellulase secretion to unconventional mode.
3948607,23766336,Analysis of a conserved cellulase transcriptional regulator reveals inducer-independent production of cellulolytic enzymes in Neurospora crassa,2013,"['aspergillus', 'biofuels', 'cellulase', 'neurospora', 'transcriptional regulation']",0,"{'xyr1': 1, 'ace3': 0, 'cbh1': 1, 'cellulase': 38, 'reesei': 5}",4.700439718141093,MicrobiologyOpen,10.1002/mbo3.94,"['Coradetti, Samuel T', 'Xiong, Yi', 'Glass, N Louise']","Cellulose is recalcitrant to deconstruction to glucose for use in fermentation strategies for biofuels and chemicals derived from lignocellulose. In Neurospora crassa, the transcriptional regulator, CLR-2, is required for cellulolytic gene expression and cellulose deconstruction. To assess conservation and divergence of cellulase gene regulation between fungi from different ecological niches, we compared clr-2 function with its ortholog (clrB) in the distantly related species, Aspergillus nidulans. Transcriptional profiles induced by exposure to crystalline cellulose were similar in both species. Approximately 50% of the cellulose-responsive genes showed strict dependence on functional clr-2/clrB, with a subset of 28 genes encoding plant biomass degrading enzymes that were conserved between N. crassa and A. nidulans. Importantly, misexpression of clr-2 under noninducing conditions was sufficient to drive cellulase gene expression, secretion, and activity in N. crassa, to a level comparable to wild type exposed to Avicel. However, misexpression of clrB in A. nidulans was not sufficient to drive cellulase gene expression under noninducing conditions, although an increase in cellulase activity was observed under crystalline cellulose conditions. Manipulation of clr-2 orthologs among filamentous fungi may enable regulated cellulosic enzyme production in a wide array of culture conditions and host strains, potentially reducing costs associated with enzyme production for plant cell wall deconstruction. However, this functionality may require additional engineering in some species."
8254082,34258241,Analysis of the phosphorylome of trichoderma reesei cultivated on sugarcane bagasse suggests post-translational regulation of the secreted glycosyl hydrolase Cel7A,2021,"['trichoderma reesei', 'phosphorylome', 'sugarcane bagasse', 'cel7a', 'phosphorylation']",0,"{'xyr1': 0, 'ace3': 0, 'cbh1': 1, 'cellulase': 26, 'reesei': 43}",6.247927513443585,Biotechnology Reports,10.1016/j.btre.2021.e00652,"['Pedersoli, Wellington Ramos', 'de Paula, Renato Graciano', 'Antoniêto, Amanda Cristina Campos', 'Carraro, Cláudia Batista', 'Taveira, Iasmin Cartaxo', 'Maués, David Batista', 'Martins, Maíra Pompeu', 'Ribeiro, Liliane Fraga Costa', 'Damasio, André Ricardo de Lima', 'Silva-Rocha, Rafael', 'Filho, Antônio Rossi', 'Silva, Roberto N']",•Phosphorylome of Trichoderma reesei reveals phosphosites in some glycosyl hydrolases.•Phosphoserine and phosphothreonine is the major phosphosites identified.•Protein Kinase C is the most frequently predicted kinase in phosphorylome.•The cellulase Cel7A activity is affected by dephosphorylation.
4864841,27226768,Trichoderma reesei CRE1-mediated Carbon Catabolite Repression in Re-sponse to Sophorose Through RNA Sequencing Analysis,2016,"['trichoderma reesei', 'carbon catabolite repression', 'cre1', 'sophorose', 'rna-seq']",0,"{'xyr1': 3, 'ace3': 1, 'cbh1': 1, 'cellulase': 18, 'reesei': 51}",5.632715632169525,Current Genomics,10.2174/1389202917666151116212901,"['Antoniêto, Amanda Cristina Campos', 'de Paula, Renato Graciano', 'Castro, Lílian dos Santos', 'Silva-Rocha, Rafael', 'Persinoti, Gabriela Felix', 'Silva, Roberto Nascimento']","Carbon catabolite repression (CCR) mediated by CRE1 in  Trichoderma reesei emerged as a mechanism by which the fungus could adapt to new environments. In the presence of readily available carbon sources such as glucose, the fungus activates this mechanism and inhibits the production of cellulolytic complex enzymes to avoid unnecessary energy expenditure. CCR has been well described for the growth of T. reesei in cellulose and glucose, however, little is known about this process when the carbon source is sophorose, one of the most potent inducers of cellulase production. Thus, we performed high-throughput RNA sequencing to better understand CCR during cellulase formation in the presence of sophorose, by comparing the mutant ∆cre1 with its parental strain, QM9414. Of the 9129 genes present in the genome of T. reesei, 184 were upregulated and 344 downregulated in the mutant strain ∆cre1 compared to QM9414. Genes belonging to the CAZy database, and those encoding transcription factors and transporters are among the gene classes that were repressed by CRE1 in the presence of sophorose; most were possible indirectly regulated by CRE1. We also observed that CRE1 activity is carbon-dependent. A recent study from our group showed that in cellulose, CRE1 repress different groups of genes when compared to sophorose. CCR differences between these carbon sources may be due to the release of cellodextrins in the cellulose polymer, resulting in different targets of CRE1 in both carbon sources. These results contribute to a better understanding of CRE1-mediated CCR in  T. reesei when glucose comes from a potent inducer of cellulase production such as sophorose, which could prove useful in improving cellulase production by the biotechnology sector."
7299030,32587577,"Involvement of PaSNF1 in Fungal Development, Sterigmatocystin Biosynthesis, and Lignocellulosic Degradation in the Filamentous Fungus Podospora anserina",2020,"['podospora anserina', 'sucrose non-fermenting 1', 'sexual development', 'stress tolerance', 'secondary metabolism', 'lignocellulose degradation']",0,"{'xyr1': 3, 'ace3': 0, 'cbh1': 0, 'cellulase': 31, 'reesei': 6}",5.357552004618084,Frontiers in Microbiology,10.3389/fmicb.2020.01038,"['Li, Yuanjing', 'Yan, Pengfei', 'Lu, Xiaojie', 'Qiu, Yanling', 'Liang, Shang', 'Liu, Gang', 'Li, Shuangfei', 'Mou, Lin', 'Xie, Ning']","The sucrose non-fermenting 1/AMP-activated protein kinase (SNF1/AMPK) is a central regulator of carbon metabolism and energy production in the eukaryotes. In this study, the functions of the Podospora anserina SNF1 (PaSNF1) ortholog were investigated. The ΔPaSNF1 mutant displays a delayed development of mycelium and fruiting bodies and fails to form ascospores. The expression of the PaSNF1 gene in the strain providing female organs in a cross is sufficient to ensure fertility, indicating a maternal effect. Results of environmental stress showed that ΔPaSNF1 was hypersensitive to stress, such as osmotic pressure and heat shock, and resistant to fluconazole. Interestingly, the knockout of PaSNF1 significantly promoted sterigmatocystin (ST) synthesis but suppressed cellulase [filter paperase (FPA), endoglucanase (EG), and β-glucosidase (BG)] activity. Further, transcriptome analysis indicated that PaSNF1 made positive regulatory effects on the expression of genes encoding cellulolytic enzymes. These results suggested that PaSNF1 may function in balancing the operation of primary and secondary metabolism. This study suggested that SNF1 was a key regulator concerting vegetative growth, sexual development, and stress tolerance. Our study provided the first genetic evidence that SNF1 was involved in the ST biosynthesis and that it may also be a major actor of lignocellulose degradation in P. anserina."
10345034,37341752,The phenomenon of strain degeneration in biotechnologically relevant fungi,2023,"['fungi', 'strain stability', 'degeneration', 'biotechnology']",0,"{'xyr1': 0, 'ace3': 0, 'cbh1': 0, 'cellulase': 0, 'reesei': 0}",2.9385994553358565,Applied Microbiology and Biotechnology,10.1007/s00253-023-12615-z,"['Danner, Caroline', 'Mach, Robert L.', 'Mach-Aigner, Astrid R.']","Fungi are widely exploited for large-scale production in the biotechnological industry to produce a diverse range of substances due to their versatility and relative ease of growing on various substrates. The occurrence of a phenomenon—the so-called fungal strain degeneration—leads to the spontaneous loss or decline of production capacity and results in an economic loss on a tremendous scale. Some of the most commonly applied genera of fungi in the biotechnical industry, such as Aspergillus, Trichoderma, and Penicillium, are threatened by this phenomenon. Although fungal degeneration has been known for almost a century, the phenomenon and its underlying mechanisms still need to be understood. The proposed mechanisms causing fungi to degenerate can be of genetic or epigenetic origin. Other factors, such as culture conditions, stress, or aging, were also reported to have an influence. This mini-review addresses the topic of fungal degeneration by describing examples of productivity losses in biotechnical processes using Aspergillus niger, Aspergillus oryzae, Trichoderma reesei, and Penicillium chrysogenum. Further, potential reasons, circumvention, and prevention methods are discussed. This is the first mini-review which provides a comprehensive overview on this phenomenon in biotechnologically used fungi, and it also includes a collection of strategies that can be useful to minimize economic losses which can arise from strain degeneration."
5956788,29796083,Identification of two integration sites in favor of transgene expression in Trichoderma reesei,2018,"['2a peptide', 'flow cytometry', 'trichoderma reesei', 'integration site', 'lipase', 'gene expression']",0,"{'xyr1': 0, 'ace3': 0, 'cbh1': 0, 'cellulase': 0, 'reesei': 0}",2.2129937233341983,Biotechnology for Biofuels,10.1186/s13068-018-1139-3,"['Qin, Lina', 'Jiang, Xianzhang', 'Dong, Zhiyang', 'Huang, Jianzhong', 'Chen, Xiuzhen']","The ascomycete fungus Trichoderma reesei was widely used as a biotechnological workhorse for production of cellulases and recombinant proteins due to its large capacity of protein secretion. Transgenesis by random integration of a gene of interest (GOI) into the genome of T. reesei can generate series of strains that express different levels of the indicated transgene. The insertion site of the GOI plays an important role in the ultimate production of the targeted proteins. However, so far no systematic studies have been made to identify transgene integration loci for optimal expression of the GOI in T. reesei. Currently, only the locus of exocellobiohydrolases I encoding gene (cbh1) is widely used as a promising integration site to lead to high expression level of the GOI. No additional sites associated with efficient gene expression have been characterized."
7360787,32733865,Regulating Strategies for Producing Carbohydrate Active Enzymes by Filamentous Fungal Cell Factories,2020,"['filamentous fungal cell factory', 'protein expression', 'carbohydrate active enzymes', 'transcription factors', 'carbon catabolite repression', 'signal pathway', 'regulation strategies']",0,"{'xyr1': 12, 'ace3': 6, 'cbh1': 1, 'cellulase': 67, 'reesei': 25}",6.701980236216874,Frontiers in Bioengineering and Biotechnology,10.3389/fbioe.2020.00691,"['Zhang, Teng', 'Liu, Hu', 'Lv, Bo', 'Li, Chun']","Filamentous fungi are important eukaryotic organisms crucial in substrate degradation and carbon cycle on the earth and have been harnessed as cell factories for the production of proteins and other high value-added products in recent decades. As cell factories, filamentous fungi play a crucial role in industrial protein production as both native hosts and heterologous hosts. In this review, the regulation strategies of carbohydrate active enzyme expression at both transcription level and protein level are introduced, and the transcription regulations are highlighted with induction mechanism, signaling pathway, and promoter and transcription factor regulation. Afterward, the regulation strategies in protein level including suitable posttranslational modification, protein secretion enhancement, and protease reduction are also presented. Finally, the challenges and perspectives in this field are discussed. In this way, a comprehensive knowledge regarding carbohydrate active enzyme production regulation at both transcriptional and protein levels is provided with the particular goal of aiding in the practical application of filamentous fungi for industrial protein production."
11024145,38632386,The CBS/H2S signalling pathway regulated by the carbon repressor CreA promotes cellulose utilization in Ganoderma lucidum,2024,"['fungal genetics', 'physiology']",0,"{'xyr1': 0, 'ace3': 0, 'cbh1': 0, 'cellulase': 50, 'reesei': 6}",6.623515741490549,Communications Biology,10.1038/s42003-024-06180-y,"['Shangguan, Jiaolei', 'Qiao, Jinjin', 'Liu, He', 'Zhu, Lei', 'Han, Xiaofei', 'Shi, Liang', 'Zhu, Jing', 'Liu, Rui', 'Ren, Ang', 'Zhao, Mingwen']","Cellulose is an important abundant renewable resource on Earth, and the microbial cellulose utilization mechanism has attracted extensive attention. Recently, some signalling molecules have been found to regulate cellulose utilization and the discovery of underlying signals has recently attracted extensive attention. In this paper, we found that the hydrogen sulfide (H2S) concentration under cellulose culture condition increased to approximately 2.3-fold compared with that under glucose culture condition in Ganoderma lucidum. Further evidence shown that cellulase activities of G. lucidum were improved by 18.2-27.6% through increasing H2S concentration. Then, we observed that the carbon repressor CreA inhibited H2S biosynthesis in G. lucidum by binding to the promoter of cbs, a key gene for H2S biosynthesis, at “CTGGGG”. In our study, we reported for the first time that H2S increased the cellulose utilization in G. lucidum, and analyzed the mechanism of H2S biosynthesis induced by cellulose. This study not only enriches the understanding of the microbial cellulose utilization mechanism but also provides a reference for the analysis of the physiological function of H2S signals."
1694815,17056741,Xyr1 (Xylanase Regulator 1) Regulates both the Hydrolytic Enzyme System and d-Xylose Metabolism in Hypocrea jecorina▿ † ,2006,[],0,"{'xyr1': 0, 'ace3': 0, 'cbh1': 0, 'cellulase': 0, 'reesei': 0}",1.4537179674429035,Eukaryotic Cell,10.1128/EC.00211-06,"['Stricker, Astrid R.', 'Grosstessner-Hain, Karin', 'Würleitner, Elisabeth', 'Mach, Robert L.']","Xyr1 (xylanase regulator 1) of the ascomycete Hypocrea jecorina (anamorph Trichoderma reesei) was recently demonstrated to play an essential role in the transcriptional regulation of the xyn1 (xylanase 1-encoding) gene expression. Consequently, this study reports on the deletion of the xyr1 gene from the H. jecorina genome. Comparative studies of the growth behavior of the different mutant strains (deleted and retransformed xyr1) grown on various carbon sources pointed to the strongly reduced ability of the xyr1 deletion strain to utilize d-xylose and xylan. Transcriptional analysis of the xyl1 (d-xylose reductase 1-encoding) gene as well as measurements of corresponding enzymatic activities gave evidence that Xyr1 takes part in the control of the fungal d-xylose pathway, in particular in the regulation of d-xylose reductase. It could be demonstrated that the uptake of d-xylose into the fungal cell is uninfluenced in the Δxyr1 strain. Furthermore, transcriptional regulation of the major hydrolytic enzyme-encoding genes xyn1 and xyn2 (xylanases 1 and 2), cbh1 and cbh2 (cellobiohydrolases 1 and 2), and egl1 (endoglucanase 1) is strictly dependent on Xyr1. Regulation of the respective genes via Xyr1 is not affected by the substances mediating induction (xylose, xylobiose, and sophorose) and is indispensable for all modes of gene expression (basal, derepressed, and induced). Moreover, Xyr1, it was revealed, activated transcriptional regulation of inducer-providing enzymes such as β-xylosidase BXLI and β-glucosidase BGLI but was not shown to be involved in the regulation of BGLII."
11344075,39179646,CRISPR/Cas9 mediated targeted knock-in of eglA gene to improve endoglucanase activity of Aspergillus fumigatus LMB-35Aa,2024,"['biotechnology', 'microbiology', 'molecular biology']",0,"{'xyr1': 2, 'ace3': 0, 'cbh1': 0, 'cellulase': 25, 'reesei': 4}",5.872828759534885,Scientific Reports,10.1038/s41598-024-70397-4,"['Benites-Pariente, J. S.', 'Samolski, I.', 'Ludeña, Y.', 'Villena, G. K.']","Bioeconomy goals for using biomass feedstock for biofuels and bio-based production has arisen the demand for fungal strains and enzymes for biomass processing. Despite well-known Trichoderma and Aspergillus commercial strains, continuous bioprospecting has revealed the fungal biodiversity potential for production of biomass degrading enzymes. The strain Aspergillus fumigatus LMB-35Aa has revealed a great potential as source of lignocellulose-degrading enzymes. Nevertheless, genetic improvement should be considered to increase its biotechnological potential. Molecular manipulation based on homologous direct recombination (HDR) in filamentous fungi poses a challenge since its low recombination rate. Currently, CRISPR/Cas9-mediated mutagenesis can enable precise and efficient editing of filamentous fungi genomes. In this study, a CRISPR/Cas9-mediated gene editing strategy for improving endoglucanase activity of A. fumigatus LMB-35Aa strain was successfully used, which constitutes the first report of heterologous cellulase production in filamentous fungi using this technology. For this, eglA gene from A. niger ATCC 10,864 was integrated into conidial melanin pksP gene locus, which facilitated the selection of edited events discerned by the emergence of albino colonies. Heterologous production of the EglA enzyme in a biofilm fermentation system resulted in a 40% improvement in endoglucanase activity of the mutant strain compared to the wild type."
5952832,29785273,Gene regulation associated with sexual development and female fertility in different isolates of Trichoderma reesei,2018,"['trichoderma reesei', 'hypocrea jecorina', 'sexual development', 'female fertility', 'secondary metabolism', 'mating type']",0,"{'xyr1': 0, 'ace3': 0, 'cbh1': 0, 'cellulase': 0, 'reesei': 0}",2.2129937233341983,Fungal Biology and Biotechnology,10.1186/s40694-018-0055-4,"['Dattenböck, Christoph', 'Tisch, Doris', 'Schuster, Andre', 'Monroy, Alberto Alonso', 'Hinterdobler, Wolfgang', 'Schmoll, Monika']",Trichoderma reesei is one of the most frequently used filamentous fungi in industry for production of homologous and heterologous proteins. The ability to use sexual crossing in this fungus was discovered several years ago and opens up new perspectives for industrial strain improvement and investigation of gene regulation.
5468973,28616076,Regulators of plant biomass degradation in ascomycetous fungi,2017,"['plant biomass degradation', 'transcription regulation', 'cazy genes', 'fungi', 'bioeconomy']",0,"{'xyr1': 0, 'ace3': 0, 'cbh1': 0, 'cellulase': 0, 'reesei': 0}",2.1154772174199357,Biotechnology for Biofuels,10.1186/s13068-017-0841-x,"['Benocci, Tiziano', 'Aguilar-Pontes, Maria Victoria', 'Zhou, Miaomiao', 'Seiboth, Bernhard', 'de Vries, Ronald P.']","Fungi play a major role in the global carbon cycle because of their ability to utilize plant biomass (polysaccharides, proteins, and lignin) as carbon source. Due to the complexity and heterogenic composition of plant biomass, fungi need to produce a broad range of degrading enzymes, matching the composition of (part of) the prevalent substrate. This process is dependent on a network of regulators that not only control the extracellular enzymes that degrade the biomass, but also the metabolic pathways needed to metabolize the resulting monomers. This review will summarize the current knowledge on regulation of plant biomass utilization in fungi and compare the differences between fungal species, focusing in particular on the presence or absence of the regulators involved in this process."
6121985,29980558,"Transcription Factor NsdD Regulates the Expression of Genes Involved in Plant Biomass-Degrading Enzymes, Conidiation, and Pigment Biosynthesis in Penicillium oxalicum",2018,"['penicillium oxalicum', 'transcription factor', 'poxnsdd', 'starch-degrading enzyme', 'conidiation', 'pigment biosynthesis']",0,"{'xyr1': 0, 'ace3': 0, 'cbh1': 0, 'cellulase': 0, 'reesei': 0}",2.2129937233341983,Applied and Environmental Microbiology,10.1128/AEM.01039-18,"['He, Qi-Peng', 'Zhao, Shuai', 'Wang, Jiu-Xiang', 'Li, Cheng-Xi', 'Yan, Yu-Si', 'Wang, Long', 'Liao, Lu-Sheng', 'Feng, Jia-Xun', 'Schottel, Janet L.']","Most filamentous fungi produce a vast number of extracellular enzymes that are used commercially for biorefineries of plant biomass to produce biofuels and value-added chemicals, which might promote the transition to a more environmentally friendly economy. The expression of these extracellular enzyme genes is tightly controlled at the transcriptional level, which limits their yields. Hitherto our understanding of the regulation of expression of plant biomass-degrading enzyme genes in filamentous fungi has been rather limited. In the present study, regulatory roles of a key regulator, PoxNsdD, were further explored in the soil fungus Penicillium oxalicum, contributing to the understanding of gene regulation in filamentous fungi and revealing the biotechnological potential of P. oxalicum via genetic engineering."
8123685,33925273,Molecular Characterization of Xyloglucanase cel74a from Trichoderma reesei,2021,"['trichoderma reesei', 'xyloglucanase', 'sugarcane bagasse (scb)', 'holocellulase', 'xyloglucan breakdown']",0,"{'xyr1': 0, 'ace3': 0, 'cbh1': 0, 'cellulase': 0, 'reesei': 0}",2.584962500721156,International Journal of Molecular Sciences,10.3390/ijms22094545,"['Lopes, Douglas Christian Borges', 'Carraro, Cláudia Batista', 'Silva, Roberto Nascimento', 'de Paula, Renato Graciano', 'Tomás, Juan M.']","Background: The filamentous fungus Trichoderma reesei is used on an industrial scale to produce enzymes of biotechnological interest. This fungus has a complex cellulolytic system involved in the degradation of lignocellulosic biomass. However, several aspects related to the regulation of the expression of holocellulolytic genes and the production of cellulases by this fungus are still understood. Methods: Here, we constructed a null mutant strain for the xyloglucanase cel74a gene and performed the characterization of the Δcel74a strain to evaluate the genetic regulation of the holocellulases during sugarcane bagasse (SCB) cultivation. Results: Our results demonstrate that the deletion of xyloglucanase cel74a may impact the regulation of holocellulase expression during SCB cultivation. The expression of cellulases cel7a, cel7b, and cel6a was reduced in Δcel74a strain, while the hemicellulases xyn1 and xyn2 were increased in the presence of SCB. The cel74a mutation also affected the xyloglucan hydrolysis patterns. In addition, CEL74A activity was modulated in the presence of calcium, suggesting that this ion may be required for efficient degradation of xyloglucan. Conclusions: CEL74A affects the regulation of holocellulolytic genes and the efficient degradation of SCB in T. reesei. This data makes a significant contribution to our understanding of the carbon utilization of fungal strains as a whole."
3318299,22345350,Deciphering Transcriptional Regulatory Mechanisms Associated with Hemicellulose Degradation in Neurospora crassa,2012,[],0,"{'xyr1': 0, 'ace3': 0, 'cbh1': 0, 'cellulase': 0, 'reesei': 0}",1.7454271729144024,Eukaryotic Cell,10.1128/EC.05327-11,"['Sun, Jianping', 'Tian, Chaoguang', 'Diamond, Spencer', 'Glass, N. Louise']","Hemicellulose, the second most abundant plant biomass fraction after cellulose, is widely viewed as a potential substrate for the production of liquid fuels and other value-added materials. Degradation of hemicellulose by filamentous fungi requires production of many different enzymes, which are induced by biopolymers or its derivatives and regulated mainly at the transcriptional level through transcription factors (TFs). Neurospora crassa, a model filamentous fungus, expresses and secretes enzymes required for plant cell wall deconstruction. To better understand genes specifically associated with degradation of hemicellulose, we applied secretome and transcriptome analysis to N. crassa grown on beechwood xylan. We identified 34 secreted proteins and 353 genes with elevated transcription on xylan. The xylanolytic phenotype of strains with deletions in genes identified from the secretome and transcriptome analysis of the wild type was assessed, revealing functions for known and unknown proteins associated with hemicellulose degradation. By evaluating phenotypes of strains containing deletions of predicted TF genes in N. crassa, we identified a TF (XLR-1; xylan degradation regulator 1) essential for hemicellulose degradation that is an ortholog to XlnR/XYR1 in Aspergillus and Trichoderma species, respectively, a major transcriptional regulator of genes encoding both cellulases and hemicellulases. Deletion of xlr-1 in N. crassa abolished growth on xylan and xylose, but growth on cellulose and cellulolytic activity were only slightly affected. To determine the regulatory mechanisms for hemicellulose degradation, we explored the transcriptional regulon of XLR-1 under xylose, xylanolytic, and cellulolytic conditions. XLR-1 regulated only some predicted hemicellulase genes in N. crassa and was required for a full induction of several cellulase genes. Hemicellulase gene expression was induced by a combination of release from carbon catabolite repression (CCR) and induction. This systematic analysis illustrates the similarities and differences in regulation of hemicellulose degradation among filamentous fungi."
3165376,21742908,L-Arabitol Is the Actual Inducer of Xylanase Expression in Hypocrea jecorina (Trichoderma reesei) ▿†,2011,[],0,"{'xyr1': 0, 'ace3': 0, 'cbh1': 0, 'cellulase': 0, 'reesei': 0}",1.6880559936852597,Applied and Environmental Microbiology,10.1128/AEM.05427-11,"['Mach-Aigner, Astrid R.', 'Gudynaite-Savitch, Loreta', 'Mach, Robert L.']","The saprophytic fungus Hypocrea jecorina (anamorph, Trichoderma reesei) is an important native producer of hydrolytic enzymes, including xylanases. Regarding principles of sustainability, cheap and renewable raw materials, such as d-xylose (the backbone monomer of xylan), have been receiving increasing attention from industries. Recently, it was demonstrated that small (0.5 to 1 mM) amounts of d-xylose induce the highest expression of xylanase in H. jecorina. However, it was also reported that active metabolism of d-xylose is necessary for induction. In this report, we demonstrate that xylitol, the next intermediate in the pentose pathway after d-xylose, does not trigger transcription of xylanase-encoding genes in H. jecorina QM9414. The highest level of transcription of xylanolytic enzyme-encoding genes occurred in an xdh1 (encoding a xylitol dehydrogenase) deletion strain cultured in the presence of 0.5 mM d-xylose, suggesting that a metabolite upstream of xylitol is the inducer. The expression levels of xylanases in an xdh1-lad1 double-deletion strain were lower than that of an xdh1 deletion strain. This observation suggested that l-xylulose is not an inducer and led to the hypothesis that l-arabitol is the actual inducer of xylanase expression. A direct comparison of transcript levels following the incubation of the H. jecorina parental strain with various metabolites of the pentose pathway confirmed this hypothesis. In addition, we demonstrate that xyr1, the activator gene, is not induced in the presence of pentose sugars and polyols, regardless of the concentration used; instead, we observed low constitutive expression of xyr1."
9864444,36677454,Lignocellulolytic Biocatalysts: The Main Players Involved in Multiple Biotechnological Processes for Biomass Valorization,2023,"['microorganisms', 'lignocellulolytic enzymes']",0,"{'xyr1': 0, 'ace3': 0, 'cbh1': 0, 'cellulase': 0, 'reesei': 0}",2.9385994553358565,Microorganisms,10.3390/microorganisms11010162,"['Benatti, Ana Laura Totti', 'Polizeli, Maria de Lourdes Teixeira de Moraes', 'Bayer, Edward A.']","Human population growth, industrialization, and globalization have caused several pressures on the planet’s natural resources, culminating in the severe climate and environmental crisis which we are facing. Aiming to remedy and mitigate the impact of human activities on the environment, the use of lignocellulolytic enzymes for biofuel production, food, bioremediation, and other various industries, is presented as a more sustainable alternative. These enzymes are characterized as a group of enzymes capable of breaking down lignocellulosic biomass into its different monomer units, making it accessible for bioconversion into various products and applications in the most diverse industries. Among all the organisms that produce lignocellulolytic enzymes, microorganisms are seen as the primary sources for obtaining them. Therefore, this review proposes to discuss the fundamental aspects of the enzymes forming lignocellulolytic systems and the main microorganisms used to obtain them. In addition, different possible industrial applications for these enzymes will be discussed, as well as information about their production modes and considerations about recent advances and future perspectives in research in pursuit of expanding lignocellulolytic enzyme uses at an industrial scale."
3222308,21906369,Enhancement of β-xylosidase productivity in cellulase producing fungus Acremonium cellulolyticus,2011,"['hemicellulase', 'beta-xylosidase', 'acremonium cellulolyticus', 'transformation', 'cellulase']",0,"{'xyr1': 4, 'ace3': 0, 'cbh1': 28, 'cellulase': 27, 'reesei': 14}",5.156504485679991,AMB Express,10.1186/2191-0855-1-15,"['Kanna, Machi', 'Yano, Shinichi', 'Inoue, Hiroyuki', 'Fujii, Tatsuya', 'Sawayama, Shigeki']","Enzymatic hydrolysis is one of the most important processes in bioethanol production from lignocellulosic biomass. Acremonium cellulolyticus is a filamentous fungus with high cellulase production but productivity of hemicellulase, especially β-xylosidase, is lower than other filamentous fungi. We identified 2.4 Kb β-xylosidase gene in the A. cellulolyticus genome sequence information and it encoded 798 amino acids without introns. To enhance hemicellulase productivity in A. cellulolyticus, we transformed this fungus with the identified β-xylosidase gene driven by the cellobiohydrolase Ι (cbh1) promoter, using the protoplast-polyethyleneglycol (PEG) method, and obtained a transformant, YKX1. Hydrolysis rate of xylooligosaccharides was more than 50-fold higher using culture supernatant from YKX1 than that from the parental strain, Y-94. Total cellulase activity (measured by filter paper assay) in YKX1 was not affected by the cbh1 promoter used for expression of β-xylosidase, and induced by cellulose. Since YKX1 can produce larger amount of β-xylosidase without affecting cellulase productivity, it is considered to be beneficial for practical monosaccharide recoveries from lignocellulosic biomass."
3193291,22003440,Effect of different carbon sources on cellulase production by Hypocrea jecorina (Trichoderma reesei) strains,2011,"['trichoderma reesei', 'cellulase', 'growth characterization', 'carbon sources']",0,"{'xyr1': 0, 'ace3': 0, 'cbh1': 0, 'cellulase': 0, 'reesei': 0}",1.6880559936852597,International Journal of Biochemistry and Molecular Biology,,"['Dashtban, Mehdi', 'Buchkowski, Robert', 'Qin, Wensheng']","The ascomycete Hypocrea jecorina, an industrial (hemi)cellulase producer, can efficiently degrade plant polysaccharides. At present, the biology underlying cellulase hyperproduction of T. reesei, and the conditions for the enzyme induction, are not completely understood. In the current study, three different strains of T. reesei, including QM6a (wild-type), and mutants QM9414 and RUT-C30, were grown on 7 soluble and 7 insoluble carbon sources, with the later group including 4 pure polysaccharides and 3 lignocelluloses. Time course experiments showed that maximum cellulase activity of QM6a and QM9414 strains, for the majority of tested carbon sources, occurred at 120 hrs, while RUT-C30 had the greatest cellulase activity around 72 hrs. Maximum cellulase production was observed to be 0.035, 0.42 and 0.33 µmol glucose equivalents using microcrystalline celluloses for QM6a, QM9414, and RUTC-30, respectively. Increased cellulase production was positively correlated in QM9414 and negatively correlated in RUT-C30 with ability to grow on microcrystalline cellulose."
2749820,19728862,Light-dependent roles of the G-protein α subunit GNA1 of Hypocrea jecorina (anamorph Trichoderma reesei),2009,[],0,"{'xyr1': 0, 'ace3': 0, 'cbh1': 0, 'cellulase': 0, 'reesei': 0}",1.584962500721156,BMC Biology,10.1186/1741-7007-7-58,"['Seibel, Christian', 'Gremel, Gabriela', 'do Nascimento Silva, Roberto', 'Schuster, André', 'Kubicek, Christian P', 'Schmoll, Monika']","The filamentous ascomycete Hypocrea jecorina (anamorph Trichoderma reesei) is primarily known for its efficient enzymatic machinery that it utilizes to decompose cellulosic substrates. Nevertheless, the nature and transmission of the signals initiating and modulating this machinery are largely unknown. Heterotrimeric G-protein signaling represents one of the best studied signal transduction pathways in fungi."
6853848,31787956,The Indispensable Role of Histone Methyltransferase PoDot1 in Extracellular Glycoside Hydrolase Biosynthesis of Penicillium oxalicum,2019,"['penicillium oxalicum', 'histone methyltransferase', 'dot1', 'glycoside hydrolases', 'regulation']",0,"{'xyr1': 3, 'ace3': 0, 'cbh1': 5, 'cellulase': 19, 'reesei': 5}",4.9354597478052895,Frontiers in Microbiology,10.3389/fmicb.2019.02566,"['Li, Yanan', 'Hu, Yueyan', 'Zhao, Kaili', 'Pan, Yunjun', 'Qu, Yinbo', 'Zhao, Jian', 'Qin, Yuqi']","Histone methylation is associated with transcription regulation, but its role for glycoside hydrolase (GH) biosynthesis is still poorly understood. We identified the histone H3 lysine 79 (H3K79)-specific methyltransferase PoDot1 in Penicillium oxalicum. PoDot1 affects conidiation by regulating the transcription of key regulators (BrlA, FlbC, and StuA) of asexual development and is required in normal hyphae septum and branch formation by regulating the transcription of five septin-encoding genes, namely, aspA, aspB, aspC, aspD, and aspE. Tandem affinity purification/mass spectrometry showed that PoDot1 has no direct interaction with transcription machinery, but it affects the expressions of extracellular GH genes extensively. The expression of genes (amy15A, amy13A, cel7A/cbh1, cel61A, chi18A, cel3A/bgl1, xyn10A, cel7B/eg1, cel5B/eg2, and cel6A/cbh2) that encode the top 10 GHs was remarkably downregulated by Podot1 deletion (ΔPodot1). Consistent with the decrease in gene transcription level, the activities of amylases and cellulases were significantly decreased in ΔPodot1 mutants in agar (solid) and fermentation (liquid) media. The repression of GH gene expressions caused by PoDot1 deletion was not mediated by key transcription factors, such as AmyR, ClrB, CreA, and XlnR, but was accompanied by defects in global demethylated H3K79 (H3K79me2) and trimethylated H3K79 (H3K79me3). The impairment of H3K79me2 on specific GH gene loci was observed due to PoDot1 deletion. The results implies that defects of H3K79 methylation is the key reason of the downregulated transcription level of GH-encoding genes and reveals the indispensable role of PoDot1 in extracellular GH biosynthesis."
2576687,18791032,"Transcriptional Regulation of xyr1, Encoding the Main Regulator of the Xylanolytic and Cellulolytic Enzyme System in Hypocrea jecorina▿ † ",2008,[],0,"{'xyr1': 0, 'ace3': 0, 'cbh1': 0, 'cellulase': 0, 'reesei': 0}",1.538419914784126,Applied and Environmental Microbiology,10.1128/AEM.01143-08,"['Mach-Aigner, Astrid R.', 'Pucher, Marion E.', 'Steiger, Matthias G.', 'Bauer, Gudrun E.', 'Preis, Sonja J.', 'Mach, Robert L.']","In Hypocrea jecorina, Xyr1 (xylanase regulator 1) is the main transcription activator of hydrolase-encoding genes, such as xyn1, xyn2, bxl1, cbh1, cbh2, egl1, and bgl1. Even though Xyr1 mediates the induction signal for all these genes derived from various inducing carbon sources and compounds, xyr1 transcription itself is not inducible by any of these substances. However, cultivation on glucose as the carbon source provokes carbon catabolite repression of xyr1 transcription mediated by Cre1. In addition, xyr1 transcription is repressed by the specific transcription factor Ace1. Moreover, Xyr1 is permanently available in the cell, and no de novo synthesis of this factor is needed for a first induction of xyn1 transcription. The constitutive expression of xyr1 leads to a significant elevation/deregulation of the xyn1, xyn2, and bxl1 transcription compared to what is seen for the parental strain. Overall, the corresponding xylanolytic enzyme activities are clearly elevated in a constitutively xyr1-expressing strain, emphasizing this factor as an auspicious target for genetically engineered strain improvement."
7547499,33062053,Development of genetic tools for the thermophilic filamentous fungus Thermoascus aurantiacus,2020,"['filamentous fungi', 'thermoascus aurantiacus', 'agrobacterium tumefaciens', 'genetic transformation', 'crispr/cas9 system', 'sexual crossing', 'xylanases', 'enzyme production']",0,"{'xyr1': 0, 'ace3': 0, 'cbh1': 0, 'cellulase': 0, 'reesei': 0}",2.4447848426728958,Biotechnology for Biofuels,10.1186/s13068-020-01804-x,"['Gabriel, Raphael', 'Prinz, Julia', 'Jecmenica, Marina', 'Romero-Vazquez, Carlos', 'Chou, Pallas', 'Harth, Simon', 'Floerl, Lena', 'Curran, Laure', 'Oostlander, Anne', 'Matz, Linda', 'Fritsche, Susanne', 'Gorman, Jennifer', 'Schuerg, Timo', 'Fleißner, André', 'Singer, Steven W.']","Fungal enzymes are vital for industrial biotechnology, including the conversion of plant biomass to biofuels and bio-based chemicals. In recent years, there is increasing interest in using enzymes from thermophilic fungi, which often have higher reaction rates and thermal tolerance compared to currently used fungal enzymes. The thermophilic filamentous fungus Thermoascus aurantiacus produces large amounts of highly thermostable plant cell wall-degrading enzymes. However, no genetic tools have yet been developed for this fungus, which prevents strain engineering efforts. The goal of this study was to develop strain engineering tools such as a transformation system, a CRISPR/Cas9 gene editing system and a sexual crossing protocol to improve the enzyme production."
5476202,27150814,Transcriptomic responses of mixed cultures of ascomycete fungi to lignocellulose using dual RNA-seq reveal inter-species antagonism and limited beneficial effects on CAZyme expression,2017,"['an, aspergillus niger', 'cazy, carbohydrate active enzyme or protein, as found in the cazy database', 'cazyme, carbohydrate active enzyme', 'fpkm, uniquely mapped fragments per kilobase of gene model per million uniquely mapped fragments', 'mwco, molecular weight cut-off', 'padj, p value from deseq analysis with adjustment for multiple hypothesis testing', 'pc, penicillium chrysogenum', 'pnp-ara, 4-nitrophenyl-α-l-arabinofuranoside', 'pnp-α-glc, 4-nitrophenyl-α-d-glucopyranoside', 'pnp-β-glc, 4-nitrophenyl-β-d-glucopyranoside', 'pnp-cel, 4-nitrophenyl-β-d-cellobioside', 'pnp-xyl, 4-nitrophenyl-β-d-xylopyranoside', 'tr, trichoderma reesei', 'aspergillus niger', 'trichoderma reesei', 'penicillium chrysogenum', 'lignocellulose', 'mixed cultures', 'dual rna-seq', 'competition']",0,"{'xyr1': 1, 'ace3': 0, 'cbh1': 2, 'cellulase': 3, 'reesei': 142}",6.6865005271832185,Fungal Genetics and Biology,10.1016/j.fgb.2016.04.005,"['Daly, Paul', 'van Munster, Jolanda M.', 'Kokolski, Matthew', 'Sang, Fei', 'Blythe, Martin J.', 'Malla, Sunir', 'Velasco de Castro Oliveira, Juliana', 'Goldman, Gustavo H.', 'Archer, David B.']",NA
10983054,37540250,Regulation of nutrient utilization in filamentous fungi,2023,"['metabolic regulation', 'nutrient sensing', 'carbon catabolite repression', 'nitrogen catabolite repression', 'transcriptional regulation', 'filamentous fungi']",0,"{'xyr1': 0, 'ace3': 0, 'cbh1': 0, 'cellulase': 0, 'reesei': 0}",2.9385994553358565,Applied microbiology and biotechnology,10.1007/s00253-023-12680-4,"['Kerkaert, Joshua D.', 'Huberman, Lori B.']","Organisms must accurately sense and respond to nutrients to survive. In filamentous fungi, accurate nutrient sensing is important in the establishment of fungal colonies and in continued, rapid growth for the exploitation of environmental resources. To ensure efficient nutrient utilization, fungi have evolved a combination of activating and repressing genetic networks to tightly regulate metabolic pathways and distinguish between preferred nutrients, which require minimal energy and resources to utilize, and nonpreferred nutrients, which have more energy intensive catabolic requirements. Genes necessary for utilization of nonpreferred carbon sources are activated by transcription factors that respond to the presence of the specific nutrient and repressed by transcription factors that respond to the presence of preferred carbohydrates. Utilization of nonpreferred nitrogen sources generally requires two transcription factors. Pathway-specific transcription factors respond to the presence of a specific nonpreferred nitrogen source, while another transcription factor activates genes in the absence of preferred nitrogen sources. In this review, we discuss the roles of transcription factors and upstream regulatory genes that respond to preferred and nonpreferred carbon and nitrogen sources and their roles in regulating carbon and nitrogen catabolism."
3044236,21212945,Fungal arabinan and l-arabinose metabolism,2011,"['trichoderma reesei', 'aspergillus niger', 'α-l-arabinofuranosidase', 'd-xylose', 'd-galactose']",0,"{'xyr1': 7, 'ace3': 0, 'cbh1': 0, 'cellulase': 4, 'reesei': 38}",4.643856189774725,Applied Microbiology and Biotechnology,10.1007/s00253-010-3071-8,"['Seiboth, Bernhard', 'Metz, Benjamin']","'], b'': [b'/sc>-Arabinose is the second most abundant pentose beside d-xylose and is found in the plant polysaccharides, hemicellulose and pectin. The need to find renewable carbon and energy sources has accelerated research to investigate the potential of l-arabinose for the development and production of biofuels and other bioproducts. Fungi produce a number of extracellular arabinanases, including α-l-arabinofuranosidases and endo-arabinanases, to specifically release l-arabinose from the plant polymers. Following uptake of l-arabinose, its intracellular catabolism follows a four-step alternating reduction and oxidation path, which is concluded by a phosphorylation, resulting in d-xylulose 5-phosphate, an intermediate of the pentose phosphate pathway. The genes and encoding enzymes l-arabinose reductase, l-arabinitol dehydrogenase, l-xylulose reductase, xylitol dehydrogenase, and xylulokinase of this pathway were mainly characterized in the two biotechnological important fungi Aspergillus niger and Trichoderma reesei. Analysis of the components of the l-arabinose pathway revealed a number of specific adaptations in the enzymatic and regulatory machinery towards the utilization of l-arabinose. Further genetic and biochemical analysis provided evidence that l-arabinose and the interconnected d-xylose pathway are also involved in the oxidoreductive degradation of the hexose d-galactose."
6269021,22893022,"Cloning, Purification, and Characterization of a Heat- and Alkaline-Stable Endoglucanase B from Aspergillus niger BCRC31494",2012,"['aspergillus niger', 'endoglucanase b', 'gene cloning and expression', 'thermal and alkaline tolerance']",0,"{'xyr1': 0, 'ace3': 0, 'cbh1': 0, 'cellulase': 0, 'reesei': 0}",1.7454271729144024,Molecules,10.3390/molecules17089774,"['Li, Chien-Huang', 'Wang, Hsing-Ren', 'Yan, Tsong-Rong']","Endoglucanase B (EGLB) derived from Aspergillus niger BCRC31494 has been used in the food fermentation industry because of its thermal and alkaline tolerance. It was cloned and expressed in Pichia pastoris. According to sequence analysis, the gene open reading frame comprises 1,217 bp with five introns (GenBank GQ292753). According to sequence and protein domain analyses, EGLB was assigned to glycosyl hydrolase family 5 of the cellulase superfamily. Several binding sites were found in the promoter region. The purified recombinant enzyme was induced by 0.5% methanol, and it exhibited optimal activity at 70 °C and pH 4. EGLB was stable for 3 h at temperatures below 60 °C, with more than 90% of its activity remaining. The enzyme was specific for substrates with β-1,3 and β-1,4 linkages. In Lineweaver-Burk plot analysis, the Km and Vmax values of EGLB for β-D-glucan were 134 mg/mL and 4.68 U/min/mg, respectively. The enzyme activity was increased by 1.86-fold by Co2+ and by 2-fold by Triton X-100 and Tween 80. These favorable properties make EGLB a potential candidate for use in laundry and textile industrial applications."
10455118,37623631,Comparative Genomics and Transcriptomics Analyses Reveal Divergent Plant Biomass-Degrading Strategies in Fungi,2023,"['cazymes', 'comparative genomics', 'transcriptome analysis', 'plant polysaccharide degradation']",0,"{'xyr1': 0, 'ace3': 0, 'cbh1': 0, 'cellulase': 0, 'reesei': 0}",2.9385994553358565,Journal of Fungi,10.3390/jof9080860,"['Li, Jiajia', 'Wiebenga, Ad', 'Lipzen, Anna', 'Ng, Vivian', 'Tejomurthula, Sravanthi', 'Zhang, Yu', 'Grigoriev, Igor V.', 'Peng, Mao', 'de Vries, Ronald P.', 'Gandía, Mónica']","Plant biomass is one of the most abundant renewable carbon sources, which holds great potential for replacing current fossil-based production of fuels and chemicals. In nature, fungi can efficiently degrade plant polysaccharides by secreting a broad range of carbohydrate-active enzymes (CAZymes), such as cellulases, hemicellulases, and pectinases. Due to the crucial role of plant biomass-degrading (PBD) CAZymes in fungal growth and related biotechnology applications, investigation of their genomic diversity and transcriptional dynamics has attracted increasing attention. In this project, we systematically compared the genome content of PBD CAZymes in six taxonomically distant species, Aspergillus niger, Aspergillus nidulans, Penicillium subrubescens, Trichoderma reesei, Phanerochaete chrysosporium, and Dichomitus squalens, as well as their transcriptome profiles during growth on nine monosaccharides. Considerable genomic variation and remarkable transcriptomic diversity of CAZymes were identified, implying the preferred carbon source of these fungi and their different methods of transcription regulation. In addition, the specific carbon utilization ability inferred from genomics and transcriptomics was compared with fungal growth profiles on corresponding sugars, to improve our understanding of the conversion process. This study enhances our understanding of genomic and transcriptomic diversity of fungal plant polysaccharide-degrading enzymes and provides new insights into designing enzyme mixtures and metabolic engineering of fungi for related industrial applications."
9971017,36865030,"Filamentous fungi for sustainable remediation of pharmaceutical compounds, heavy metal and oil hydrocarbons",2023,"['bioremediation', 'removal efficiency', 'pharmaceutical compounds', 'heavy metals -', 'oil hydrocarbons', 'pollutants']",0,"{'xyr1': 0, 'ace3': 0, 'cbh1': 0, 'cellulase': 0, 'reesei': 0}",2.9385994553358565,Frontiers in Bioengineering and Biotechnology,10.3389/fbioe.2023.1106973,"['Ghosh, Soumya', 'Rusyn, Iryna', 'Dmytruk, Olena V.', 'Dmytruk, Kostyantyn V.', 'Onyeaka, Helen', 'Gryzenhout, Marieka', 'Gafforov, Yusufjon']","This review presents a comprehensive summary of the latest research in the field of bioremediation with filamentous fungi. The main focus is on the issue of recent progress in remediation of pharmaceutical compounds, heavy metal treatment and oil hydrocarbons mycoremediation that are usually insufficiently represented in other reviews. It encompasses a variety of cellular mechanisms involved in bioremediation used by filamentous fungi, including bio-adsorption, bio-surfactant production, bio-mineralization, bio-precipitation, as well as extracellular and intracellular enzymatic processes. Processes for wastewater treatment accomplished through physical, biological, and chemical processes are briefly described. The species diversity of filamentous fungi used in pollutant removal, including widely studied species of Aspergillus, Penicillium, Fusarium, Verticillium, Phanerochaete and other species of Basidiomycota and Zygomycota are summarized. The removal efficiency of filamentous fungi and time of elimination of a wide variety of pollutant compounds and their easy handling make them excellent tools for the bioremediation of emerging contaminants. Various types of beneficial byproducts made by filamentous fungi, such as raw material for feed and food production, chitosan, ethanol, lignocellulolytic enzymes, organic acids, as well as nanoparticles, are discussed. Finally, challenges faced, future prospects, and how innovative technologies can be used to further exploit and enhance the abilities of fungi in wastewater remediation, are mentioned."
7123961,,Strategies and Challenges for the Development of Industrial Enzymes Using Fungal Cell Factories,2019,[],0,"{'xyr1': 0, 'ace3': 0, 'cbh1': 0, 'cellulase': 0, 'reesei': 0}",2.321928094887362,Grand Challenges in Fungal Biotechnology,10.1007/978-3-030-29541-7_7,"['Nevalainen, Helena', 'Arnau, José', 'Yaver, Debbie', 'Hjort, Carsten M.']","Industrial enzymes have been produced from microorganisms for more than a century. Today, a large share of enzyme products is manufactured using recombinant microorganisms. This chapter focuses on major industrial fungal species belonging to the ascomycetes like Aspergillus niger, A. oryzae, and Trichoderma reesei. Many of the commercially available recombinant enzymes are manufactured using fungi. Examples of fungal enzymes used in food products are described. The enzyme industry is to a large extent cost-driven, so the enzyme product needs to meet strict COGS (cost of goods sold) targets. Therefore, the cell factory must be very efficient to produce the enzyme in high titers and efficiently utilize raw materials. Secondly, it must be designed for a robust and generic fermentation process. When developing fungal hosts for enzyme production, several properties of the system need to be considered relating to efficiency of the cell factory, purity of the product, and safety of both the cell factory and the product. Purity is secured by engineering of the cell factory, and properties related to safety must also be engineered into the fungal host. The methods used for strain improvement are continuously being developed to increase yields and are described herein. More automation using precision tools for modification of the genome (i.e., CRISPR) and low-cost sequencing have vastly expanded the possibilities and enabled fast strain development. Using systems biology approaches, better understanding of cellular processes is now possible enabling advanced engineering of fungal cell factories. Surprisingly, a survey of innovation in the field revealed a decrease in the number of patent applications in recent years. Finally, the requirements for enzyme approval, especially in food and feed, have increased significantly worldwide in the last few years. A description of the regulatory landscape and its challenges in food and feed is included."
8442374,34521467,Expanding the toolbox: another auxotrophic marker for targeted gene integrations in Trichoderma reesei,2021,"['trichoderma reesei', 'histidine auxotrophy', 'atp phosphoribosyltransferase', 'marker recycling', 'gene targeting', 'heterologous expression']",0,"{'xyr1': 0, 'ace3': 0, 'cbh1': 0, 'cellulase': 0, 'reesei': 0}",2.584962500721156,Fungal Biology and Biotechnology,10.1186/s40694-021-00116-5,"['Primerano, Paul', 'Juric, Melani', 'Mach, Robert', 'Mach-Aigner, Astrid', 'Derntl, Christian']",The filamentous ascomycete Trichoderma reesei is used for the industrial production of cellulases and holds the promise for heterologous gene expression due to its outstandingly high protein secretion rates and its long-term application in industry and science. A prerequisite for successful heterologous gene expression is the ability to insert a corresponding expression cassette at suitable loci in the genome of T. reesei.
5068150,27520818,Identification of the Main Regulator Responsible for Synthesis of the Typical Yellow Pigment Produced by Trichoderma reesei,2016,[],0,"{'xyr1': 0, 'ace3': 0, 'cbh1': 0, 'cellulase': 2, 'reesei': 44}",5.017236704925304,Applied and Environmental Microbiology,10.1128/AEM.01408-16,"['Derntl, Christian', 'Rassinger, Alice', 'Srebotnik, Ewald', 'Mach, Robert L.', 'Mach-Aigner, Astrid R.', 'Brakhage, A. A.']","The industrially used ascomycete Trichoderma reesei secretes a typical yellow pigment during cultivation, while other Trichoderma species do not. A comparative genomic analysis suggested that a putative secondary metabolism cluster, containing two polyketide-synthase encoding genes, is responsible for the yellow pigment synthesis. This cluster is conserved in a set of rather distantly related fungi, including Acremonium chrysogenum and Penicillium chrysogenum. In an attempt to silence the cluster in T. reesei, two genes of the cluster encoding transcription factors were individually deleted. For a complete genetic proof-of-function, the genes were reinserted into the genomes of the respective deletion strains. The deletion of the first transcription factor (termed yellow pigment regulator 1 [Ypr1]) resulted in the full abolishment of the yellow pigment formation and the expression of most genes of this cluster. A comparative high-pressure liquid chromatography (HPLC) analysis of supernatants of the ypr1 deletion and its parent strain suggested the presence of several yellow compounds in T. reesei that are all derived from the same cluster. A subsequent gas chromatography/mass spectrometry analysis strongly indicated the presence of sorbicillin in the major HPLC peak. The presence of the second transcription factor, termed yellow pigment regulator 2 (Ypr2), reduces the yellow pigment formation and the expression of most cluster genes, including the gene encoding the activator Ypr1."
3012607,21087492,From an electrophoretic mobility shift assay to isolated transcription factors: a fast genomic-proteomic approach,2010,[],0,"{'xyr1': 0, 'ace3': 0, 'cbh1': 0, 'cellulase': 0, 'reesei': 0}",1.634715535918256,BMC Genomics,10.1186/1471-2164-11-644,"['Mach-Aigner, Astrid R', 'Grosstessner-Hain, Karin', 'Poças-Fonseca, Marcio J', 'Mechtler, Karl', 'Mach, Robert L']","Hypocrea jecorina (anamorph Trichoderma reesei) is a filamentous ascomycete of industrial importance due to its hydrolases (e.g., xylanases and cellulases). The regulation of gene expression can influence the composition of the hydrolase cocktail, and thus, transcription factors are a major target of current research. Here, we design an approach for identifying a repressor of a xylanase-encoding gene."
4015282,24581151,"Transcriptional comparison of the filamentous fungus Neurospora crassa growing on three major monosaccharides D-glucose, D-xylose and L-arabinose",2014,"['neurospora crassa', 'l-arabinose', 'rna-seq', 'glt-1', 'xat-1', 'xyt-1', 'hcr-1']",0,"{'xyr1': 0, 'ace3': 0, 'cbh1': 0, 'cellulase': 0, 'reesei': 0}",1.874469117916141,Biotechnology for Biofuels,10.1186/1754-6834-7-31,"['Li, Jingen', 'Lin, Liangcai', 'Li, Huiyan', 'Tian, Chaoguang', 'Ma, Yanhe']","D-glucose, D-xylose and L-arabinose are the three major monosaccharides in plant cell walls. Complete utilization of all three sugars is still a bottleneck for second-generation cellulolytic bioethanol production, especially for L-arabinose. However, little is known about gene expression profiles during L-arabinose utilization in fungi and a comparison of the genome-wide fungal response to these three major monosaccharides has not yet been reported."
10455633,37623605,Strategies for the Development of Industrial Fungal Producing Strains,2023,"['fungal strain improvement', 'genetic engineering', 'fungal transformation', 'expression tools', 'recombinant dna strategies', 'omics technologies', 'screening methods']",0,"{'xyr1': 0, 'ace3': 0, 'cbh1': 0, 'cellulase': 0, 'reesei': 0}",2.9385994553358565,Journal of Fungi,10.3390/jof9080834,"['Salazar-Cerezo, Sonia', 'de Vries, Ronald P.', 'Garrigues, Sandra', 'François, Jean Marie']","The use of microorganisms in industry has enabled the (over)production of various compounds (e.g., primary and secondary metabolites, proteins and enzymes) that are relevant for the production of antibiotics, food, beverages, cosmetics, chemicals and biofuels, among others. Industrial strains are commonly obtained by conventional (non-GMO) strain improvement strategies and random screening and selection. However, recombinant DNA technology has made it possible to improve microbial strains by adding, deleting or modifying specific genes. Techniques such as genetic engineering and genome editing are contributing to the development of industrial production strains. Nevertheless, there is still significant room for further strain improvement. In this review, we will focus on classical and recent methods, tools and technologies used for the development of fungal production strains with the potential to be applied at an industrial scale. Additionally, the use of functional genomics, transcriptomics, proteomics and metabolomics together with the implementation of genetic manipulation techniques and expression tools will be discussed."
8374019,34485007,The development of a heterologous gene expression system in thermophilic fungus Thermoascus aurantiacus,2021,"['peg-mediated transformation', 'protoplast', 'pyrg', 'thermoascus aurantiacus', 'thermophilic fungus']",0,"{'xyr1': 0, 'ace3': 0, 'cbh1': 0, 'cellulase': 0, 'reesei': 0}",2.584962500721156,3 Biotech,10.1007/s13205-021-02963-w,"['Hu, Shenglin', 'Wang, Zhefan', 'Wang, Dongmei', 'Wang, Jichao', 'Hong, Jiong']","Thermoascus aurantiacus is a thermophilic fungus that belongs to the ascomycetous class and has attracted increasing interest for its ability to produce thermostable cellulolytic enzymes and growth at elevated temperatures. However, studies on this organism have been limited because of the lack of a genetic manipulation system. Here, we developed a polyethylene glycol (PEG)-mediated transformation system for T. aurantiacus based on an orotidine-5\'-monophosphate decarboxylase (pyrG)-deficient mutant, with this method achieving a transformation efficiency of 33 ± 3 transformants per microgram of DNA. Intracellular or secretory expression of heterologous proteins, including green fluorescent protein, β-galactosidase and α-amylase, in T. aurantiacus was successful under the inducible endogenous cellobiohydrolase and endoglucanase gene promoter or the constitutive heterologous pyruvate decarboxylase and enolase gene promoter from Trichoderma reesei. To the best of our knowledge, this is the first report on PEG-mediated transformation of T. aurantiacus, which sets the foundation for strain improvement for biotechnological applications and functional genomic studies."
8176577,34082802,Genomic and transcriptomic analysis of the thermophilic lignocellulose-degrading fungus Thielavia terrestris LPH172,2021,"['biomass degradation', 'carbohydrate active enzymes', 'cellulose', 'filamentous fungi', 'lpmo', 'thermostable enzymes', 'transcriptome', 'xylan']",0,"{'xyr1': 0, 'ace3': 0, 'cbh1': 0, 'cellulase': 0, 'reesei': 0}",2.584962500721156,Biotechnology for Biofuels,10.1186/s13068-021-01975-1,"['Tõlgo, Monika', 'Hüttner, Silvia', 'Rugbjerg, Peter', 'Thuy, Nguyen Thanh', 'Thanh, Vu Nguyen', 'Larsbrink, Johan', 'Olsson, Lisbeth']","Biomass-degrading enzymes with improved activity and stability can increase substrate saccharification and make biorefineries economically feasible. Filamentous fungi are a rich source of carbohydrate-active enzymes (CAZymes) for biomass degradation. The newly isolated LPH172 strain of the thermophilic Ascomycete Thielavia terrestris has been shown to possess high xylanase and cellulase activities and tolerate low pH and high temperatures. Here, we aimed to illuminate the lignocellulose-degrading machinery and novel carbohydrate-active enzymes in LPH172 in detail."
8954095,35324671,Corepressors SsnF and RcoA Regulate Development and Aflatoxin B1 Biosynthesis in Aspergillus flavus NRRL 3357,2022,"['aspergillus flavus', 'aflatoxin b1', 'carbon catabolite repression', 'ssnf', 'rcoa']",0,"{'xyr1': 0, 'ace3': 0, 'cbh1': 0, 'cellulase': 0, 'reesei': 0}",2.747233929620033,Toxins,10.3390/toxins14030174,"['Ma, Xiaoyun', 'Jiang, Yiran', 'Ma, Longxue', 'Luo, Shujuan', 'Du, Haolan', 'Li, Xu', 'Xing, Fuguo']","Aspergillus flavus is a saprophytic fungus that can be found across the entire world. It can produce aflatoxin B1 (AFB1), which threatens human health. CreA, as the central factor in carbon catabolite repression (CCR), regulates carbon catabolism and AFB1 biosynthesis in A. flavus. Additionally, SsnF-RcoA are recognized as the corepressors of CreA in CCR. In this study, ssnF and rcoA not only regulated the expressions of CCR factors and hydrolase genes, but also positively affected mycelia growth, conidia production, sclerotia formation, and osmotic stress response in A. flavus. More importantly, SsnF and RcoA were identified as positive regulators for AFB1 biosynthesis, as they modulate the AF cluster genes and the relevant regulators at a transcriptional level. Additionally, the interactions of SsnF-CreA and RcoA-CreA were strong and moderate, respectively. However, the interaction of SsnF and RcoA was weak. The interaction models of CreA-SsnF, CreA-RcoA, and SsnF-RcoA were also simulated with a docking analysis. All things considered, SsnF and RcoA are not just the critical regulators of the CCR pathway, but the global regulators involving in morphological development and AFB1 biosynthesis in A. flavus."
9335490,35910033,Transcriptional Activation of Biosynthetic Gene Clusters in Filamentous Fungi,2022,"['secondary metabilites', 'biosynthetic gene cluster', 'synthetic biology', 'synthetic transcriptional regulators', 'fungal platform strains']",0,"{'xyr1': 2, 'ace3': 0, 'cbh1': 0, 'cellulase': 5, 'reesei': 9}",4.643856189774724,Frontiers in Bioengineering and Biotechnology,10.3389/fbioe.2022.901037,"['Mózsik, László', 'Iacovelli, Riccardo', 'Bovenberg, Roel A. L.', 'Driessen, Arnold J. M.']","Filamentous fungi are highly productive cell factories, many of which are industrial producers of enzymes, organic acids, and secondary metabolites. The increasing number of sequenced fungal genomes revealed a vast and unexplored biosynthetic potential in the form of transcriptionally silent secondary metabolite biosynthetic gene clusters (BGCs). Various strategies have been carried out to explore and mine this untapped source of bioactive molecules, and with the advent of synthetic biology, novel applications, and tools have been developed for filamentous fungi. Here we summarize approaches aiming for the expression of endogenous or exogenous natural product BGCs, including synthetic transcription factors, assembly of artificial transcription units, gene cluster refactoring, fungal shuttle vectors, and platform strains."
4950302,26481444,The N‐acetylglucosamine catabolic gene cluster in Trichoderma reesei is controlled by the Ndt80‐like transcription factor RON1,2015,[],0,"{'xyr1': 0, 'ace3': 0, 'cbh1': 0, 'cellulase': 0, 'reesei': 0}",1.9475325801058645,Molecular Microbiology,10.1111/mmi.13256,"['Kappel, Lisa', 'Gaderer, Romana', 'Flipphi, Michel', 'Seidl‐Seiboth, Verena']","Chitin is an important structural constituent of fungal cell walls composed of N‐acetylglucosamine (GlcNAc) monosaccharides, but catabolism of GlcNAc has not been studied in filamentous fungi so far. In the yeast C'], b'andida albicans, the genes encoding the three enzymes responsible for stepwise conversion of GlcNAc to fructose‐6‐phosphate are clustered. In this work, we analysed GlcNAc catabolism in ascomycete filamentous fungi and found that the respective genes are also clustered in these fungi. In contrast to C', b'c toggle=""yes"">. albicans, the cluster often contains a gene for an Ndt80‐like transcription factor, which we named RON1 (regulator of N‐acetylglucosamine catabolism 1). Further, a gene for a glycoside hydrolase 3 protein related to bacterial N‐acetylglucosaminidases can be found in the GlcNAc gene cluster in filamentous fungi. Functional analysis in T', b'c toggle=""yes"">richoderma reesei showed that the transcription factor RON1 is a key activator of the GlcNAc gene cluster and essential for GlcNAc catabolism. Furthermore, we present an evolutionary analysis of Ndt80‐like proteins in Ascomycota. All GlcNAc cluster genes, as well as the GlcNAc transporter gene ngt1, and an additional transcriptional regulator gene, csp2, encoding the homolog of N', b'c toggle=""yes"">eurospora crassa ', b'c toggle=""yes"">. reesei."
8607671,34809676,Cellulase production and efficient saccharification of biomass by a new mutant Trichoderma afroharzianum MEA-12,2021,"['trichoderma afroharzianum', 'compound mutagenesis', 'adaptive laboratory evolution', 'cellulase', 'biomass']",0,"{'xyr1': 0, 'ace3': 0, 'cbh1': 0, 'cellulase': 0, 'reesei': 0}",2.584962500721156,Biotechnology for Biofuels,10.1186/s13068-021-02072-z,"['Peng, Zhi-Qing', 'Li, Chuang', 'Lin, Yi', 'Wu, Sheng-Shan', 'Gan, Li-Hui', 'Liu, Jian', 'Yang, Shu-Liang', 'Zeng, Xian-Hai', 'Lin, Lu']","Cellulase plays a key role in converting cellulosic biomass into fermentable sugar to produce chemicals and fuels, which is generally produced by filamentous fungi. However, most of the filamentous fungi obtained by natural breeding have low secretory capacity in cellulase production, which are far from meeting the requirements of industrial production. Random mutagenesis combined with adaptive laboratory evolution (ALE) strategy is an effective method to increase the production of fungal enzymes."
7985698,33778219,CreA-mediated repression of gene expression occurs at low monosaccharide levels during fungal plant biomass conversion in a time and substrate dependent manner,2021,"['crea', 'carbon catabolite repression', 'transcription factor', 'aspergillus niger', 'fungal plant biomass conversion']",0,"{'xyr1': 1, 'ace3': 0, 'cbh1': 0, 'cellulase': 1, 'reesei': 8}",4.0,The Cell Surface,10.1016/j.tcsw.2021.100050,"['Peng, Mao', 'Khosravi, Claire', 'Lubbers, Ronnie J.M.', 'Kun, Roland S.', 'Aguilar Pontes, Maria Victoria', 'Battaglia, Evy', 'Chen, Cindy', 'Dalhuijsen, Sacha', 'Daly, Paul', 'Lipzen, Anna', 'Ng, Vivian', 'Yan, Juying', 'Wang, Mei', 'Visser, Jaap', 'Grigoriev, Igor V.', 'Mäkelä, Miia R.', 'de Vries, Ronald P.']","Carbon catabolite repression enables fungi to utilize the most favourable carbon source in the environment, and is mediated by a key regulator, CreA, in most fungi. CreA-mediated regulation has mainly been studied at high monosaccharide concentrations, an uncommon situation in most natural biotopes. In nature, many fungi rely on plant biomass as their major carbon source by producing enzymes to degrade plant cell wall polysaccharides into metabolizable sugars. To determine the role of CreA when fungi grow in more natural conditions and in particular with respect to degradation and conversion of plant cell walls, we compared transcriptomes of a creA deletion and reference strain of the ascomycete Aspergillus niger during growth on sugar beet pulp and wheat bran. Transcriptomics, extracellular sugar concentrations and growth profiling of A. niger on a variety of carbon sources, revealed that also under conditions with low concentrations of free monosaccharides, CreA has a major effect on gene expression in a strong time and substrate composition dependent manner. In addition, we compared the CreA regulon from five fungi during their growth on crude plant biomass or cellulose. It showed that CreA commonly regulated genes related to carbon metabolism, sugar transport and plant cell wall degrading enzymes across different species. We therefore conclude that CreA has a crucial role for fungi also in adapting to low sugar concentrations as occurring in their natural biotopes, which is supported by the presence of CreA orthologs in nearly all fungi."
5859471,29559843,Molecular Networks of Postia placenta Involved in Degradation of Lignocellulosic Biomass Revealed from Metadata Analysis of Open Access Gene Expression Data,2018,"['postia placenta', 'brown-rot decay', 'gene expression', 'ncbi-gene expression omnibus (geo)', 'lignocellulose', ""fenton\\'s reaction""]",0,"{'xyr1': 1, 'ace3': 0, 'cbh1': 1, 'cellulase': 21, 'reesei': 4}",4.601264313050257,International Journal of Biological Sciences,10.7150/ijbs.22868,"['Kameshwar, Ayyappa Kumar Sista', 'Qin, Wensheng']","To understand the common gene expression patterns employed by P. placenta during lignocellulose degradation, we have retrieved genome wide transcriptome datasets from NCBI GEO database and analyzed using customized analysis pipeline. We have retrieved the top differentially expressed genes and compared the common significant genes among two different growth conditions. Genes encoding for cellulolytic (GH1, GH3, GH5, GH12, GH16, GH45) and hemicellulolytic (GH10, GH27, GH31, GH35, GH47, GH51, GH55, GH78, GH95) glycoside hydrolase classes were commonly up regulated among all the datasets. Fenton\'s reaction enzymes (iron homeostasis, reduction, hydrogen peroxide generation) were significantly expressed among all the datasets under lignocellulolytic conditions. Due to the evolutionary loss of genes coding for various lignocellulolytic enzymes (including several cellulases), P. placenta employs hemicellulolytic glycoside hydrolases and Fenton\'s reactions for the rapid depolymerization of plant cell wall components. Different classes of enzymes involved in aromatic compound degradation, stress responsive and detoxification mechanisms (cytochrome P450 monoxygenases) were found highly expressed in complex plant biomass substrates. We have reported the genome wide expression patterns of genes coding for information, storage and processing (KOG), tentative and predicted molecular networks involved in cellulose, hemicellulose degradation and list of significant protein-ID\'s commonly expressed among different lignocellulolytic growth conditions."
4522099,26236396,Closely related fungi employ diverse enzymatic strategies to degrade plant biomass,2015,"['aspergillus', 'enzyme production', 'polysaccharides', 'biofuel', 'saccharification', 'diversity', 'plant biomass degradation']",0,"{'xyr1': 0, 'ace3': 0, 'cbh1': 0, 'cellulase': 0, 'reesei': 0}",1.9475325801058645,Biotechnology for Biofuels,10.1186/s13068-015-0285-0,"['Benoit, Isabelle', 'Culleton, Helena', 'Zhou, Miaomiao', 'DiFalco, Marcos', 'Aguilar-Osorio, Guillermo', 'Battaglia, Evy', 'Bouzid, Ourdia', 'Brouwer, Carlo P J M', 'El-Bushari, Hala B O', 'Coutinho, Pedro M', 'Gruben, Birgit S', 'Hildén, Kristiina S', 'Houbraken, Jos', 'Barboza, Luis Alexis Jiménez', 'Levasseur, Anthony', 'Majoor, Eline', 'Mäkelä, Miia R', 'Narang, Hari-Mander', 'Trejo-Aguilar, Blanca', 'van den Brink, Joost', 'vanKuyk, Patricia A', 'Wiebenga, Ad', 'McKie, Vincent', 'McCleary, Barry', 'Tsang, Adrian', 'Henrissat, Bernard', 'de Vries, Ronald P']","Plant biomass is the major substrate for the production of biofuels and biochemicals, as well as food, textiles and other products. It is also the major carbon source for many fungi and enzymes of these fungi are essential for the depolymerization of plant polysaccharides in industrial processes. This is a highly complex process that involves a large number of extracellular enzymes as well as non-hydrolytic proteins, whose production in fungi is controlled by a set of transcriptional regulators. Aspergillus species form one of the best studied fungal genera in this field, and several species are used for the production of commercial enzyme cocktails."
11610986,39629245,"Global regulation of fungal secondary metabolism in Trichoderma reesei by the transcription factor Ypr1, as revealed by transcriptome analysis",2023,"['trichoderma reesei', 'comparative transcriptomic analysis', 'yellow pigment', 'sorbicillin', 'ypr1', 'gene cluster for secondary metabolism']",0,"{'xyr1': 2, 'ace3': 2, 'cbh1': 2, 'cellulase': 23, 'reesei': 53}",6.870364719583405,Engineering Microbiology,10.1016/j.engmic.2022.100065,"['Yang, Jie', 'Li, Jia-Xiang', 'Zhang, Fei', 'Zhao, Xin-Qing']","Trichoderma reesei Rut-C-30 is a well-known robust producer of cellulolytic enzymes, which are used to degrade lignocellulosic biomass for the sustainable production of biofuels and biochemicals. However, studies of its secondary metabolism and regulation remain scarce. Ypr1 was previously described as a regulator of the biosynthesis of the yellow pigment sorbicillin (a bioactive agent with great pharmaceutical interest) in T. reesei and several other fungi. However, the manner in which this regulator affects global gene transcription has not been explored. In this study, we report the effect of Ypr1 on the regulation of both the secondary and primary metabolism of T. reesei Rut-C30. A global gene transcription profile was obtained using a comparative transcriptomic analysis of the wild-type strain T. reesei Rut-C-30 and its ypr1 deletion mutant. The results of this analysis suggest that, in addition to its role in regulating sorbicillin and the major extracellular (hemi)cellulases, Ypr1 also affects the transcription of genes encoding several other secondary metabolites. Although the primary metabolism of T. reesei ∆ypr1 became less active compared with that of T. reesei Rut-C-30, several gene clusters involved in its secondary metabolism were activated, such as the gene clusters for the biosynthesis of specific polyketides and non-ribosomal peptides, together with the “sorbicillinoid–cellulase” super cluster, indicating that specific secondary metabolites and cellulases may be co-regulated in T. reesei Rut-C-30. The results presented in this study may benefit the development of genetic engineering strategies for the production of sorbicillin by T. reesei Rut-C-30, and provide insights for enhancing sorbicillin production in other filamentous fungal producers."
8102577,33958593,Interplay of two transcription factors for recruitment of the chromatin remodeling complex modulates fungal nitrosative stress response,2021,"['fungal physiology', 'pathogens', 'epigenetics', 'plant immunity']",0,"{'xyr1': 1, 'ace3': 0, 'cbh1': 0, 'cellulase': 0, 'reesei': 1}",3.0,Nature Communications,10.1038/s41467-021-22831-8,"['Jian, Yunqing', 'Liu, Zunyong', 'Wang, Haixia', 'Chen, Yun', 'Yin, Yanni', 'Zhao, Youfu', 'Ma, Zhonghua']","Nitric oxide (NO) is a diffusible signaling molecule that modulates animal and plant immune responses. In addition, reactive nitrogen species derived from NO can display antimicrobial activities by reacting with microbial cellular components, leading to nitrosative stress (NS) in pathogens. Here, we identify FgAreB as a regulator of the NS response in Fusarium graminearum, a fungal pathogen of cereal crops. FgAreB serves as a pioneer transcription factor for recruitment of the chromatin-remodeling complex SWI/SNF at the promoters of genes involved in the NS response, thus promoting their transcription. FgAreB plays important roles in fungal infection and growth. Furthermore, we show that a transcription repressor (FgIxr1) competes with the SWI/SNF complex for FgAreB binding, and negatively regulates the NS response. NS, in turn, promotes the degradation of FgIxr1, thus enhancing the recruitment of the SWI/SNF complex by FgAreB."
8020424,33842213,"Characterization of d-xylose reductase, XyrB, from Aspergillus niger",2021,"['akr, aldo-keto reductase', 'ctxr, candida tenuis xylose reductase', 'gcy1/ypr1, yeast glycerol dehydrogenases', 'gldb, filamentous fungal glycerol dehydrogenase', 'iptg, isopropyl β-d-1-thiogalactopyranoside', 'lada, l-arabitol dehydrogenase', 'lara, l-arabinose reductase', 'lb, luria bertani', 'lxra, lxrb, l-xylulose reductase', 'nad, nicotinamide adenine dinucleotide', 'nadp, nicotinamide adenine dinucleotide phosphate', 'nadph, reduced', 'pbs, phosphate buffered saline', 'pcp, pentose catabolic pathway', 'pcr, polymerase chain reaction', 'ppp, pentose phosphate pathway', 'prd1, pentose reductase', 'sdha, sorbitol dehydrogenase', 'xdha, xylitol dehydrogenase', 'xkia, d-xylulose kinase', 'xyra, xyrb, d-xylose reductase', 'aspergillus niger', 'd-xylose reductase', 'pentose catabolic pathway']",0,"{'xyr1': 4, 'ace3': 0, 'cbh1': 0, 'cellulase': 0, 'reesei': 4}",3.807354922057604,Biotechnology Reports,10.1016/j.btre.2021.e00610,"['Terebieniec, Agata', 'Chroumpi, Tania', 'Dilokpimol, Adiphol', 'Aguilar-Pontes, Maria Victoria', 'Mäkelä, Miia R.', 'de Vries, Ronald P.']",•XyrB is involved in conversion of d-xylose and l-arabinose in A. niger.•The xyrB expression is induced both by d-xylose and l-arabinose.•XyrB expression is controlled by xlnR and araR regulators.
6529561,31156578,Trichoderma as a Model to Study Effector-Like Molecules,2019,"['trichoderma', 'effector molecules', 'plant–microbe interactions', 'secondary metabolites', 'effector proteins', 'small rna']",0,"{'xyr1': 0, 'ace3': 0, 'cbh1': 0, 'cellulase': 5, 'reesei': 2}",3.405992359675837,Frontiers in Microbiology,10.3389/fmicb.2019.01030,"['Ramírez-Valdespino, Claudia A.', 'Casas-Flores, Sergio', 'Olmedo-Monfil, Vianey']","Plants are capable of perceiving microorganisms by coordinating processes to establish different forms of plant–microbe relationships. Plant colonization is governed in fungal and bacterial systems by secreted effector molecules, suppressing plant defense responses and modulating plant physiology to promote either virulence or compatibility. Proteins, secondary metabolites, and small RNAs have been described as effector molecules that use different mechanisms to establish the interaction. Effector molecules have been studied in more detail due to their involvement in harmful interactions, leading to a negative impact on agriculture. Recently, research groups have started to study the effectors in symbiotic interactions. Interestingly, most symbiotic effectors are members of the same families present in phytopathogens. Nevertheless, the quantity and ratio of secreted effectors depends on the microorganism and the host, suggesting a complex mechanism of recognition between the plant and their associated microorganisms. Fungi belonging to Trichoderma genus interact with plants by inducing their defense system and promoting plant growth. Research suggests that some of these effects are associated with effector molecules that Trichoderma delivers during the association with the plant. In this review, we will focus on the main findings concerning the effector molecules reported in Trichoderma spp. and their role during the interaction with plants, mainly in the molecular dialogue that takes place between them."
7927390,33653343,"Co-culture of Vel1-overexpressed Trichoderma asperellum and Bacillus amyloliquefaciens: An eco-friendly strategy to hydrolyze the lignocellulose biomass in soil to enrich the soil fertility, plant growth and disease resistance",2021,"['co-cultivation', 't. asperellum', 'b.\xa0amyloliquefaciens', 'vel1', 'cellulase', 'lignocellulose degradation']",0,"{'xyr1': 0, 'ace3': 0, 'cbh1': 0, 'cellulase': 0, 'reesei': 0}",2.584962500721156,Microbial Cell Factories,10.1186/s12934-021-01540-3,"['Karuppiah, Valliappan', 'Zhixiang, Lu', 'Liu, Hongyi', 'Vallikkannu, Murugappan', 'Chen, Jie']","Retention of agricultural bio-mass residues without proper treatment could affect the subsequent plant growth. In the present investigation, the co-cultivation of genetically engineered T. asperellum and B. amyloliquefaciens has been employed for multiple benefits including the enrichment of lignocellulose biodegradation, plant growth, defense potential and disease resistance."
8113380,33995298,An Overview on Identification and Regulatory Mechanisms of Long Non-coding RNAs in Fungi,2021,"['lncrnas', 'eukaryotic fungi', 'transcriptional interference', 'chromatin remodeling', 'rna surveillance']",0,"{'xyr1': 1, 'ace3': 0, 'cbh1': 0, 'cellulase': 2, 'reesei': 2}",3.4594316186372973,Frontiers in Microbiology,10.3389/fmicb.2021.638617,"['Li, Juan', 'Liu, Xiaoying', 'Yin, Ziyu', 'Hu, Zhihong', 'Zhang, Ke-Qin']","For decades, more and more long non-coding RNAs (lncRNAs) have been confirmed to play important functions in key biological processes of different organisms. At present, most identified lncRNAs and those with known functional roles are from mammalian systems. However, lncRNAs have also been found in primitive eukaryotic fungi, and they have different functions in fungal development, metabolism, and pathogenicity. In this review, we highlight some recent researches on lncRNAs in the primitive eukaryotic fungi, particularly focusing on the identification of lncRNAs and their regulatory roles in diverse biological processes."
3698209,23800192,Functional characterisation of the non-essential protein kinases and phosphatases regulating Aspergillus nidulans hydrolytic enzyme production,2013,"['carbon catabolite repression', 'cellulase', 'xylanase', 'scha', 'snfa']",0,"{'xyr1': 0, 'ace3': 0, 'cbh1': 0, 'cellulase': 0, 'reesei': 0}",1.8073549220576042,Biotechnology for Biofuels,10.1186/1754-6834-6-91,"['Brown, Neil Andrew', 'de Gouvea, Paula Fagundes', 'Krohn, Nádia Graciele', 'Savoldi, Marcela', 'Goldman, Gustavo Henrique']","Despite recent advances in the understanding of lignocellulolytic enzyme regulation, less is known about how different carbon sources are sensed and the signaling cascades that result in the adaptation of cellular metabolism and hydrolase secretion. Therefore, the role played by non-essential protein kinases (NPK) and phosphatases (NPP) in the sensing of carbon and/or energetic status was investigated in the model filamentous fungus Aspergillus nidulans."
9166314,35658919,Integrative transcriptome and proteome analyses of Trichoderma longibrachiatum LC and its cellulase hyper-producing mutants generated by heavy ion mutagenesis reveal the key genes involved in cellulolytic enzymes regulation,2022,"['trichoderma longibrachiatum', 'cellulase', 'hyper-producing mutants', 'transcriptomics', 'proteomics']",0,"{'xyr1': 0, 'ace3': 0, 'cbh1': 0, 'cellulase': 0, 'reesei': 0}",2.747233929620033,Biotechnology for Biofuels and Bioproducts,10.1186/s13068-022-02161-7,"['Dong, Miaoyin', 'Wang, Shuyang', 'Xu, Fuqiang', 'Xiao, Guoqing', 'Bai, Jin', 'Wang, Junkai', 'Sun, Xisi']","The major challenge of facing the efficient utilization of biomass is the high cost of cellulolytic enzyme, while the Trichoderma longibrachiatum plays an essential role in the production of industrial enzymes and biomass recycling."
4746737,26857594,Light-inducible genetic engineering and control of non-homologous end-joining in industrial eukaryotic microorganisms: LML 3.0 and OFN 1.0,2016,[],0,"{'xyr1': 0, 'ace3': 0, 'cbh1': 0, 'cellulase': 0, 'reesei': 0}",2.027480736422107,Scientific Reports,10.1038/srep20761,"['Zhang, Lei', 'Zhao, Xihua', 'Zhang, Guoxiu', 'Zhang, Jiajia', 'Wang, Xuedong', 'Zhang, Suping', 'Wang, Wei', 'Wei, Dongzhi']","Filamentous fungi play important roles in the production of plant cell-wall degrading enzymes. In recent years, homologous recombinant technologies have contributed significantly to improved enzymes production and system design of genetically manipulated strains. When introducing multiple gene deletions, we need a robust and convenient way to control selectable marker genes, especially when only a limited number of markers are available in filamentous fungi. Integration after transformation is predominantly nonhomologous in most fungi other than yeast. Fungal strains deficient in the non-homologous end-joining (NHEJ) pathway have limitations associated with gene function analyses despite they are excellent recipient strains for gene targets. We describe strategies and methods to address these challenges above and leverage the power of resilient NHEJ deficiency strains. We have established a foolproof light-inducible platform for one-step unmarked genetic modification in industrial eukaryotic microorganisms designated as ‘LML 3.0’, and an on-off control protocol of NHEJ pathway called ‘OFN 1.0’, using a synthetic light-switchable transactivation to control Cre recombinase-based excision and inversion. The methods provide a one-step strategy to sequentially modify genes without introducing selectable markers and NHEJ-deficiency. The strategies can be used to manipulate many biological processes in a wide range of eukaryotic cells."
10512326,37746224,"'], b'Trichoderma – genomes and genomics as treasure troves for research towards biology, biotechnology and agriculture",2022,"['trichoderma', 'hypocrea', 'evolution', 'horizontal gene transfer', 'repeat induced point mutation', 'mycovirus', 'bioremediation', 'biocontrol']",0,"{'xyr1': 1, 'ace3': 0, 'cbh1': 2, 'cellulase': 19, 'reesei': 22}",5.832890014164742,Frontiers in Fungal Biology,10.3389/ffunb.2022.1002161,"['Schalamun, Miriam', 'Schmoll, Monika']","The genus Trichoderma is among the best studied groups of filamentous fungi, largely because of its high relevance in applications from agriculture to enzyme biosynthesis to biofuel production. However, the physiological competences of these fungi, that led to these beneficial applications are intriguing also from a scientific and ecological point of view. This review therefore summarizes recent developments in studies of fungal genomes, updates on previously started genome annotation efforts and novel discoveries as well as efforts towards bioprospecting for enzymes and bioactive compounds such as cellulases, enzymes degrading xenobiotics and metabolites with potential pharmaceutical value. Thereby insights are provided into genomes, mitochondrial genomes and genomes of mycoviruses of Trichoderma strains relevant for enzyme production, biocontrol and mycoremediation. In several cases, production of bioactive compounds could be associated with responsible genes or clusters and bioremediation capabilities could be supported or predicted using genome information. Insights into evolution of the genus Trichoderma revealed large scale horizontal gene transfer, predominantly of CAZyme genes, but also secondary metabolite clusters. Investigation of sexual development showed that Trichoderma species are competent of repeat induced point mutation (RIP) and in some cases, segmental aneuploidy was observed. Some random mutants finally gave away their crucial mutations like T. reesei QM9978 and QM9136 and the fertility defect of QM6a was traced back to its gene defect. The Trichoderma core genome was narrowed down to 7000 genes and gene clustering was investigated in the genomes of multiple species. Finally, recent developments in application of CRISPR/Cas9 in Trichoderma, cloning and expression strategies for the workhorse T. reesei as well as the use genome mining tools for bioprospecting Trichoderma are highlighted. The intriguing new findings on evolution, genomics and physiology highlight emerging trends and illustrate worthwhile perspectives in diverse fields of research with Trichoderma."
12112844,40422684,Advances in CRISPR/Cas9-Based Gene Editing in Filamentous Fungi,2025,"['crispr/cas9', 'filamentous fungi', 'genome editing']",0,"{'xyr1': 0, 'ace3': 0, 'cbh1': 0, 'cellulase': 0, 'reesei': 0}",3.4594316186372973,Journal of Fungi,10.3390/jof11050350,"['Ma, Bin', 'Li, Yimiao', 'Wang, Tinghui', 'Li, Dongming', 'Jia, Shuang', 'Zhao, Mingwen']","As an important class of microorganisms, filamentous fungi have crucial roles in protein secretion, secondary metabolite production and environmental pollution control. However, characteristics such as apical growth, heterokaryon, low homologous recombination (HR) efficiency and the scarcity of genetic markers mean that the application of traditional gene editing technology in filamentous fungi faces great challenges. The introduction of the RNA-mediated CRISPR/Cas (clustered regularly interspaced short palindromic repeat/CRlSPR-associated protein) system in filamentous fungi in recent years has revolutionized gene editing in filamentous fungi. In addition, the continuously expressed CRISPR system has significantly improved the editing efficiency, while the optimized sgRNA design and reduced cas9 concentration have effectively reduced the off-target effect, further enhancing the safety and reliability of the technology. In this review, we systematically analyze the molecular mechanism and regulatory factors of CRISPR/Cas9, focus on the optimization of its expression system and the improvement of the transformation efficiency in filamentous fungi, and reveal the core regulatory roles of HR and non-homologous end-joining (NHEJ) pathways in gene editing. Based on the analysis of various filamentous fungi applications, this review reveals the outstanding advantages of CRISPR/Cas9 in the enhancement of protein secretion, addresses the reconstruction of secondary metabolic pathways and pollutant degradation in the past decade, and provides a theoretical basis and practical guidance for the optimization of the technology and engineering applications."
11610957,39629162,Integrated engineering of enzymes and microorganisms for improving the efficiency of industrial lignocellulose deconstruction,2021,"['lignocellulose', 'cellulase', 'hemicellulase', 'fungi', 'genetic engineering', 'biorefinery']",0,"{'xyr1': 3, 'ace3': 2, 'cbh1': 1, 'cellulase': 37, 'reesei': 20}",6.108524456778169,Engineering Microbiology,10.1016/j.engmic.2021.100005,"['Liu, Guodong', 'Qu, Yinbo']","Bioconversion of lignocellulosic biomass to fuels and chemicals represents a new manufacturing paradigm that can help address society\'s energy, resource, and environmental problems. However, the low efficiency and high cost of lignocellulolytic enzymes currently used hinder their use in the industrial deconstruction of lignocellulose. To overcome these challenges, research efforts have focused on engineering the properties, synergy, and production of lignocellulolytic enzymes. First, lignocellulolytic enzymes’ catalytic efficiency, stability, and tolerance to inhibitory compounds have been improved through enzyme mining and engineering. Second, synergistic actions between different enzyme components have been strengthened to construct customized enzyme cocktails for the degradation of specific lignocellulosic substrates. Third, biological processes for protein synthesis and cell morphogenesis in microorganisms have been engineered to achieve a high level and low-cost production of lignocellulolytic enzymes. In this review, the relevant progresses and challenges in these fields are summarized. Integrated engineering is proposed to be essential to achieve cost-effective enzymatic deconstruction of lignocellulose in the future."
8461902,34556173,Coordination of consolidated bioprocessing technology and carbon dioxide fixation to produce malic acid directly from plant biomass in Myceliophthora thermophila,2021,"['myceliophthora', 'metabolic engineering', 'cbb cycle', 'co2-fixation', 'plant biomass', 'malic acid']",0,"{'xyr1': 0, 'ace3': 0, 'cbh1': 0, 'cellulase': 0, 'reesei': 0}",2.584962500721156,Biotechnology for Biofuels,10.1186/s13068-021-02042-5,"['Li, Jingen', 'Chen, Bingchen', 'Gu, Shuying', 'Zhao, Zhen', 'Liu, Qian', 'Sun, Tao', 'Zhang, Yongli', 'Wu, Taju', 'Liu, Defei', 'Sun, Wenliang', 'Tian, Chaoguang']","Consolidated bioprocessing (CBP) technique is a promising strategy for biorefinery construction, producing bulk chemicals directly from plant biomass without extra hydrolysis steps. Fixing and channeling CO2 into carbon metabolism for increased carbon efficiency in producing value-added compounds is another strategy for cost-effective bio-manufacturing. It has not been reported whether these two strategies can be combined in one microbial platform."
11633134,39530687,The Mediator complex subunit MoMed15 plays an important role in conferring sensitivity to isoprothiolane by modulating xenobiotic metabolism in M. oryzae,2024,"['magnaporthe oryzae', 'isoprothiolane resistance', 'mediator complex subunit', 'xenobiotic metabolism']",0,"{'xyr1': 1, 'ace3': 0, 'cbh1': 0, 'cellulase': 1, 'reesei': 1}",3.7865963618908065,mBio,10.1128/mbio.01778-24,"['Meng, Fan-Zhu', 'Wei, Wen-Kai', 'Cai, Min-Zheng', 'Wang, Zuo-Qian', 'Yin, Liang-Fen', 'Yin, Wei-Xiao', 'Schnabel, Guido', 'Luo, Chao-Xi', 'Turgeon, B. Gillian']","Rice blast caused by Magnaporthe oryzae is one of the most economically important rice diseases. Fungicides such as isoprothiolane (IPT) have been used extensively for rice blast control, but resistance to IPT in M. oryzae is an emerging threat. In this study, molecular mechanisms of resistance in IPT-resistant mutants were identified. Through whole-genome sequencing and genetic transformation, we identified the gene MoMed15, encoding a transcriptional glutamine-rich co-activator Mediator complex subunit, in which mutations or deletion resulted in moderate IPT resistance. Further research found that MoMed15 physically interacted with the IPT resistance regulatory factor MoIRR to simultaneously regulate both MoIRR expression and the expression of multiple xenobiotic-metabolizing enzymes in response to IPT stress. We hypothesize that some xenobiotic-metabolizing enzymes enhance IPT toxicity by modifying the IPT structure. Variation of MoMed15 affected the recruitment of the transcriptional Mediator complex and decreased the expression of these xenobiotic-metabolizing enzymes, resulting in moderate IPT resistance. We also found that MoPGR1, encoding a protein that activates cytochrome P450 enzymes, was essential to confer IPT sensitivity, and its expression was directly regulated by MoIRR."
5795998,29295552,Carbon Catabolite Repression in Filamentous Fungi,2017,"['carbon catabolite repression', 'sensing and signaling pathway', 'phosphorylation', 'hexokinase', 'transport proteins', 'camp', 'crea', 'ubiquitination']",0,"{'xyr1': 0, 'ace3': 0, 'cbh1': 0, 'cellulase': 0, 'reesei': 0}",2.1154772174199357,International Journal of Molecular Sciences,10.3390/ijms19010048,"['Adnan, Muhammad', 'Zheng, Wenhui', 'Islam, Waqar', 'Arif, Muhammad', 'Abubakar, Yakubu Saddeeq', 'Wang, Zonghua', 'Lu, Guodong']","Carbon Catabolite Repression (CCR) has fascinated scientists and researchers around the globe for the past few decades. This important mechanism allows preferential utilization of an energy-efficient and readily available carbon source over relatively less easily accessible carbon sources. This mechanism helps microorganisms to obtain maximum amount of glucose in order to keep pace with their metabolism. Microorganisms assimilate glucose and highly favorable sugars before switching to less-favored sources of carbon such as organic acids and alcohols. In CCR of filamentous fungi, CreA acts as a transcription factor, which is regulated to some extent by ubiquitination. CreD-HulA ubiquitination ligase complex helps in CreA ubiquitination, while CreB-CreC deubiquitination (DUB) complex removes ubiquitin from CreA, which causes its activation. CCR of fungi also involves some very crucial elements such as Hexokinases, cAMP, Protein Kinase (PKA), Ras proteins, G protein-coupled receptor (GPCR), Adenylate cyclase, RcoA and SnfA. Thorough study of molecular mechanism of CCR is important for understanding growth, conidiation, virulence and survival of filamentous fungi. This review is a comprehensive revision of the regulation of CCR in filamentous fungi as well as an updated summary of key regulators, regulation of different CCR-dependent mechanisms and its impact on various physical characteristics of filamentous fungi."
11411985,39294712,Divergent roles of ADP-ribosylation factor GTPase-activating proteins in lignocellulose utilization of Trichoderma guizhouense NJAU4742,2024,"['arf-gaps', 'trichoderma', 'lignocellulose utilization', 'cellular responses', 'regulators']",0,"{'xyr1': 0, 'ace3': 0, 'cbh1': 0, 'cellulase': 0, 'reesei': 0}",3.169925001442312,Biotechnology for Biofuels and Bioproducts,10.1186/s13068-024-02570-w,"['Li, Tuo', 'Wang, Qin', 'Liu, Yang', 'Wang, Jiaguo', 'Zhu, Han', 'Cao, Linhua', 'Liu, Dongyang', 'Shen, Qirong']","The ability of lignocellulose degradation for filamentous fungi is always attributed to their efficient CAZymes system with broader applications in bioenergy development. ADP-ribosylation factor GTPase-activating proteins (Arf-GAPs), pivotal in fungal morphogenesis, lack comprehensive studies on their regulatory mechanisms in lignocellulose utilization."
11046756,38664812,Methionine inducing carbohydrate esterase secretion of Trichoderma harzianum enhances the accessibility of substrate glycosidic bonds,2024,"['polysaccharide hydrolysis', 'carbohydrate esterase', 'metabolomic', 'xylan deacetylation', 'glycosidic bond accessibility']",0,"{'xyr1': 0, 'ace3': 0, 'cbh1': 0, 'cellulase': 0, 'reesei': 0}",3.169925001442312,Microbial Cell Factories,10.1186/s12934-024-02394-1,"['Liu, Yang', 'Li, Tuo', 'Zhu, Han', 'Cao, Linhua', 'Liang, Lebin', 'Liu, Dongyang', 'Shen, Qirong']","The conversion of plant biomass into biochemicals is a promising way to alleviate energy shortage, which depends on efficient microbial saccharification and cellular metabolism. Trichoderma spp. have plentiful CAZymes systems that can utilize all-components of lignocellulose. Acetylation of polysaccharides causes nanostructure densification and hydrophobicity enhancement, which is an obstacle for glycoside hydrolases to hydrolyze glycosidic bonds. The improvement of deacetylation ability can effectively release the potential for polysaccharide degradation."
3979922,24714189,Whole Genome and Global Gene Expression Analyses of the Model Mushroom Flammulina velutipes Reveal a High Capacity for Lignocellulose Degradation,2014,[],0,"{'xyr1': 2, 'ace3': 0, 'cbh1': 0, 'cellulase': 12, 'reesei': 6}",3.841302253980942,PLoS ONE,10.1371/journal.pone.0093560,"['Park, Young-Jin', 'Baek, Jeong Hun', 'Lee, Seonwook', 'Kim, Changhoon', 'Rhee, Hwanseok', 'Kim, Hyungtae', 'Seo, Jeong-Sun', 'Park, Hae-Ran', 'Yoon, Dae-Eun', 'Nam, Jae-Young', 'Kim, Hong-Il', 'Kim, Jong-Guk', 'Yoon, Hyeokjun', 'Kang, Hee-Wan', 'Cho, Jae-Yong', 'Song, Eun-Sung', 'Sung, Gi-Ho', 'Yoo, Young-Bok', 'Lee, Chang-Soo', 'Lee, Byoung-Moo', 'Kong, Won-Sik', 'Schmoll, Monika']","'], b'Flammulina velutipes is a fungus with health and medicinal benefits that has been used for consumption and cultivation in East Asia. F. velutipes is also known to degrade lignocellulose and produce ethanol. The overlapping interests of mushroom production and wood bioconversion make F. velutipes an attractive new model for fungal wood related studies. Here, we present the complete sequence of the F. velutipes genome. This is the first sequenced genome for a commercially produced edible mushroom that also degrades wood. The 35.6-Mb genome contained 12,218 predicted protein-encoding genes and 287 tRNA genes assembled into 11 scaffolds corresponding with the 11 chromosomes of strain KACC42780. The 88.4-kb mitochondrial genome contained 35 genes. Well-developed wood degrading machinery with strong potential for lignin degradation (69 auxiliary activities, formerly FOLymes) and carbohydrate degradation (392 CAZymes), along with 58 alcohol dehydrogenase genes were highly expressed in the mycelium, demonstrating the potential application of this organism to bioethanol production. Thus, the newly uncovered wood degrading capacity and sequential nature of this process in F. velutipes, offer interesting possibilities for more detailed studies on either lignin or (hemi-) cellulose degradation in complex wood substrates. The mutual interest in wood degradation by the mushroom industry and (ligno-)cellulose biomass related industries further increase the significance of F. velutipes as a new model."
10670345,38002126,Optimum Fermentation Conditions for Bovine Lactoferricin-Lactoferrampin-Encoding LimosiLactobacillus reuteri and Regulation of Intestinal Inflammation,2023,"['lactoferricin-lactoferrampin (lfca)', 'limosilactobacillus reuteri', 'protein expression', 'high-density fermentation', 'intestinal inflammation']",0,"{'xyr1': 0, 'ace3': 0, 'cbh1': 0, 'cellulase': 0, 'reesei': 0}",2.9385994553358565,Foods,10.3390/foods12224068,"['Xie, Weichun', 'Wang, Xueying', 'Cai, Jiyao', 'Bai, Huitao', 'Shao, Yilan', 'Li, Zhuoran', 'Cai, Limeng', 'Zhang, Senhao', 'Li, Jiaxuan', 'Cui, Wen', 'Jiang, Yanping', 'Tang, Lijie', 'Wei, Xuetuan']","The multifunctional antibacterial peptide lactoferricin-lactoferrampin (LFCA) is derived from bovine lactoferrin. Optimization of the fermentation process should be studied since different microorganisms have their own favorable conditions and processes for growth and the production of metabolites. In this study, the culture conditions of a recombinant strain, pPG-LFCA-E/LR-CO21 (LR-LFCA), expressing LFCA was optimized, utilizing the high-density fermentation process to augment the biomass of LimosiLactobacillus reuteri and the expression of LFCA. Furthermore, an assessment of the protective effect of LR-LFCA on intestinal inflammation induced by lipopolysaccharide (LPS) was conducted to evaluate the impact of LR-LFCA on the disease resistance of piglets. The findings of this study indicate that LR-LFCA fermentation conditions optimally include 2% inoculation volume, 36.5 °C fermentation temperature, 9% dissolved oxygen concentration, 200 revolutions/minute stirring speed, pH 6, 10 mL/h glucose flow, and 50% glucose concentration. The inclusion of fermented LR-LFCA in the diet resulted in an elevation of immunoglobulin levels, significant upregulation of tight junction proteins ZO-1 and occludin, reinforcement of the intestinal barrier function, and significant amelioration of the aberrant alterations in blood physiological parameters induced by LPS. These results offer a theoretical framework for the implementation of this micro-ecological preparation in the field of piglet production to enhance intestinal well-being."
7607812,33138770,“Integrative genomic analysis of the bioprospection of regulators and accessory enzymes associated with cellulose degradation in a filamentous fungus (Trichoderma harzianum)”,2020,"['cellulose degradation', 'cazymes', 'genomic', 'transcriptome', 'fungi']",0,"{'xyr1': 0, 'ace3': 0, 'cbh1': 0, 'cellulase': 0, 'reesei': 0}",2.4447848426728958,BMC Genomics,10.1186/s12864-020-07158-w,"['Ferreira Filho, Jaire A.', 'Horta, Maria Augusta C.', 'dos Santos, Clelton A.', 'Almeida, Deborah A.', 'Murad, Natália F.', 'Mendes, Juliano S.', 'Sforça, Danilo A.', 'Silva, Claudio Benício C.', 'Crucello, Aline', 'de Souza, Anete P.']","Unveiling fungal genome structure and function reveals the potential biotechnological use of fungi. Trichoderma harzianum is a powerful CAZyme-producing fungus. We studied the genomic regions in T. harzianum IOC3844 containing CAZyme genes, transcription factors and transporters."
