PMCID,PMID,Title,Year,Associated Keywords,Citations,Keywords Count,Score,Journal,DOI,Authors,Abstract
6204124,29709599,Autophagy in C. elegans development,2018,"['autophagy', 'lipophagy', 'c. elegans', 'dauer development']",24,"{'ASE': 0, 'che-1': 0, 'lsy-6': 0}",0.0,Developmental biology,10.1016/j.ydbio.2018.04.009,"['Palmisano, Nicholas J.', 'Meléndez, Alicia']","Autophagy involves the sequestration of cytoplasmic contents in a double-membrane structure referred to as the autophagosome and the degradation of its contents upon delivery to lysosomes. Autophagy activity has a role in multiple biological processes during the development of the nematode Caenorhabditis elegans. Basal levels of autophagy are required to remove aggregate prone proteins, paternal mitochondria, and spermatid-specific membranous organelles. During larval development, autophagy is required for the remodeling that occurs during dauer development, and autophagy can selectively degrade components of the miRNA-induced silencing complex, and modulate miRNA-mediated silencing. Basal levels of autophagy are important in synapse formation and in the germ line, to promote the proliferation of proliferating stem cells. Autophagy activity is also required for the efficient removal of apoptotic cell corpses by promoting phagosome maturation. Finally, autophagy is also involved in lipid homeostasis and in the aging process. In this review, we first describe the molecular complexes involved in the process of autophagy, its regulation, and mechanisms for cargo recognition. In the second section, we discuss the developmental contexts where autophagy has been shown to be important. Studies in C. elegans provide valuable insights into the physiological relevance of this process during metazoan development."
9065084,35504914,Functional identification of microRNA-centered complexes in C. elegans,2022,"['genetics', 'gene regulation']",3,"{'ASE': 62, 'che-1': 0, 'lsy-6': 41}",0.0,Scientific Reports,10.1038/s41598-022-10771-2,"['Hebbar, Shilpa', 'Panzade, Ganesh', 'Vashisht, Ajay A.', 'Wohlschlegel, James A.', 'Veksler-Lublinsky, Isana', 'Zinovyeva, Anna Y.']","microRNAs (miRNAs) are crucial for normal development and physiology. To identify factors that might coordinate with miRNAs to regulate gene expression, we used 2′O-methylated oligonucleotides to precipitate Caenorhabditis elegans let-7, miR-58, and miR-2 miRNAs and the associated proteins. A total of 211 proteins were identified through mass-spectrometry analysis of miRNA co-precipitates, which included previously identified interactors of key miRNA pathway components. Gene ontology analysis of the identified interactors revealed an enrichment for RNA binding proteins, suggesting that we captured proteins that may be involved in mRNA lifecycle. To determine which miRNA interactors are important for miRNA activity, we used RNAi to deplete putative miRNA co-factors in animals with compromised miRNA activity and looked for alterations of the miRNA mutant phenotypes. Depletion of 25 of 39 tested genes modified the miRNA mutant phenotypes in three sensitized backgrounds. Modulators of miRNA phenotypes ranged from RNA binding proteins RBD-1 and CEY-1 to metabolic factors such as DLST-1 and ECH-5, among others. The observed functional interactions suggest widespread coordination of these proteins with miRNAs to ultimately regulate gene expression. This study provides a foundation for future investigations aimed at deciphering the molecular mechanisms of miRNA-mediated gene regulation."
6795461,31584932,"HRPK-1, a conserved KH-domain protein, modulates microRNA activity during Caenorhabditis elegans development",2019,[],13,"{'ASE': 46, 'che-1': 0, 'lsy-6': 28}",0.0,PLoS Genetics,10.1371/journal.pgen.1008067,"['Li, Li', 'Veksler-Lublinsky, Isana', 'Zinovyeva, Anna', 'Miska, Eric A']","microRNAs (miRNAs) are potent regulators of gene expression that function in diverse developmental and physiological processes. Argonaute proteins loaded with miRNAs form the miRNA Induced Silencing Complexes (miRISCs) that repress gene expression at the post-transcriptional level. miRISCs target genes through partial sequence complementarity between the miRNA and the target mRNA’s 3’ UTR. In addition to being targeted by miRNAs, these mRNAs are also extensively regulated by RNA-binding proteins (RBPs) through RNA processing, transport, stability, and translation regulation. While the degree to which RBPs and miRISCs interact to regulate gene expression is likely extensive, we have only begun to unravel the mechanisms of this functional cooperation. An RNAi-based screen of putative ALG-1 Argonaute interactors has identified a role for a conserved RNA binding protein, HRPK-1, in modulating miRNA activity during C. elegans development. Here, we report the physical and genetic interaction between HRPK-1 and ALG-1/miRNAs. Specifically, we report the genetic and molecular characterizations of hrpk-1 and its role in C. elegans development and miRNA-mediated target repression. We show that loss of hrpk-1 causes numerous developmental defects and enhances the mutant phenotypes associated with reduction of miRNA activity, including those of lsy-6, mir-35-family, and let-7-family miRNAs. In addition to hrpk-1 genetic interaction with these miRNA families, hrpk-1 is required for efficient regulation of lsy-6 target cog-1. We report that hrpk-1 plays a role in processing of some but not all miRNAs and is not required for ALG-1/AIN-1 miRISC assembly. We suggest that HRPK-1 may functionally interact with miRNAs by both affecting miRNA processing and by enhancing miRNA/miRISC gene regulatory activity and present models for its activity."
6748829,31526477,Evolution of neuronal anatomy and circuitry in two highly divergent nematode species,2019,"['neuroanatomy', 'pristionchus pacificus', 'chemosensory', 'neural circuitry', 'nematode', 'electron microscopy', 'other', 'c. elegans']",34,"{'ASE': 90, 'che-1': 33, 'lsy-6': 4}",15.910666150653569,eLife,10.7554/eLife.47155.053,"['Hong, Ray L', 'Riebesell, Metta', 'Bumbarger, Daniel J', 'Cook, Steven J', 'Carstensen, Heather R', 'Sarpolaki, Tahmineh', 'Cochella, Luisa', 'Castrejon, Jessica', 'Moreno, Eduardo', 'Sieriebriennikov, Bogdan', 'Hobert, Oliver', 'Sommer, Ralf J', 'Sengupta, Piali', 'Marder, Eve', 'Sengupta, Piali']","The nematodes C. elegans and P. pacificus populate diverse habitats and display distinct patterns of behavior. To understand how their nervous systems have diverged, we undertook a detailed examination of the neuroanatomy of the chemosensory system of P. pacificus. Using independent features such as cell body position, axon projections and lipophilic dye uptake, we have assigned homologies between the amphid neurons, their first-layer interneurons, and several internal receptor neurons of P. pacificus and C. elegans. We found that neuronal number and soma position are highly conserved. However, the morphological elaborations of several amphid cilia are different between them, most notably in the absence of ‘winged’ cilia morphology in P. pacificus. We established a synaptic wiring diagram of amphid sensory neurons and amphid interneurons in P. pacificus and found striking patterns of conservation and divergence in connectivity relative to C. elegans, but very little changes in relative neighborhood of neuronal processes. These findings demonstrate the existence of several constraints in patterning the nervous system and suggest that major substrates for evolutionary novelty lie in the alterations of dendritic structures and synaptic connectivity."
10139094,37108126,A Compilation of the Diverse miRNA Functions in Caenorhabditis elegans and Drosophila melanogaster Development,2023,"['mirna', 'non-coding rna', 'c. elegans', 'drosophila', 'development', 'gene regulation']",5,"{'ASE': 0, 'che-1': 0, 'lsy-6': 0}",0.0,International Journal of Molecular Sciences,10.3390/ijms24086963,"['Quesnelle, Daniel C.', 'Bendena, William G.', 'Chin-Sang, Ian D.', 'Hoffmann, Klaus H.']","MicroRNAs are critical regulators of post-transcriptional gene expression in a wide range of taxa, including invertebrates, mammals, and plants. Since their discovery in the nematode, Caenorhabditis elegans, miRNA research has exploded, and they are being identified in almost every facet of development. Invertebrate model organisms, particularly C. elegans, and Drosophila melanogaster, are ideal systems for studying miRNA function, and the roles of many miRNAs are known in these animals. In this review, we compiled the functions of many of the miRNAs that are involved in the development of these invertebrate model species. We examine how gene regulation by miRNAs shapes both embryonic and larval development and show that, although many different aspects of development are regulated, several trends are apparent in the nature of their regulation."
3813872,23979582,Mechanisms of Ephrin Receptor Protein Kinase-Independent Signaling in Amphid Axon Guidance in Caenorhabditis elegans,2013,"['ephrin', 'amphid', 'left–right asymmetry', 'abl tyrosine kinase', 'phosphatidylinositol 3-kinase']",14,"{'ASE': 0, 'che-1': 0, 'lsy-6': 0}",0.0,Genetics,10.1534/genetics.113.154393,"['Grossman, Emily N.', 'Giurumescu, Claudiu A.', 'Chisholm, Andrew D.']","Eph receptors and their ephrin ligands are key conserved regulators of axon guidance and can function in a variety of signaling modes. Here we analyze the genetic and cellular requirements for Eph signaling in a Caenorhabditis elegans axon guidance choice point, the ventral guidance of axons in the amphid commissure. The C. elegans Eph receptor EFN-1 has both kinase-dependent and kinase-independent roles in amphid ventral guidance. Of the four C. elegans ephrins, we find that only EFN-1 has a major role in amphid axon ventral guidance, and signals in both a receptor kinase-dependent and kinase-independent manner. Analysis of EFN-1 and EFN-1 expression and tissue-specific requirements is consistent with a model in which VAB-1 acts in amphid neurons, interacting with EFN-1 expressed on surrounding cells. Unexpectedly, left-hand neurons are more strongly affected than right-hand neurons by loss of Eph signaling, indicating a previously undetected left–right asymmetry in the requirement for Eph signaling. By screening candidate genes involved in Eph signaling, we find that the Eph kinase-independent pathway involves the ABL-1 nonreceptor tyrosine kinase and possibly the phosphatidylinositol 3-kinase pathway. Overexpression of ABL-1 is sufficient to rescue EFN-1 ventral guidance defects cell autonomously. Our results reveal new aspects of Eph signaling in a single axon guidance decision in vivo."
10639090,37591249,Anatomical restructuring of a lateralized neural circuit during associative learning by asymmetric insulin signaling,2023,[],6,"{'ASE': 0, 'che-1': 0, 'lsy-6': 0}",0.0,Current biology : CB,10.1016/j.cub.2023.07.041,"['Tang, Leo T.H.', 'Lee, Garrett A.', 'Cook, Steven J.', 'Ho, Jacquelin', 'Potter, Cassandra C.', 'Bülow, Hannes E.']","Studies of neuronal connectivity in model organisms, i.e., of their connectomes, have been instrumental in dissecting the structure-function relationship of nervous systems. However, the limited sample size of these studies has impeded analyses into how variation of connectivity across populations may influence circuit architecture and behavior. Moreover, little is known about how experiences induce changes in circuit architecture. Here, we show that an asymmetric salt-sensing circuit in the nematode Caenorhabditis elegans exhibits variation that predicts the animals’ salt preferences and undergoes restructuring during salt associative learning. Naive worms memorize and prefer the salt concentration they experience in the presence of food through a left-biased neural network architecture. However, animals conditioned at elevated salt concentrations change this left-biased network to a right-biased network. This change in circuit architecture occurs through the addition of new synapses in response to asymmetric, paracrine insulin signaling. Therefore, experience-dependent changes in an animal’s neural connectome are induced by insulin signaling and are fundamental to learning and behavior."
2441980,18463285,Molecular architecture of a miRNA-regulated 3′ UTR,2008,"['c. elegans', 'mirna', 'lsy-6', 'cog-1', '3′ utr']",102,"{'ASE': 0, 'che-1': 0, 'lsy-6': 0}",0.0,RNA,10.1261/rna.1082708,"['Didiano, Dominic', 'Hobert, Oliver']","Animal genomes contain hundreds of microRNAs (miRNAs), small regulatory RNAs that control gene expression by binding to complementary sites in target mRNAs. Some rules that govern miRNA/target interaction have been elucidated but their general applicability awaits further experimentation on a case-by-case basis. We use here an assay system in transgenic nematodes to analyze the interaction of the Caenorhabditis elegans lsy-6 miRNA with 3′ UTR sequences. In contrast to many previously described assay systems used to analyze miRNA/target interactions, our assay system operates within the cellular context in which lsy-6 normally functions, a single neuron in the nervous system of C. elegans. Through extensive mutational analysis, we define features in the known and experimentally validated target of lsy-6, the 3′ UTR of the cog-1 homeobox gene, that are required for a functional miRNA/target interaction. We describe that both in the context of the cog-1 3′ UTR and in the context of heterologous 3′ UTRs, one or more seed matches are not a reliable predictor for a functional miRNA/target interaction. We rather find that two nonsequence specific contextual features beyond miRNA target sites are critical determinants of miRNA-mediated 3′ UTR regulation. The contextual features reside 3′ of lsy-6 binding sites in the 3′ UTR and act in a combinatorial manner; mutation of each results in limited defects in 3′ UTR regulation, but a combinatorial deletion results in complete loss of 3′ UTR regulation. Together with two lsy-6 sites, these two contextual features are capable of imparting regulation on a heterologous 3′ UTR. Moreover, the contextual features need to be present in a specific configuration relative to miRNA binding sites and could either represent protein binding sites or provide an appropriate structural context. We conclude that a given target site resides in a 3′ UTR context that evolved beyond target site complementarity to support regulation by a specific miRNA. The large number of 3′ UTRs that we analyzed in this study will also be useful to computational biologists in designing the next generation of miRNA/target prediction algorithms."
11457946,39167071,Neurogenesis in Caenorhabditis elegans,2024,"['neurogenesis', 'caenorhabditis elegans', 'gene regulation', 'neurodevelopment', 'transcription factors', 'wormbook']",7,"{'ASE': 149, 'che-1': 34, 'lsy-6': 17}",17.63921376793065,Genetics,10.1093/genetics/iyae116,"['Poole, Richard J', 'Flames, Nuria', 'Cochella, Luisa', 'Sundaram, M']","Animals rely on their nervous systems to process sensory inputs, integrate these with internal signals, and produce behavioral outputs. This is enabled by the highly specialized morphologies and functions of neurons. Neuronal cells share multiple structural and physiological features, but they also come in a large diversity of types or classes that give the nervous system its broad range of functions and plasticity. This diversity, first recognized over a century ago, spurred classification efforts based on morphology, function, and molecular criteria. Caenorhabditis elegans, with its precisely mapped nervous system at the anatomical level, an extensive molecular description of most of its neurons, and its genetic amenability, has been a prime model for understanding how neurons develop and diversify at a mechanistic level. Here, we review the gene regulatory mechanisms driving neurogenesis and the diversification of neuron classes and subclasses in C. elegans. We discuss our current understanding of the specification of neuronal progenitors and their differentiation in terms of the transcription factors involved and ensuing changes in gene expression and chromatin landscape. The central theme that has emerged is that the identity of a neuron is defined by modules of gene batteries that are under control of parallel yet interconnected regulatory mechanisms. We focus on how, to achieve these terminal identities, cells integrate information along their developmental lineages. Moreover, we discuss how neurons are diversified postembryonically in a time-, genetic sex-, and activity-dependent manner. Finally, we discuss how the understanding of neuronal development can provide insights into the evolution of neuronal diversity."
12208668,40586702,Evolution of lateralized gustation in nematodes,2025,"['pristionchus pacificus', 'lateral asymmetry', 'calcium imaging', 'other', 'convincing', 'valuable']",3,"{'ASE': 177, 'che-1': 112, 'lsy-6': 7}",17.649363004511056,eLife,10.7554/eLife.103796.3.sa0,['NA'],"Animals with small nervous systems have a limited number of sensory neurons that must encode information from a changing environment. This problem is particularly exacerbated in nematodes that populate a wide variety of distinct ecological niches but only have a few sensory neurons available to encode multiple modalities. How does sensory diversity prevail within this constraint in neuron number? To identify the genetic basis for patterning different nervous systems, we demonstrate that sensory neurons in Pristionchus pacificus respond to various salt sensory cues in a manner that is partially distinct from that of the distantly related nematode Caenorhabditis elegans. Previously we showed that P. pacificus likely lacked bilateral asymmetry (Hong et al., 2019). Here, we show that by visualizing neuronal activity patterns, contrary to previous expectations based on its genome sequence, the salt responses of P. pacificus are encoded in a left/right asymmetric manner in the bilateral ASE neuron pair. Our study illustrates patterns of evolutionary stability and change in the gustatory system of nematodes."
4856075,26921297,Staufen Negatively Modulates MicroRNA Activity in Caenorhabditis elegans,2016,"['microrna', 'stau-1', 'rnai', 'rna-binding protein', '3′utr']",14,"{'ASE': 0, 'che-1': 0, 'lsy-6': 0}",0.0,G3: Genes|Genomes|Genetics,10.1534/g3.116.027300,"['Ren, Zhiji', 'Veksler-Lublinsky, Isana', 'Morrissey, David', 'Ambros, Victor']","The double-stranded RNA-binding protein Staufen has been implicated in various posttranscriptional gene regulatory processes. Here, we demonstrate that the Caenorhabditis elegans homolog of Staufen, STAU-1, functionally interacts with microRNAs. Loss-of-function mutations of stau-1 significantly suppress phenotypes of let-7 family microRNA mutants, a hypomorphic allele of dicer, and a lsy-6 microRNA partial loss-of-function mutant. Furthermore, STAU-1 modulates the activity of lin-14, a target of lin-4 and let-7 family microRNAs, and this modulation is abolished when the 3′ untranslated region of lin-14 is removed. Deep sequencing of small RNA cDNA libraries reveals no dramatic change in the levels of microRNAs or other small RNA populations between wild-type and stau-1 mutants, with the exception of certain endogenous siRNAs in the WAGO pathway. The modulation of microRNA activity by STAU-1 does not seem to be associated with the previously reported enhanced exogenous RNAi (Eri) phenotype of stau-1 mutants, since eri-1 exhibits the opposite effect on microRNA activity. Altogether, our results suggest that STAU-1 negatively modulates microRNA activity downstream of microRNA biogenesis, possibly by competing with microRNAs for binding on the 3′ untranslated region of target mRNAs."
8044110,33850152,Cell-type-specific profiling of loaded miRNAs from Caenorhabditis elegans reveals spatial and temporal flexibility in Argonaute loading,2021,"['caenorhabditis elegans', 'mirnas']",20,"{'ASE': 46, 'che-1': 0, 'lsy-6': 4}",0.0,Nature Communications,10.1038/s41467-021-22503-7,"['Brosnan, Christopher A.', 'Palmer, Alexander J.', 'Zuryn, Steven']","Multicellularity has coincided with the evolution of microRNAs (miRNAs), small regulatory RNAs that are integrated into cellular differentiation and homeostatic gene-regulatory networks. However, the regulatory mechanisms underpinning miRNA activity have remained largely obscured because of the precise, and thus difficult to access, cellular contexts under which they operate. To resolve these, we have generated a genome-wide map of active miRNAs in Caenorhabditis elegans by revealing cell-type-specific patterns of miRNAs loaded into Argonaute (AGO) silencing complexes. Epitope-labelled AGO proteins were selectively expressed and immunoprecipitated from three distinct tissue types and associated miRNAs sequenced. In addition to providing information on biological function, we define adaptable miRNA:AGO interactions with single-cell-type and AGO-specific resolution. We demonstrate spatial and temporal dynamicism, flexibility of miRNA loading, and suggest miRNA regulatory mechanisms via AGO selectivity in different tissues and during ageing. Additionally, we resolve widespread changes in AGO-regulated gene expression by analysing translatomes specifically in neurons."
3014911,21122110,Developmental control of lateralized neuron size in the nematode Caenorhabditis elegans,2010,[],16,"{'ASE': 0, 'che-1': 0, 'lsy-6': 0}",0.0,Neural Development,10.1186/1749-8104-5-33,"['Goldsmith, Andrew D', 'Sarin, Sumeet', 'Lockery, Shawn', 'Hobert, Oliver']","Nervous systems are generally bilaterally symmetric on a gross structural and organizational level but are strongly lateralized (left/right asymmetric) on a functional level. It has been previously noted that in vertebrate nervous systems, symmetrically positioned, bilateral groups of neurons in functionally lateralized brain regions differ in the size of their soma. The genetic mechanisms that control these left/right asymmetric soma size differences are unknown. The nematode Caenorhabditis elegans offers the opportunity to study this question with single neuron resolution. A pair of chemosensory neurons (ASEL and ASER), which are bilaterally symmetric on several levels (projections, synaptic connectivity, gene expression patterns), are functionally lateralized in that they express distinct chemoreceptors and sense distinct chemosensory cues."
8429449,34504291,Plasticity in gustatory and nociceptive neurons controls decision making in C. elegans salt navigation,2021,"['sensory processing', 'computational models']",9,"{'ASE': 290, 'che-1': 9, 'lsy-6': 2}",13.238952015664076,Communications Biology,10.1038/s42003-021-02561-9,"['Dekkers, Martijn P. J.', 'Salfelder, Felix', 'Sanders, Tom', 'Umuerri, Oluwatoroti', 'Cohen, Netta', 'Jansen, Gert']","A conventional understanding of perception assigns sensory organs the role of capturing the environment. Better sensors result in more accurate encoding of stimuli, allowing for cognitive processing downstream. Here we show that plasticity in sensory neurons mediates a behavioral switch in C. elegans between attraction to NaCl in naïve animals and avoidance of NaCl in preconditioned animals, called gustatory plasticity. Ca2+ imaging in ASE and ASH NaCl sensing neurons reveals multiple cell-autonomous and distributed circuit adaptation mechanisms. A computational model quantitatively accounts for observed behaviors and reveals roles for sensory neurons in the control and modulation of motor behaviors, decision making and navigational strategy. Sensory adaptation dynamically alters the encoding of the environment. Rather than encoding the stimulus directly, therefore, we propose that these C. elegans sensors dynamically encode a context-dependent value of the stimulus. Our results demonstrate how adaptive sensory computation can directly control an animal’s behavioral state."
3894411,24361693,Two distinct types of neuronal asymmetries are controlled by the Caenorhabditis elegans zinc finger transcription factor die-1,2014,"['asymmetry', 'transcriptional control', 'c. elegans']",23,"{'ASE': 0, 'che-1': 0, 'lsy-6': 0}",0.0,Genes & Development,10.1101/gad.233643.113,"['Cochella, Luisa', 'Tursun, Baris', 'Hsieh, Yi-Wen', 'Galindo, Samantha', 'Johnston, Robert J.', 'Chuang, Chiou-Fen', 'Hobert, Oliver']","Left/right asymmetric features of the body are either randomly distributed on either the left or right side within a population (antisymmetries) or found on one particular side (directional asymmetries). Nervous systems display both types of asymmetries, but it is unknown whether shared regulators establish them. Here, Cochella et al. show that the transcription factor die-1 controls both antisymmetry and directional asymmetry in distinct sensory systems in C. elegans. This study uncovers the first molecular link between two different kinds of body plan asymmetries."
7758728,33125867,Two MicroRNAs Are Sufficient for Embryonic Patterning in C. elegans,2020,"['microrna', 'drosha', 'pasha', 'dgcr8', 'mirtron', 'embryogenesis', 'development', 'c.\xa0elegans']",16,"{'ASE': 0, 'che-1': 0, 'lsy-6': 0}",0.0,Current Biology,10.1016/j.cub.2020.09.066,"['Dexheimer, Philipp J.', 'Wang, Jingkui', 'Cochella, Luisa']","MicroRNAs (miRNAs) are a class of post-transcriptional repressors with diverse roles in animal development and physiology [1]. The Microprocessor complex, composed of Drosha and Pasha/DGCR8, is necessary for the biogenesis of all canonical miRNAs and essential for the early stages of animal embryogenesis [2, 3, 4, 5, 6, 7, 8]. However, the cause for this requirement is largely unknown. Animals often express hundreds of miRNAs, and it remains unclear whether the Microprocessor is required to produce one or few essential miRNAs or many individually non-essential miRNAs. Additionally, both Drosha and Pasha/DGCR8 bind and cleave a variety of non-miRNA substrates [9, 10, 11, 12, 13, 14, 15], and it is unknown whether these activities account for the Microprocessor’s essential requirement. To distinguish between these possibilities, we developed a system in C. elegans to stringently deplete embryos of Microprocessor activity. Using a combination of auxin-inducible degradation (AID) and RNA interference (RNAi), we achieved Drosha and Pasha/DGCR8 depletion starting in the maternal germline, resulting in Microprocessor and miRNA-depleted embryos, which fail to undergo morphogenesis or form organs. Using a Microprocessor-bypass strategy, we show that this early embryonic arrest is rescued by the addition of just two miRNAs, one miR-35 and one miR-51 family member, resulting in morphologically normal larvae. Thus, just two out of ∼150 canonical miRNAs are sufficient for morphogenesis and organogenesis, and the processing of these miRNAs accounts for the essential requirement for Drosha and Pasha/DGCR8 during the early stages of C. elegans embryonic development."
2670343,19269369,nhl-2 modulates microRNA activity in Caenorhabditis elegans,2009,[],110,"{'ASE': 0, 'che-1': 0, 'lsy-6': 0}",0.0,Cell,10.1016/j.cell.2009.01.053,"['Hammell, Christopher M.', 'Lubin, Isabella', 'Boag, Peter R.', 'Blackwell, T. Keith', 'Ambros, Victor']","The C. elegans TRIM-NHL protein NHL-2 functions as a co-factor for the microRNA Induced Silencing Complex (miRISC) and thereby enhances the post-transcriptional repression of several genetically verified microRNA targets, including hbl-1 and let-60/Ras (by the let-7-family of microRNAs) and cog-1 (by the lsy-6 microRNA). NHL-2 is localized to cytoplasmic processing bodies (P-bodies) and physically associates with the P-body protein CGH-1 and the core miRISC components ALG-1/2 and AIN-1. nhl-2 and cgh-1 mutations compromise the repression of microRNA targets in vivo, but do not affect microRNA biogenesis, indicating a role for a NHL-2-CGH-1 complex in the effector phase of miRISC activity. We propose that the NHL-2-CGH-1 complex functions in association with mature miRISC to modulate the efficacy of microRNA:target interactions in response to physiological and developmental signals, and thereby helps ensure the robustness of genetic regulatory pathways regulated by microRNAs."
2864223,20359322,Inhibiting miRNA in Caenorhabditis elegans using a potent and selective antisense reagent,2010,[],0,"{'ASE': 0, 'che-1': 0, 'lsy-6': 0}",0.0,Silence,10.1186/1758-907X-1-9,"['Zheng, Genhua', 'Ambros, Victor', 'Li, Wen-hong']","Antisense reagents can serve as efficient and versatile tools for studying gene function by inhibiting nucleic acids in vivo. Antisense reagents have particular utility for the experimental manipulation of the activity of microRNAs (miRNAs), which are involved in the regulation of diverse developmental and physiological pathways in animals. Even in traditional genetic systems, such as the nematode Caenorhabditis elegans, antisense reagents can provide experimental strategies complementary to mutational approaches. Presently no antisense reagents are available for inhibiting miRNAs in the nematode C. elegans."
9306894,34862697,Transcriptional regulation of neuronal identity,2022,"['enhancer', 'neuronal differentiation', 'neuronal identity', 'regulation of gene expression', 'regulatory genome', 'repression', 'transcription factor']",11,"{'ASE': 25, 'che-1': 0, 'lsy-6': 0}",0.0,The European Journal of Neuroscience,10.1111/ejn.15551,"['Sousa, Erick', 'Flames, Nuria']","Neuronal diversity is an intrinsic feature of the nervous system. Transcription factors (TFs) are key regulators in the establishment of different neuronal identities; how are the actions of different TFs coordinated to orchestrate this diversity? Are there common features shared among the different neuron types of an organism or even among different animal groups? In this review, we provide a brief overview on common traits emerging on the transcriptional regulation of neuron type diversification with a special focus on the comparison between mouse and '], b'Caenorhabditis elegans', b'c toggle=""no"">C. elegans', b'c toggle=""yes"">C. elegans Amphid neurons, single ciliated endings"
2976285,21041366,Otx-dependent expression of proneural bHLH genes establishes a neuronal bilateral asymmetry in C. elegans,2010,"['left-right asymmetry', 'c. elegans', 'cell lineage']",20,"{'ASE': 0, 'che-1': 0, 'lsy-6': 0}",0.0,"Development (Cambridge, England)",10.1242/dev.058834,"['Nakano, Shunji', 'Ellis, Ronald E.', 'Horvitz, H. Robert']","Bilateral asymmetry in Caenorhabditis elegans arises in part from cell lineages that differ on the left and right sides of the animal. The unpaired MI neuron descends from the right side of an otherwise left-right symmetric cell lineage that generates the MI neuron on the right and the e3D epithelial cell on the left. We isolated mutations in three genes that caused left-right symmetry in this normally asymmetric cell lineage by transforming MI into an e3D-like cell. These genes encode the proneural bHLH proteins NGN-1 and HLH-2 and the Otx homeodomain protein CEH-36. We identified the precise precursor cells in which ceh-36 and ngn-1 act, and showed that CEH-36 protein is asymmetrically expressed and is present in an MI progenitor cell on the right but not in its bilateral counterpart. This asymmetric CEH-36 expression promotes asymmetric ngn-1 and hlh-2 expression, which in turn induces asymmetric MI neurogenesis. Our results indicate that this left-right asymmetry is specified within the two sister cells that first separate the left and right branches of the cell lineage. We conclude that the components of an evolutionarily conserved Otx/bHLH pathway act sequentially through multiple rounds of cell division on the right to relay an initial apparently cryptic asymmetry to the presumptive post-mitotic MI neuron, thereby creating an anatomical bilateral asymmetry in the C. elegans nervous system."
1899474,17606643,The molecular signature and cis-regulatory architecture of a C. elegans gustatory neuron,2007,"['caenorhabditis elegans', 'development', 'gustatory neuron', 'transcription factor']",112,"{'ASE': 0, 'che-1': 0, 'lsy-6': 0}",0.0,Genes & Development,10.1101/gad.1560107,"['Etchberger, John F.', 'Lorch, Adam', 'Sleumer, Monica C.', 'Zapf, Richard', 'Jones, Steven J.', 'Marra, Marco A.', 'Holt, Robert A.', 'Moerman, Donald G.', 'Hobert, Oliver']","Taste receptor cells constitute a highly specialized cell type that perceives and conveys specific sensory information to the brain. The detailed molecular composition of these cells and the mechanisms that program their fate are, in general, poorly understood. We have generated serial analysis of gene expression (SAGE) libraries from two distinct populations of single, isolated sensory neuron classes, the gustatory neuron class ASE and the thermosensory neuron class AFD, from the nematode Caenorhabditis elegans. By comparing these two libraries, we have identified >1000 genes that define the ASE gustatory neuron class on a molecular level. This set of genes contains determinants of the differentiated state of the ASE neuron, such as a surprisingly complex repertoire of transcription factors (TFs), ion channels, neurotransmitters, and receptors, as well as seven-transmembrane receptor (7TMR)-type putative gustatory receptor genes. Through the in vivo dissection of the cis-regulatory regions of several ASE-expressed genes, we identified a small cis-regulatory motif, the “ASE motif,” that is required for the expression of many ASE-expressed genes. We demonstrate that the ASE motif is a binding site for the C2H2 zinc finger TF CHE-1, which is essential for the correct differentiation of the ASE gustatory neuron. Taken together, our results provide a unique view of the molecular landscape of a single neuron type and reveal an important aspect of the regulatory logic for gustatory neuron specification in C. elegans."
1950618,17717195,Genetic Screens for Caenorhabditis elegans Mutants Defective in Left/Right Asymmetric Neuronal Fate Specification,2007,[],0,"{'ASE': 0, 'che-1': 0, 'lsy-6': 0}",0.0,Genetics,10.1534/genetics.107.075648,"['Sarin, Sumeet', ""O\\'Meara, M. Maggie"", 'Flowers, Eileen B.', 'Antonio, Celia', 'Poole, Richard J.', 'Didiano, Dominic', 'Johnston, Robert J.', 'Chang, Sarah', 'Narula, Surinder', 'Hobert, Oliver']","We describe here the results of genetic screens for Caenorhabditis elegans mutants in which a single neuronal fate decision is inappropriately executed. In wild-type animals, the two morphologically bilaterally symmetric gustatory neurons ASE left (ASEL) and ASE right (ASER) undergo a left/right asymmetric diversification in cell fate, manifested by the differential expression of a class of putative chemoreceptors and neuropeptides. Using single cell-specific gfp reporters and screening through a total of almost 120,000 haploid genomes, we isolated 161 mutants that define at least six different classes of mutant phenotypes in which ASEL/R fate is disrupted. Each mutant phenotypic class encompasses one to nine different complementation groups. Besides many alleles of 10 previously described genes, we have identified at least 16 novel “lsy” genes (“laterally symmetric”). Among mutations in known genes, we retrieved four alleles of the miRNA lsy-6 and a gain-of-function mutation in the 3′-UTR of a target of lsy-6, the cog-1 homeobox gene. Using newly found temperature-sensitive alleles of cog-1, we determined that a bistable feedback loop controlling ASEL vs. ASER fate, of which cog-1 is a component, is only transiently required to initiate but not to maintain ASEL and ASER fate. Taken together, our mutant screens identified a broad catalog of genes whose molecular characterization is expected to provide more insight into the complex genetic architecture of a left/right asymmetric neuronal cell fate decision."
4102445,25032706,"LIN-42, the Caenorhabditis elegans PERIOD homolog, Negatively Regulates MicroRNA Transcription",2014,[],0,"{'ASE': 42, 'che-1': 0, 'lsy-6': 21}",0.0,PLoS Genetics,10.1371/journal.pgen.1004486,"['Perales, Roberto', 'King, Dana M.', 'Aguirre-Chen, Cristina', 'Hammell, Christopher M.', 'Ruvkun, Gary']","During C. elegans development, microRNAs (miRNAs) function as molecular switches that define temporal gene expression and cell lineage patterns in a dosage-dependent manner. It is critical, therefore, that the expression of miRNAs be tightly regulated so that target mRNA expression is properly controlled. The molecular mechanisms that function to optimize or control miRNA levels during development are unknown. Here we find that mutations in lin-42, the C. elegans homolog of the circadian-related period gene, suppress multiple dosage-dependent miRNA phenotypes including those involved in developmental timing and neuronal cell fate determination. Analysis of mature miRNA levels in lin-42 mutants indicates that lin-42 functions to attenuate miRNA expression. Through the analysis of transcriptional reporters, we show that the upstream cis-acting regulatory regions of several miRNA genes are sufficient to promote highly dynamic transcription that is coupled to the molting cycles of post-embryonic development. Immunoprecipitation of LIN-42 complexes indicates that LIN-42 binds the putative cis-regulatory regions of both non-coding and protein-coding genes and likely plays a role in regulating their transcription. Consistent with this hypothesis, analysis of miRNA transcriptional reporters in lin-42 mutants indicates that lin-42 regulates miRNA transcription. Surprisingly, strong loss-of-function mutations in lin-42 do not abolish the oscillatory expression patterns of lin-4 and let-7 transcription but lead to increased expression of these genes. We propose that lin-42 functions to negatively regulate the transcriptional output of multiple miRNAs and mRNAs and therefore coordinates the expression levels of genes that dictate temporal cell fate with other regulatory programs that promote rhythmic gene expression."
5388422,28180320,TEG-1 CD2BP2 controls miRNA levels by regulating miRISC stability in C. elegans and human cells,2017,[],0,"{'ASE': 33, 'che-1': 0, 'lsy-6': 14}",0.0,Nucleic Acids Research,10.1093/nar/gkw836,"['Wang, Chris', 'Gupta, Pratyush', 'Fressigne, Lucile', 'Bossé, Gabriel D.', 'Wang, Xin', 'Simard, Martin J.', 'Hansen, Dave']","MiRNAs post-transcriptionally regulate gene expression by recruiting the miRNA-induced silencing complex (miRISC) to target mRNAs. However, the mechanisms by which miRISC components are maintained at appropriate levels for proper function are largely unknown. Here, we demonstrate that Caenorhabditis elegans TEG-1 regulates the stability of two miRISC effectors, VIG-1 and ALG-1, which in turn affects the abundance of miRNAs in various families. We demonstrate that TEG-1 physically interacts with VIG-1, and complexes with mature let-7 miRNA. Also, loss of teg-1 in vivo phenocopies heterochronic defects observed in let-7 mutants, suggesting the association of TEG-1 with miRISC is necessary for let-7 to function properly during development. Loss of TEG-1 function also affects the abundance and function of other microRNAs, suggesting that TEG-1\'s role is not specific to let-7. We further demonstrate that the human orthologs of TEG-1, VIG-1 and ALG-1 (CD2BP2, SERBP1/PAI-RBP1 and AGO2) are found in a complex in HeLa cells, and knockdown of CD2BP2 results in reduced miRNA levels; therefore, TEG-1\'s role in affecting miRNA levels and function is likely conserved. Together, these data demonstrate that TEG-1 CD2BP2 stabilizes miRISC and mature miRNAs, maintaining them at levels necessary to properly regulate target gene expression."
1461427,16547101,Searching for Neuronal Left/Right Asymmetry: Genomewide Analysis of Nematode Receptor-Type Guanylyl Cyclases,2006,[],0,"{'ASE': 0, 'che-1': 0, 'lsy-6': 0}",0.0,Genetics,10.1534/genetics.106.055749,"['Ortiz, Christopher O.', 'Etchberger, John F.', 'Posy, Shoshana L.', 'Frøkjær-Jensen, Christian', 'Lockery, Shawn', 'Honig, Barry', 'Hobert, Oliver']","Functional left/right asymmetry (“laterality”) is a fundamental feature of many nervous systems, but only very few molecular correlates to functional laterality are known. At least two classes of chemosensory neurons in the nematode Caenorhabditis elegans are functionally lateralized. The gustatory neurons ASE left (ASEL) and ASE right (ASER) are two bilaterally symmetric neurons that sense distinct chemosensory cues and express a distinct set of four known chemoreceptors of the guanylyl cyclase (gcy) gene family. To examine the extent of lateralization of gcy gene expression patterns in the ASE neurons, we have undertaken a genomewide analysis of all gcy genes. We report the existence of a total of 27 gcy genes encoding receptor-type guanylyl cyclases and of 7 gcy genes encoding soluble guanylyl cyclases in the complete genome sequence of C. elegans. We describe the expression pattern of all previously uncharacterized receptor-type guanylyl cyclases and find them to be highly biased but not exclusively restricted to the nervous system. We find that >41% (11/27) of all receptor-type guanylyl cyclases are expressed in the ASE gustatory neurons and that one-third of all gcy genes (9/27) are expressed in a lateral, left/right asymmetric manner in the ASE neurons. The expression of all laterally expressed gcy genes is under the control of a gene regulatory network composed of several transcription factors and miRNAs. The complement of gcy genes in the related nematode C. briggsae differs from C. elegans as evidenced by differences in chromosomal localization, number of gcy genes, and expression patterns. Differences in gcy expression patterns in the ASE neurons of C. briggsae arise from a difference in cis-regulatory elements and trans-acting factors that control ASE laterality. In sum, our results indicate the existence of a surprising multitude of putative chemoreceptors in the gustatory ASE neurons and suggest the existence of a substantial degree of laterality in gustatory signaling mechanisms in nematodes."
3879703,24296782,You are what you eat: multifaceted functions of autophagy during C. elegans development,2014,"['autophagy', 'scaffold protein', 'aggrephagy', 'lipophagy', 'c. elegans']",0,"{'ASE': 0, 'che-1': 0, 'lsy-6': 0}",0.0,Cell Research,10.1038/cr.2013.154,"['Yang, Peiguo', 'Zhang, Hong']","Autophagy involves the sequestration of a portion of the cytosolic contents in an enclosed double-membrane autophagosomal structure and its subsequent delivery to lysosomes for degradation. Autophagy activity functions in multiple biological processes during Caenorhabditis elegans development. The basal level of autophagy in embryos removes aggregate-prone proteins, paternal mitochondria and spermatid-specific membranous organelles (MOs). Autophagy also contributes to the efficient removal of embryonic apoptotic cell corpses by promoting phagosome maturation. During larval development, autophagy modulates miRNA-mediated gene silencing by selectively degrading AIN-1, a component of miRNA-induced silencing complex, and thus participates in the specification of multiple cell fates controlled by miRNAs. During development of the hermaphrodite germline, autophagy acts coordinately with the core apoptotic machinery to execute genotoxic stress-induced germline cell death and also cell death when caspase activity is partially compromised. Autophagy is also involved in the utilization of lipid droplets in the aging process in adult animals. Studies in C. elegans provide valuable insights into the physiological functions of autophagy in the development of multicellular organisms."
3410857,22876200,"The MicroRNA mir-71 Inhibits Calcium Signaling by Targeting the TIR-1/Sarm1 Adaptor Protein to Control Stochastic L/R Neuronal Asymmetry in C. elegans'], b'miRNA and Stochastic L/R Neuronal Asymmetry",2012,[],0,"{'ASE': 0, 'che-1': 0, 'lsy-6': 0}",0.0,PLoS Genetics,10.1371/journal.pgen.1002864,"['Hsieh, Yi-Wen', 'Chang, Chieh', 'Chuang, Chiou-Fen', 'Chisholm, Andrew D.']","The Caenorhabditis elegans left and right AWC olfactory neurons communicate to establish stochastic asymmetric identities, AWCON and AWCOFF, by inhibiting a calcium-mediated signaling pathway in the future AWCON cell. NSY-4/claudin-like protein and NSY-5/innexin gap junction protein are the two parallel signals that antagonize the calcium signaling pathway to induce the AWCON fate. However, it is not known how the calcium signaling pathway is downregulated by nsy-4 and nsy-5 in the AWCON cell. Here we identify a microRNA, mir-71, that represses the TIR-1/Sarm1 adaptor protein in the calcium signaling pathway to promote the AWCON identity. Similar to tir-1 loss-of-function mutants, overexpression of mir-71 generates two AWCON neurons. tir-1 expression is downregulated through its 3′ UTR in AWCON, in which mir-71 is expressed at a higher level than in AWCOFF. In addition, mir-71 is sufficient to inhibit tir-1 expression in AWC through the mir-71 complementary site in the tir-1 3′ UTR. Our genetic studies suggest that mir-71 acts downstream of nsy-4 and nsy-5 to promote the AWCON identity in a cell autonomous manner. Furthermore, the stability of mature mir-71 is dependent on nsy-4 and nsy-5. Together, these results provide insight into the mechanism by which nsy-4 and nsy-5 inhibit calcium signaling to establish stochastic asymmetric AWC differentiation."
2811664,20040592,Neuron-type specific regulation of a 3′UTR through redundant and combinatorially acting cis-regulatory elements,2010,"['c. elegans', '3′utr', 'mirna', 'neuronal cell fate', 'cis-regulatory elements']",0,"{'ASE': 0, 'che-1': 0, 'lsy-6': 0}",0.0,RNA,10.1261/rna.1931510,"['Didiano, Dominic', 'Cochella, Luisa', 'Tursun, Baris', 'Hobert, Oliver']","3′ Untranslated region (UTR)-dependent post-transcriptional regulation has emerged as a critical mechanism of controlling gene expression in various physiological contexts, including cellular differentiation events. Here, we examine the regulation of the 3′UTR of the die-1 transcription factor in a single neuron of the nematode C. elegans. This 3′UTR shows the intriguing feature of being differentially regulated across the animal\'s left/right axis. In the left gustatory neuron, ASEL, in which DIE-1 protein is normally expressed in adult animals, the 3′UTR confers no regulatory information, while in the right gustatory neuron, ASER, where DIE-1 is normally not expressed, this 3′UTR confers negative regulatory information. Here, we systematically analyze the cis-regulatory architecture of the die-1 3′UTR using a transgenic, in vivo assay system. Through extensive mutagenesis and sequence insertions into heterologous 3′UTR contexts, we describe three 25-base-pair (bp) sequence elements that are both required and sufficient to mediate the ASER-specific down-regulation of the die-1 3′UTR. These three 25-bp sequence elements operate in both a redundant and combinatorial manner. Moreover, there are not only redundant elements within the die-1 3′UTR regulating its left/right asymmetric activity but asymmetric 3′UTR regulation is itself redundant with other regulatory mechanisms to achieve asymmetric DIE-1 protein expression and function in ASEL versus ASER. The features of 3′UTR regulation we describe here may apply to some of the vast number of genes in animal genomes whose expression is predicted to be regulated through their 3′UTR."
4335502,25671546,"Tissue Expression Pattern of PMK-2 p38 MAPK Is Established by the miR-58 Family in C. elegans'], b'Tissue Expression Established by the miR-58 Family",2015,[],0,"{'ASE': 28, 'che-1': 0, 'lsy-6': 2}",0.0,PLoS Genetics,10.1371/journal.pgen.1004997,"['Pagano, Daniel J.', 'Kingston, Elena R.', 'Kim, Dennis H.', 'Barsh, Gregory S.']","Analyses of gene expression profiles in evolutionarily diverse organisms have revealed a role for microRNAs in tuning tissue-specific gene expression. Here, we show that the relatively abundant and constitutively expressed miR-58 family of microRNAs sharply defines the tissue-specific expression of the broadly transcribed gene encoding PMK-2 p38 MAPK in Caenorhabditis elegans. Whereas PMK-2 functions redundantly with PMK-1 in the nervous system to regulate neuronal development and behavioral responses to pathogenic bacteria, the miR-58, miR-80, miR-81, and miR-82 microRNAs function redundantly to destabilize pmk-2 mRNA in non-neuronal cells with switch-like potency. Our data suggest a role for the miR-58 family in the establishment of neuronal-specific gene expression in C. elegans, and support a more general role for microRNAs in the establishment of tissue-specific gene expression."
4502811,25569839,Guidelines for monitoring autophagy in Caenorhabditis elegans,2015,"['autophagy', 'c. elegans', 'development', 'lc3', 'sqstm1', 'asel, ase left', 'aser, ase right', 'atg, autophagy-related', 'epg, ectopic pgl granules', 'er, endoplasmic reticulum', 'gfp, green fluorescent protein', 'lgg-1, lc3, gabarap and gate-16 family', 'mo, membranous organelle', 'pgl, p-granule abnormality', 'rer, rough endoplasmic reticulum', 'sqst, sequestosome related protein', 'tem, transmission electron microscopy']",0,"{'ASE': 73, 'che-1': 0, 'lsy-6': 5}",0.0,Autophagy,10.1080/15548627.2014.1003478,"['Zhang, Hong', 'Chang, Jessica T', 'Guo, Bin', 'Hansen, Malene', 'Jia, Kailiang', 'Kovács, Attila L', 'Kumsta, Caroline', 'Lapierre, Louis R', 'Legouis, Renaud', 'Lin, Long', 'Lu, Qun', 'Meléndez, Alicia', ""O\\'Rourke, Eyleen J"", 'Sato, Ken', 'Sato, Miyuki', 'Wang, Xiaochen', 'Wu, Fan']","The cellular recycling process of autophagy has been extensively characterized with standard assays in yeast and mammalian cell lines. In multicellular organisms, numerous external and internal factors differentially affect autophagy activity in specific cell types throughout the stages of organismal ontogeny, adding complexity to the analysis of autophagy in these metazoans. Here we summarize currently available assays for monitoring the autophagic process in the nematode C. elegans. A combination of measuring levels of the lipidated Atg8 ortholog LGG-1, degradation of well-characterized autophagic substrates such as germline P granule components and the SQSTM1/p62 ortholog SQST-1, expression of autophagic genes and electron microscopy analysis of autophagic structures are presently the most informative, yet steady-state, approaches available to assess autophagy levels in C. elegans. We also review how altered autophagy activity affects a variety of biological processes in C. elegans such as L1 survival under starvation conditions, dauer formation, aging, and cell death, as well as neuronal cell specification. Taken together, C. elegans is emerging as a powerful model organism to monitor autophagy while evaluating important physiological roles for autophagy in key developmental events as well as during adulthood."
2766936,19589887,Rapid Sequence Evolution of Transcription Factors Controlling Neuron Differentiation in Caenorhabditis,2009,"['caenorhabditis', 'transcription factors', 'nucleotide variation', 'molecular evolution', 'chemosensory genes', 'neurons']",0,"{'ASE': 0, 'che-1': 0, 'lsy-6': 0}",0.0,Molecular Biology and Evolution,10.1093/molbev/msp142,"['Jovelin, Richard']","Whether phenotypic evolution proceeds predominantly through changes in regulatory sequences is a controversial issue in evolutionary genetics. Ample evidence indicates that the evolution of gene regulatory networks via changes in cis-regulatory sequences is an important determinant of phenotypic diversity. However, recent experimental work suggests that the role of transcription factor (TF) divergence in developmental evolution may be underestimated. In order to help understand what levels of constraints are acting on the coding sequence of developmental regulatory genes, evolutionary rates were investigated among 48 TFs required for neuronal development in Caenorhabditis elegans. Allelic variation was then sampled for 28 of these genes within a population of the related species Caenorhabditis remanei. Neuronal TFs are more divergent, both within and between species, than structural genes. TFs affecting different neuronal classes are under different levels of selective constraints. The regulatory genes controlling the differentiation of chemosensory neurons evolve particularly fast and exhibit higher levels of within- and between-species nucleotide variation than TFs required for the development of several neuronal classes and TFs required for motorneuron differentiation. The TFs affecting chemosensory neuron development are also more divergent than chemosensory genes expressed in the neurons they differentiate. These results illustrate that TFs are not as highly constrained as commonly thought and suggest that the role of divergence in developmental regulatory genes during the evolution of gene regulatory networks requires further attention."
2134938,18085825,Most Caenorhabditis elegans microRNAs Are Individually Not Essential for Development or Viability,2007,[],0,"{'ASE': 28, 'che-1': 0, 'lsy-6': 4}",0.0,PLoS Genetics,10.1371/journal.pgen.0030215,"['Miska, Eric A', 'Alvarez-Saavedra, Ezequiel', 'Abbott, Allison L', 'Lau, Nelson C', 'Hellman, Andrew B', 'McGonagle, Shannon M', 'Bartel, David P', 'Ambros, Victor R', 'Horvitz, H. Robert', 'McManus, Michael T']","MicroRNAs (miRNAs), a large class of short noncoding RNAs found in many plants and animals, often act to post-transcriptionally inhibit gene expression. We report the generation of deletion mutations in 87 miRNA genes in Caenorhabditis elegans, expanding the number of mutated miRNA genes to 95, or 83% of known C. elegans miRNAs. We find that the majority of miRNAs are not essential for the viability or development of C. elegans, and mutations in most miRNA genes do not result in grossly abnormal phenotypes. These observations are consistent with the hypothesis that there is significant functional redundancy among miRNAs or among gene pathways regulated by miRNAs. This study represents the first comprehensive genetic analysis of miRNA function in any organism and provides a unique, permanent resource for the systematic study of miRNAs."
2998328,20923973,"Maintenance of Neuronal Laterality in Caenorhabditis elegans Through MYST Histone Acetyltransferase Complex Components LSY-12, LSY-13 and LIN-49",2010,[],0,"{'ASE': 0, 'che-1': 0, 'lsy-6': 0}",0.0,Genetics,10.1534/genetics.110.123661,"[""O\\'Meara, M. Maggie"", 'Zhang, Feifan', 'Hobert, Oliver']","Left/right asymmetrically expressed genes permit an animal to perform distinct tasks with the right vs. left side of its brain. Once established during development, lateralized gene expression patterns need to be maintained during the life of the animal. We show here that a histone modifying complex, composed of the LSY-12 MYST-type histone acetyltransferase, the ING-family PHD domain protein LSY-13, and PHD/bromodomain protein LIN-49, is required to first initiate and then actively maintain lateralized gene expression in the gustatory system of the nematode Caenorhabditis elegans. Similar defects are observed upon postembryonic removal of two C2H2 zinc finger transcription factors, die-1 and che-1, demonstrating that a combination of transcription factors, which recognize DNA in a sequence-specific manner, and a histone modifying enzyme complex are responsible for inducing and maintaining neuronal laterality."
4702986,26669440,Casein kinase II promotes target silencing by miRISC through direct phosphorylation of the DEAD-box RNA helicase CGH-1,2015,"['microrna', 'casein kinase ii', 'phosphorylation', 'mirisc', 'cgh-1']",0,"{'ASE': 0, 'che-1': 0, 'lsy-6': 0}",0.0,Proceedings of the National Academy of Sciences of the United States of America,10.1073/pnas.1509499112,"['Alessi, Amelia F.', 'Khivansara, Vishal', 'Han, Ting', 'Freeberg, Mallory A.', 'Moresco, James J.', 'Tu, Patricia G.', 'Montoye, Eric', 'Yates, John R.', 'Karp, Xantha', 'Kim, John K.']","MicroRNAs (miRNAs) are critical regulators of diverse biological processes. Despite rapid advances in understanding miRNA biogenesis and function, a gap remains in our knowledge of how miRNA effector complex activity [miRNA-induced silencing complex (miRISC)] is modulated. Specifically, the importance of posttranslational protein modifications in controlling miRISC activity remains largely unexplored. Here, we characterize a previously unidentified role for the conserved serine/threonine kinase, casein kinase II (CK2), in promoting the miRNA pathway in Caenorhabditis elegans. Notably, we establish the requirement of CK2 for miRNA function and provide mechanistic evidence that loss of CK2 compromises miRISC binding to mRNA targets. Furthermore, we identify that the miRISC cofactor and DEAD-box RNA helicase, CGH-1/DDX6, is phosphorylated by CK2 at a conserved residue, which is required for CGH-1–mediated miRNA function."
3545480,18054394,Posttranscriptional control of neuronal development by microRNA networks,2007,[],0,"{'ASE': 0, 'che-1': 0, 'lsy-6': 0}",0.0,Trends in neurosciences,10.1016/j.tins.2007.10.004,"['Gao, Fen-Biao']","The proper development of the nervous system requires precise spatial and temporal control of gene expression at both the transcriptional and translational levels. In different experimental model systems, microRNAs (miRNAs) – a class of small, endogenous, noncoding RNAs that control the translation and stability of many mRNAs – are emerging as important regulators of various aspects of neuronal development. Further dissection of the in vivo physiological functions of individual miRNAs promises to offer novel mechanistic insights into the gene regulatory networks that ensure the precise assembly of a functional nervous system."
5836505,29499134,FUS Regulates Activity of MicroRNA-mediated Gene Silencing,2018,"['microrna', 'fus', 'gene silencing', 'argonaute', 'als', 'ftd']",0,"{'ASE': 0, 'che-1': 0, 'lsy-6': 0}",0.0,Molecular cell,10.1016/j.molcel.2018.02.001,"['Zhang, Tao', 'Wu, Yen-Ching', 'Mullane, Patrick', 'Ji, Yon Ju', 'Liu, Honghe', 'He, Lu', 'Arora, Amit', 'Hwang, Ho-Yon', 'Alessi, Amelia F.', 'Niaki, Amirhossein G.', 'Periz, Goran', 'Guo, Lin', 'Wang, Hejia', 'Elkayam, Elad', 'Joshua-Tor, Leemor', 'Myong, Sua', 'Kim, John', 'Shorter, James', 'Ong, Shao-En', 'Leung, Anthony K.L.', 'Wang, Jiou']","MicroRNA-mediated gene silencing is a fundamental mechanism in the regulation of gene expression. It remains unclear how the efficiency of RNA silencing could be influenced by RNA-binding proteins associated with the microRNA-induced silencing complex (miRISC). Here we report that Fused in sarcoma (FUS), an RNA-binding protein linked to neurodegenerative diseases including amyotrophic lateral sclerosis (ALS), interacts with the core miRISC component AGO2 and is required for optimal microRNA-mediated gene silencing. FUS promotes gene silencing by binding to microRNA and mRNA targets, as illustrated by its action on miR-200c and its target ZEB1. A truncated mutant form of FUS that leads its carriers to an aggressive form of ALS, R495X, impairs microRNA-mediated gene silencing. C. elegans homolog fust-1 also regulates the gene silencing pathways. Collectively, our results suggest a role for FUS in regulating the activity of microRNA-mediated silencing."
2895193,20595229,MicroRNAs and gene regulatory networks: managing the impact of noise in biological systems,2010,"['micrornas', 'noise', 'robustness', 'regulatory networks']",0,"{'ASE': 0, 'che-1': 0, 'lsy-6': 0}",0.0,Genes & Development,10.1101/gad.1937010,"['Herranz, Héctor', 'Cohen, Stephen M.']","Biological systems are continuously challenged by an environment that is variable. Yet, a key feature of developmental and physiological processes is their remarkable stability. This review considers how microRNAs contribute to gene regulatory networks that confer robustness."
5886366,29481550,Cell-type specific sequencing of microRNAs from complex animal tissues,2018,[],0,"{'ASE': 57, 'che-1': 2, 'lsy-6': 5}",6.281098735230212,Nature methods,10.1038/nmeth.4610,"['Alberti, Chiara', 'Manzenreither, Raphael A.', 'Sowemimo, Ivica', 'Burkard, Thomas R.', 'Wang, Jingkui', 'Mahofsky, Katharina', 'Ameres, Stefan L.', 'Cochella, Luisa']","MicroRNAs (miRNAs) play an essential role in the post-transcriptional regulation of animal development and physiology. However, in vivo studies aimed at linking miRNA-function to the biology of distinct cell types within complex tissues remain challenging, partly because in vivo miRNA-profiling methods lack cellular resolution. We report microRNome by methylation-dependent sequencing (mime-seq), an in vivo enzymatic small RNA-tagging approach that enables high-throughput sequencing of tissue- and cell-type-specific miRNAs in animals. The method combines cell-type-specific 3´-terminal 2´-O-methylation of animal miRNAs by a genetically encoded, plant-specific methyltransferase (HEN1), with chemoselective small RNA cloning and high-throughput sequencing. We show that mime-seq uncovers the miRNomes of specific cells within C. elegans and Drosophila at unprecedented specificity and sensitivity, enabling miRNA profiling with single-cell resolution in whole animals. Mime-seq overcomes current challenges in cell-type-specific small RNA profiling and provides novel entry points for understanding the function of miRNAs in spatially restricted physiological settings."
2683976,18719388,"Lessons from microRNA mutants in worms, flies and mice",2008,"['mirna', 'animal', 'knockout', 'mutant']",0,"{'ASE': 0, 'che-1': 0, 'lsy-6': 0}",0.0,"Cell cycle (Georgetown, Tex.)",10.4161/cc.7.16.6454,"['Smibert, Peter', 'Lai, Eric C.']","It is apparent that microRNAs (miRNAs) are important components in the regulation of genetic networks in many biological contexts. Based on computational analysis, typical miRNAs are inferred to have tens to hundreds of conserved targets. Many miRNA-target interactions have been validated by various means, including heterologous tests in cultured cells and gain-of-function approaches that can yield striking phenotypes in whole animals. However, these strategies do not report on the endogenous importance of such miRNA activities. Likewise, studies of miRNA pathway mutants can suggest an endogenous role for miRNAs in a given setting, but do not identify roles for specific miRNAs. Therefore, these approaches must be complemented with the analysis of miRNA mutant alleles. In this review, we describe some of the lessons learned from studying miRNA gene deletions in worms, flies and mice, and discuss their implications for the control of endogenous regulatory networks."
3643504,21977972,Temporal and spatial regulation of microRNA activity with photo-activatable cantimirs,2011,[],0,"{'ASE': 0, 'che-1': 0, 'lsy-6': 0}",0.0,ACS chemical biology,10.1021/cb200290e,"['Zheng, Genhua', 'Cochella, Luisa', 'Liu, Jie', 'Hobert, Oliver', 'Li, Wen-hong']","MicroRNAs (miRNAs) are small noncoding RNAs which play numerous important roles in physiology and human diseases. During animal development, many miRNAs are expressed continuously from early embryos throughout adults, yet it is unclear whether these miRNAs are actually required at all the stages of development. Current techniques of manipulating microRNA function lack the required spatial and temporal resolution to adequately address the functionality of a given microRNA at a specific time or at single-cell resolution. To examine stage- or cell-specific function of miRNA during development and to achieve precise control of miRNA activity, we have developed photo-activatable antisense oligonucleotides against miRNAs. These caged oligonucleotides can be activated with 365 nm light with extraordinarily high efficiency to release potent antisense reagents to inhibit miRNAs. Initial application of these caged antimirs in a model organism (C. elegans) revealed that the activity of a miRNA (lsy-6) is required specifically around the comma stage during embryonic development to control a left/right asymmetric differentiation program in the C.elegans nervous system. This suggests that a transient input of lsy-6 during development is sufficient to specify the neuronal cell fate. The modular design and the facile assembly of these caged antisense oligonucleotides should facilitate their applications in detailed functional analyses of miRNAs and their target genes."
3025287,20590453,Stochastic Mechanisms of Cell Fate Specification that Yield Random or Robust Outcomes,2010,"['bet-hedging', 'color vision', 'olfaction', 'spinal cord', 'lateral inhibition']",0,"{'ASE': 0, 'che-1': 0, 'lsy-6': 0}",0.0,Annual review of cell and developmental biology,10.1146/annurev-cellbio-100109-104113,"['Johnston, Robert J.', 'Desplan, Claude']","Although cell fate specification is tightly controlled to yield highly reproducible results and avoid extreme variation, developmental programs often incorporate stochastic mechanisms to diversify cell types. Stochastic specification phenomena are observed in a wide range of species and an assorted set of developmental contexts. In bacteria, stochastic mechanisms are utilized to generate transient subpopulations capable of surviving adverse environmental conditions. In vertebrate, insect, and worm nervous systems, stochastic fate choices are used to increase the repertoire of sensory and motor neuron subtypes. Random fate choices are also integrated into developmental programs controlling organogenesis. Although stochastic decisions can be maintained to produce a mosaic of fates within a population of cells, they can also be compensated for or directed to yield robust and reproducible outcomes."
4911249,27136279,"A map of terminal regulators of neuronal identity in Caenorhabditis elegans'], b'C. elegans neurodevelopment",2016,[],0,"{'ASE': 34, 'che-1': 0, 'lsy-6': 0}",0.0,Wiley Interdisciplinary Reviews. Developmental Biology,10.1002/wdev.233,"['Hobert, Oliver']","Our present day understanding of nervous system development is an amalgam of insights gained from studying different aspects and stages of nervous system development in a variety of invertebrate and vertebrate model systems, with each model system making its own distinctive set of contributions. One aspect of nervous system development that has been among the most extensively studied in the nematode Caenorhabditis elegans is the nature of the gene regulatory programs that specify hardwired, terminal cellular identities. I first summarize a number of maps (anatomical, functional, and molecular) that describe the terminal identity of individual neurons in the C. elegans nervous system. I then provide a comprehensive summary of regulatory factors that specify terminal identities in the nervous system, synthesizing these past studies into a regulatory map of cellular identities in the C. elegans nervous system. This map shows that for three quarters of all neurons in the C. elegans nervous system, regulatory factors that control terminal identity features are known. In‐depth studies of specific neuron types have revealed that regulatory factors rarely act alone, but rather act cooperatively in neuron‐type specific combinations. In most cases examined so far, distinct, biochemically unlinked terminal identity features are coregulated via cooperatively acting transcription factors, termed terminal selectors, but there are also cases in which distinct identity features are controlled in a piecemeal fashion by independent regulatory inputs. The regulatory map also illustrates that identity‐defining transcription factors are reemployed in distinct combinations in different neuron types. However, the same transcription factor can drive terminal differentiation in neurons that are unrelated by lineage, unrelated by function, connectivity and neurotransmitter deployment. Lastly, the regulatory map illustrates the preponderance of homeodomain transcription factors in the control of terminal identities, suggesting that these factors have ancient, phylogenetically conserved roles in controlling terminal neuronal differentiation in the nervous system. WIREs Dev Biol 2016, 5:474–498. doi: 10.1002/wdev.233"
2723065,19641012,"The C. elegans Tailless/TLX transcription factor nhr-67'], b' con': [b'ols neuronal identity and left/right asymmetric fate'], b' div': [b'sification",2009,"['c. elegans', 'left/right asymmetry', 'neuronal development', 'transcriptional regulation']",0,"{'ASE': 0, 'che-1': 0, 'lsy-6': 0}",0.0,"Development (Cambridge, England)",10.1242/dev.040204,"['Sarin, Sumeet', 'Antonio, Celia', 'Tursun, Baris', 'Hobert, Oliver']","An understanding of the molecular mechanisms of cell fate determination in'], b' the': [b'ervous system requires the elucidation of transcriptional regulatory', b'xpression of a sensory neuron-type-specific selector gene,', b'wo ASE neurons ASEL and ASER across the L/R axis by promoting ASER and'], b' pro': [b'ams that ultimately control neuron-type-specific gene expression', b'les. We show here that the C. elegans Tailless/TLX-type, orphan'], b' nuc': [b'ar receptor NHR-67 acts at several distinct steps to determine the'], b' ide': [b'ity and subsequent left/right (L/R) asymmetric subtype diversification of'], b' a c': [b'ss of gustatory neurons, the ASE neurons. nhr-67 controls'], b' sev': [b'al broad aspects of sensory neuron development and, in addition, triggers'], b' che-1, which encodes a zinc-finger transcription factor. Subsequent', b'ic>lsy-6. Besides controlling bilateral and asymmetric aspects of ASE'], b' to': [b's induction of overall ASE fate, nhr-67 diversifies the fate of'], b' inh': [b'iting ASEL fate. This function is achieved through direct expression'], b' act': [b'ation by nhr-67 of the Nkx6-type homeobox gene cog-1,'], b' an': [b'ducer of ASER fate, that is inhibited in ASEL through the miRNA'], b' dev': [b'opment, nhr-67 is also required for many other neurons of'], b' ill': [b'trating the broad and diverse use of this type of transcription factor in'], b' neu': [b""nal development."
2827681,20147373,Making a difference together: reciprocal interactions in C. elegans and zebrafish asymmetric neural development,2010,"['c. elegans', 'left-right asymmetry', 'zebrafish']",0,"{'ASE': 0, 'che-1': 0, 'lsy-6': 0}",0.0,"Development (Cambridge, England)",10.1242/dev.038695,"['Taylor, Robert W.', 'Hsieh, Yi-Wen', 'Gamse, Joshua T.', 'Chuang, Chiou-Fen']","Brain asymmetries are thought to increase neural processing capacity and to prevent interhemispheric conflict. In order to develop asymmetrically, neurons must be specified along the left-right axis, assigned left-side versus right-side identities and differentiate appropriately. In C. elegans and zebrafish, the cellular and molecular mechanisms that lead to neural asymmetries have recently come to light. Here, we consider recent insights into the mechanisms involved in asymmetrical neural development in these two species. Although the molecular details are divergent, both organisms use iterative cell-cell communication to establish left-right neuronal identity."
4082684,24908490,"Dynamic encoding of perception, memory and movement in a C. elegans chemotaxis circuit",2014,[],0,"{'ASE': 0, 'che-1': 0, 'lsy-6': 0}",0.0,Neuron,10.1016/j.neuron.2014.05.010,"['Luo, Linjiao', 'Wen, Quan', 'Ren, Jing', 'Hendricks, Michael', 'Gershow, Marc', 'Qin, Yuqi', 'Greenwood, Joel', 'Soucy, Ed', 'Klein, Mason', 'Smith-Parker, Heidi K.', 'Calvo, Ana C.', 'Colón-Ramos, Daniel A.', 'Samuel, Aravinthan', 'Zhang, Yun']","Brain circuits endow behavioral flexibility. Here, we study circuits encoding flexible chemotaxis in C. elegans, where the animal navigates up or down NaCl gradients (positive or negative chemotaxis) to reach the salt concentration of previous growth (the setpoint). The ASER sensory neuron mediates positive and negative chemotaxis by regulating the frequency and direction of reorientation movements in response to salt gradients. Both salt gradients and setpoint memory are encoded in ASER temporal activity patterns. Distinct temporal activity patterns in interneurons immediately downstream of ASER encode chemotactic movement decisions. Different interneuron combinations regulate positive vs. negative chemotaxis. We conclude that sensorimotor pathways are segregated immediately after the primary sensory neuron in the chemotaxis circuit, and sensory representation is rapidly transformed to motor representation at the first interneuron layer. Our study reveals compact encoding of perception, memory, and locomotion in an experience-dependent navigational behavior in C. elegans."
2867316,20431118,The Groucho ortholog UNC-37 interacts with the short Groucho-like protein LSY-22 to control developmental decisions in C. elegans,2010,"['c. elegans', 'left/right asymmetry', 'neuronal development', 'transcriptional control']",0,"{'ASE': 0, 'che-1': 0, 'lsy-6': 0}",0.0,"Development (Cambridge, England)",10.1242/dev.046219,"['Flowers, Eileen B.', 'Poole, Richard J.', 'Tursun, Baris', 'Bashllari, Enkelejda', ""Pe\\'er, Itsik"", 'Hobert, Oliver']","Transcriptional co-repressors of the Groucho/TLE family are important regulators of development in many species. A subset of Groucho/TLE family members that lack the C-terminal WD40 domains have been proposed to act as dominant-negative regulators of Groucho/TLE proteins, yet such a role has not been conclusively proven. Through a mutant screen for genes controlling a left/right asymmetric cell fate decision in the nervous system of the nematode C. elegans, we have retrieved loss-of-function alleles in two distinct loci that display identical phenotypes in neuronal fate specification and in other developmental contexts. Using the novel technology of whole-genome sequencing, we find that these loci encode the C. elegans ortholog of Groucho, UNC-37, and, surprisingly, a short Groucho-like protein, LSY-22, that is similar to truncated Groucho proteins in other species. Besides their phenotypic similarities, unc-37 and lsy-22 show genetic interactions and UNC-37 and LSY-22 proteins also physically bind to each other in vivo. Our findings suggest that rather than acting as negative regulators of Groucho, small Groucho-like proteins may promote Groucho function. We propose that Groucho-mediated gene regulatory events involve heteromeric complexes of distinct Groucho-like proteins."
2685964,19060335,Cis-regulatory mechanisms of left/right asymmetric neuron-subtype specification in C. elegans,2009,"['c. elegans', 'neuronal development', 'left/right asymmetry', 'transcriptional regulation']",0,"{'ASE': 0, 'che-1': 0, 'lsy-6': 0}",0.0,"Development (Cambridge, England)",10.1242/dev.030064,"['Etchberger, John F.', 'Flowers, Eileen B.', 'Poole, Richard J.', 'Bashllari, Enkelejda', 'Hobert, Oliver']","Anatomically and functionally defined neuron types are sometimes further classified into individual subtypes based on unique functional or molecular properties. To better understand how developmental programs controlling neuron type specification are mechanistically linked to programs controlling neuronal subtype specification, we have analyzed a neuronal subtype specification program that occurs across the left/right axis in the nervous system of the nematode C. elegans. A terminal selector transcription factor, CHE-1, is required for the specification of the ASE neuron class, and a gene regulatory feedback loop of transcription factors and miRNAs is required to diversify the two ASE neurons into an asymmetric left and right subtype (ASEL and ASER). However, the link between the CHE-1-dependent ASE neuron class specification and the ensuing left-right subtype specification program is poorly understood. We show here that CHE-1 has genetically separable functions in controlling bilaterally symmetric ASE neuron class specification and the ensuing left-right subtype specification program. Both neuron class specification and asymmetric subclass specification depend on CHE-1-binding sites (`ASE motifs\') in symmetrically and asymmetrically expressed target genes, but in the case of asymmetrically expressed target genes, the activity of the ASE motif is modulated through a diverse set of additional cis-regulatory elements. Depending on the target gene, these cis-regulatory elements either promote or inhibit the activity of CHE-1. The activity of these L/R asymmetric cis-regulatory elements is indirectly controlled by che-1 itself, revealing a feed-forward loop configuration in which che-1 restricts its own activity. Relative binding affinity of CHE-1 to ASE motifs also depends on whether a gene is expressed bilaterally or in a left/right asymmetric manner. Our analysis provides insights into the molecular mechanisms of neuronal subtype specification, demonstrating that the activity of a neuron type-specific selector gene is modulated by a variety of distinct means to diversify individual neuron classes into specific subclasses. It also suggests that feed-forward loop motifs may be a prominent feature of neuronal diversification events."
4116751,22118276,Dissection of Genetic Pathways in C. elegans,2011,[],0,"{'ASE': 0, 'che-1': 0, 'lsy-6': 0}",0.0,Methods in cell biology,10.1016/B978-0-12-544172-8.00005-0,"['Wang, Zheng', 'Sherwood, David R.']","With unique genetic and cell biological strengths, C. elegans has emerged as a powerful model system for studying many biological processes. These processes are regulated by complex genetic networks consisting of arrays of genes. Identifying those genes and organizing them into genetic pathways are two major steps towards understanding the mechanisms that regulate biological events. Forward genetic screens with various designs are a traditional approach for identifying candidate genes. The completion of the genome sequencing in C. elegans and the advent of high-throughput experimental techniques have led to the development of two additional powerful approaches: functional genomics and systems biology. Genes that are identified by all these approaches can be ordered into interacting pathways through a variety of strategies, involving genetics, cell biology, biochemistry and functional genomics, to gain a complete understanding of how gene regulatory networks control a particular biological process. The aim of this review is to provide an overview of the approaches available to identify and construct the genetic pathways using C. elegans."
2649505,19259264,"A Toolkit and Robust Pipeline for the Generation of Fosmid-Based Reporter Genes in C. elegans'], b'Fosmid Recombineering",2009,[],0,"{'ASE': 26, 'che-1': 4, 'lsy-6': 0}",0.0,PLoS ONE,10.1371/journal.pone.0004625,"['Tursun, Baris', 'Cochella, Luisa', 'Carrera, Inés', 'Hobert, Oliver', 'Hart, Anne C.']","Engineering fluorescent proteins into large genomic clones, contained within BACs or fosmid vectors, is a tool to visualize and study spatiotemporal gene expression patterns in transgenic animals. Because these reporters cover large genomic regions, they most likely capture all cis-regulatory information and can therefore be expected to recapitulate all aspects of endogenous gene expression. Inserting tags at the target gene locus contained within genomic clones by homologous recombination (“recombineering”) represents the most straightforward method to generate these reporters. In this methodology paper, we describe a simple and robust pipeline for recombineering of fosmids, which we apply to generate reporter constructs in the nematode C. elegans, whose genome is almost entirely covered in an available fosmid library. We have generated a toolkit that allows for insertion of fluorescent proteins (GFP, YFP, CFP, VENUS, mCherry) and affinity tags at specific target sites within fosmid clones in a virtually seamless manner. Our new pipeline is less complex and, in our hands, works more robustly than previously described recombineering strategies to generate reporter fusions for C. elegans expression studies. Furthermore, our toolkit provides a novel recombineering cassette which inserts a SL2-spliced intercistronic region between the gene of interest and the fluorescent protein, thus creating a reporter controlled by all 5′ and 3′ cis-acting regulatory elements of the examined gene without the direct translational fusion between the two. With this configuration, the onset of expression and tissue specificity of secreted, sub-cellular compartmentalized or short-lived gene products can be easily detected. We describe other applications of fosmid recombineering as well. The simplicity, speed and robustness of the recombineering pipeline described here should prompt the routine use of this strategy for expression studies in C. elegans."
4506282,26050091,LSY-2 is essential for maintaining the germ-soma distinction in C. elegans,2015,"['p granules', 'soma', 'lsy-2', 'c. elegans']",0,"{'ASE': 38, 'che-1': 0, 'lsy-6': 2}",0.0,Protein & Cell,10.1007/s13238-015-0173-1,"['Lin, Long', 'Li, Yuping', 'Yan, Libo', 'Zhang, Gangming', 'Zhao, Yu', 'Zhang, Hong']","The mechanisms that specify and maintain the characteristics of germ cells during animal development are poorly understood. In this study, we demonstrated that loss of function of the zinc-finger gene lsy-2 results in various somatic cells adopting germ cells characteristics, including expression of germline-specific P granules, enhanced RNAi activity and transgene silencing. The soma to germ transformation in lsy-2 mutants requires the activities of multiple chromatin remodeling complexes, including the MES-4 complex and the ISW-1 complex. The distinct germline-specific features in somatic cells and the gene expression profile indicate that LSY-2 acts in the Mec complex in this process. Our study demonstrated that lsy-2 functions in the maintenance of the soma-germ distinction."
2605794,18388284,Stochasticity and Cell Fate,2008,[],0,"{'ASE': 0, 'che-1': 0, 'lsy-6': 0}",0.0,"Science (New York, N.Y.)",10.1126/science.1147888,"['Losick, Richard', 'Desplan, Claude']","Fundamental to living cells is the capacity to differentiate into subtypes with specialized attributes. Understanding the way cells acquire their fates is a major challenge in developmental biology. How cells adopt a particular fate is usually thought of as being deterministic, and in the large majority of cases it is. That is, cells acquire their fate by virtue of their lineage or their proximity to an inductive signal from another cell. In some cases, however, and in organisms ranging from bacteria to humans, cells choose one or another pathway of differentiation stochastically without apparent regard to environment or history. Stochasticity has important mechanistic requirements as we discuss. We will also speculate on why stochasticity is advantageous, and even critical in some circumstances, to the individual, the colony, or the species."
3062262,21338882,Mir-17-3p Controls Spinal Neural Progenitor Patterning by Regulating Olig2/Irx3 Cross-repressive Loop,2011,"['microrna', 'embryonic stem cells', 'olig2', 'irx3', 'mir-17~92', 'motor neurons', 'neural patterning', 'interneuron', 'spinal cord', 'bistable loop', 'progenitor domain', 'spatial patterning', 'minor strand mirna', 'regulatory network']",0,"{'ASE': 0, 'che-1': 0, 'lsy-6': 0}",0.0,Neuron,10.1016/j.neuron.2011.01.014,"['Chen, Jun-An', 'Huang, Yuan-Ping', 'Mazzoni, Esteban O.', 'Tan, G. Christopher', 'Zavadil, Jiri', 'Wichterle, Hynek']",Neural patterning relies on transcriptional cross-repressive interactions that ensure unequivocal assignment of neural progenitor identity to proliferating cells. Progenitors of spinal motor neurons (pMN) and V2 interneurons (p2) are specified by a pair of cross-repressive transcription factors Olig2 and Irx3. Lineage tracing revealed that many p2 progenitors transiently express the pMN marker Olig2 during spinal cord development. Here we demonstrate that the repression of Olig2 in p2 domain is controlled by mir-17-3p microRNA-mediated silencing of Olig2 mRNA. Mice lacking all microRNAs or just the mir-17~92 cluster manifest a dorsal shift in pMN/p2 boundary and impairment in the production of V2 interneurons. Our findings suggest that microRNA-mediated repression of Olig2 mRNA plays a critical role during the patterning of ventral spinal progenitor domains by shifting the balance of cross-repressive interactions between Olig2 and Irx3 transcription factors.
8981590,35392413,Integration of Spatial and Temporal Patterning in the Invertebrate and Vertebrate Nervous System,2022,"['neuronal diversity', 'spatial patterning', 'temporal patterning', 'evolution of developmental mechanisms', 'fate specification', 'drosophila', 'vertebrates']",0,"{'ASE': 0, 'che-1': 0, 'lsy-6': 0}",0.0,Frontiers in Neuroscience,10.3389/fnins.2022.854422,"['Chen, Yen-Chung', 'Konstantinides, Nikolaos']","The nervous system is one of the most sophisticated animal tissues, consisting of thousands of interconnected cell types. How the nervous system develops its diversity from a few neural stem cells remains a challenging question. Spatial and temporal patterning mechanisms provide an efficient model through which diversity can be generated. The molecular mechanism of spatiotemporal patterning has been studied extensively in Drosophila melanogaster, where distinct sets of transcription factors define the spatial domains and temporal windows that give rise to different cell types. Similarly, in vertebrates, spatial domains defined by transcription factors produce different types of neurons in the brain and neural tube. At the same time, different cortical neuronal types are generated within the same cell lineage with a specific birth order. However, we still do not understand how the orthogonal information of spatial and temporal patterning is integrated into the progenitor and post-mitotic cells to combinatorially give rise to different neurons. In this review, after introducing spatial and temporal patterning in Drosophila and mice, we discuss possible mechanisms that neural progenitors may use to integrate spatial and temporal information. We finally review the functional implications of spatial and temporal patterning and conclude envisaging how small alterations of these mechanisms can lead to the evolution of new neuronal cell types."
2891055,20303342,MicroRNA dysregulation in psychiatric disease,2010,"['microrna', 'schizophrenia', 'bipolar disorder', 'nmda', 'mir-132']",0,"{'ASE': 0, 'che-1': 0, 'lsy-6': 0}",0.0,Brain research,10.1016/j.brainres.2010.03.035,"['Miller, Brooke H.', 'Wahlestedt, Claes']","MicroRNAs (miRNAs) are small regulatory RNAs that individually regulate up to several hundred genes, and collectively may regulate as much as two-thirds of the transcriptome. Recent evidence supports a role for miRNA dysregulation in psychiatric and neurological disorders, including schizophrenia, bipolar disorder, and autism. Small changes in miRNA expression can fine-tune the expression of multiple genes within a biological network, suggesting that miRNA dysregulation may underlie many of the molecular changes observed in psychiatric disease, and that therapeutic regulation of miRNA levels may represent a novel treatment option."
6028246,29967059,Recent Molecular Genetic Explorations of Caenorhabditis elegans MicroRNAs,2018,"['caenorhabditis elegans', 'microrna', 'argonaute', 'mirisc', 'mutant phenotypes', 'wormbook']",0,"{'ASE': 0, 'che-1': 0, 'lsy-6': 0}",0.0,Genetics,10.1534/genetics.118.300291,"['Ambros, Victor', 'Ruvkun, Gary']","MicroRNAs are small, noncoding RNAs that regulate gene expression at the post-transcriptional level in essentially all aspects of Caenorhabditis elegans biology. More than 140 genes that encode microRNAs in C. elegans regulate development, behavior, metabolism, and responses to physiological and environmental changes. Genetic analysis of C. elegans microRNA genes continues to enhance our fundamental understanding of how microRNAs are integrated into broader gene regulatory networks to control diverse biological processes, including growth, cell division, cell fate determination, behavior, longevity, and stress responses. As many of these microRNA sequences and the related processing machinery are conserved over nearly a billion years of animal phylogeny, the assignment of their functions via worm genetics may inform the functions of their orthologs in other animals, including humans. In vivo investigations are especially important for microRNAs because in silico extrapolation of their functions using mRNA target prediction programs can easily assign microRNAs to incorrect genetic pathways. At this mezzanine level of microRNA bioinformatic sophistication, genetic analysis continues to be the gold standard for pathway assignments."
3116913,21698137,"A Genome-Wide RNAi Screen for Factors Involved in Neuronal Specification in Caenorhabditis elegans'], b'Screen for Neuronal Fate Mutants",2011,[],0,"{'ASE': 353, 'che-1': 12, 'lsy-6': 35}",13.575003707138217,PLoS Genetics,10.1371/journal.pgen.1002109,"['Poole, Richard J.', 'Bashllari, Enkelejda', 'Cochella, Luisa', 'Flowers, Eileen B.', 'Hobert, Oliver', 'Mango, Susan E.']","One of the central goals of developmental neurobiology is to describe and understand the multi-tiered molecular events that control the progression of a fertilized egg to a terminally differentiated neuron. In the nematode Caenorhabditis elegans, the progression from egg to terminally differentiated neuron has been visually traced by lineage analysis. For example, the two gustatory neurons ASEL and ASER, a bilaterally symmetric neuron pair that is functionally lateralized, are generated from a fertilized egg through an invariant sequence of 11 cellular cleavages that occur stereotypically along specific cleavage planes. Molecular events that occur along this developmental pathway are only superficially understood. We take here an unbiased, genome-wide approach to identify genes that may act at any stage to ensure the correct differentiation of ASEL. Screening a genome-wide RNAi library that knocks-down 18,179 genes (94% of the genome), we identified 245 genes that affect the development of the ASEL neuron, such that the neuron is either not generated, its fate is converted to that of another cell, or cells from other lineage branches now adopt ASEL fate. We analyze in detail two factors that we identify from this screen: (1) the proneural gene hlh-14, which we find to be bilaterally expressed in the ASEL/R lineages despite their asymmetric lineage origins and which we find is required to generate neurons from several lineage branches including the ASE neurons, and (2) the COMPASS histone methyltransferase complex, which we find to be a critical embryonic inducer of ASEL/R asymmetry, acting upstream of the previously identified miRNA lsy-6. Our study represents the first comprehensive, genome-wide analysis of a single neuronal cell fate decision. The results of this analysis provide a starting point for future studies that will eventually lead to a more complete understanding of how individual neuronal cell types are generated from a single-cell embryo."
10592372,37438210,Maintenance of neuronal identity in C. elegans and beyond: lessons from transcription and chromatin factors,2024,"['neuronal identity', 'maintenance', 'transcription factors', 'terminal selectors', 'chromatin-modifying proteins', 'c. elegans', 'd. melanogaster', 'mus musculus']",0,"{'ASE': 0, 'che-1': 0, 'lsy-6': 0}",0.0,Seminars in cell & developmental biology,10.1016/j.semcdb.2023.07.001,"['Destain, Honorine', 'Prahlad, Manasa', 'Kratsios, Paschalis']","Neurons are remarkably long-lived, non-dividing cells that must maintain their functional features (e.g., electrical properties, chemical signaling) for extended periods of time – decades in humans. How neurons accomplish this incredible feat is poorly understood. Here, we review recent advances, primarily in the nematode C. elegans, that have enhanced our understanding of the molecular mechanisms that enable post-mitotic neurons to maintain their functionality across different life stages. We begin with “terminal selectors” - transcription factors necessary for the establishment and maintenance of neuronal identity. We highlight new findings on five terminal selectors (CHE-1 [Glass], UNC-3 [Collier/Ebf1-4], LIN-39 [Scr/Dfd/Hox4-5], UNC-86 [Acj6/Brn3a–c], AST-1 [Etv1/ER81]) from different transcription factor families (ZNF, COE, HOX, POU, ETS). We compare the functions of these factors in specific neuron types of C. elegans with the actions of their orthologs in other invertebrate (D. melanogaster) and vertebrate (M. musculus) systems, highlighting remarkable functional conservation. Finally, we reflect on recent findings implicating chromatin-modifying proteins, such as histone methyltransferases and Polycomb proteins, in the control of neuronal terminal identity. Altogether, these new studies on transcription factors and chromatin modifiers not only shed light on the fundamental problem of neuronal identity maintenance, but also outline mechanistic principles of gene regulation that may operate in other long-lived, post-mitotic cell types."
7704111,33002421,Combinatorial Action of Temporally Segregated Transcription Factors,2020,"['competence', 'priming', 'transcription factors', 'combinatorial transcription', 'neuronal asymmetry', 'neuron diversification', 'c.\xa0elegans', 'mirna', 'epigenetics', 't-box']",0,"{'ASE': 179, 'che-1': 55, 'lsy-6': 180}",18.15414912414666,Developmental Cell,10.1016/j.devcel.2020.09.002,"['Charest, Julien', 'Daniele, Thomas', 'Wang, Jingkui', 'Bykov, Aleksandr', 'Mandlbauer, Ariane', 'Asparuhova, Mila', 'Röhsner, Josef', 'Gutiérrez-Pérez, Paula', 'Cochella, Luisa']","Combinatorial action of transcription factors (TFs) with partially overlapping expression is a widespread strategy to generate novel gene-expression patterns and, thus, cellular diversity. Known mechanisms underlying combinatorial activity require co-expression of TFs within the same cell. Here, we describe the mechanism by which two TFs that are never co-expressed generate a new, intersectional expression pattern in C. elegans embryos: lineage-specific priming of a gene by a transiently expressed TF generates a unique intersection with a second TF acting on the same gene four cell divisions later; the second TF is expressed in multiple cells but only activates transcription in those where priming occurred. Early induction of active transcription is necessary and sufficient to establish a competent state, maintained by broadly expressed regulators in the absence of the initial trigger. We uncover additional cells diversified through this mechanism. Our findings define a mechanism for combinatorial TF activity with important implications for generation of cell-type diversity."
3233726,21737278,Notch-dependent induction of left/right asymmetry in C. elegans interneurons and motoneurons,2011,[],0,"{'ASE': 0, 'che-1': 0, 'lsy-6': 0}",0.0,Current biology : CB,10.1016/j.cub.2011.06.016,"['Bertrand, Vincent', 'Bisso, Paul', 'Poole, Richard J.', 'Hobert, Oliver']","Although invertebrate and vertebrate nervous systems are largely bilateral symmetric on a structural level, they display striking degrees of functional left/right (L/R) asymmetry. In Caenorhabditis elegans two structurally symmetric pairs of sensory neurons, ASE and AWC display distinct types of functional L/R asymmetry (stereotyped vs. stochastic asymmetry), which are controlled by distinct molecular mechanisms [1–3]. Beyond these two cases, the extent of neuronal asymmetry in the C. elegans nervous system and the types and diversities of mechanisms that control other potential asymmetries remain to be determined. Here, we report that the Beta3/Olig-type bHLH transcription factor hlh-16 is L/R asymmetrically expressed in several distinct, otherwise bilaterally symmetric interneuron and motoneuron pairs. These neuron pairs are part of a known circuit controlling C. elegans navigation. We find that hlh-16 asymmetry is generated during gastrulation by an asymmetric LAG-2/Delta signal originating from the mesoderm. This signal promotes hlh-16 expression in neurons on the left side through direct binding of the Notch effector LAG-1/Su(H)/CBF to a cis-regulatory element in the hlh-16 locus. Through the removal of hlh-16 we reveal an unanticipated asymmetry in the ability of the axons of the AIY interneurons to extend into the nerve ring, with the left AIY axon requiring elevated hlh-16 expression for correct extension. Taken together, our study suggests that the extent of molecular L/R asymmetry in the C. elegans nervous system is broader than previously anticipated, it establishes a novel signaling mechanism that crosses germ layers to diversify bilaterally symmetric neuronal lineages, and reveals L/R asymmetric control of axonal outgrowth of bilaterally symmetric neurons."
2800226,19875417,Single-cell transcriptional analysis of taste sensory neuron pair in Caenorhabditis elegans,2010,[],0,"{'ASE': 263, 'che-1': 17, 'lsy-6': 9}",11.615879654697038,Nucleic Acids Research,10.1093/nar/gkp868,"['Takayama, Jun', 'Faumont, Serge', 'Kunitomo, Hirofumi', 'Lockery, Shawn R.', 'Iino, Yuichi']","The nervous system is composed of a wide variety of neurons. A description of the transcriptional profiles of each neuron would yield enormous information about the molecular mechanisms that define morphological or functional characteristics. Here we show that RNA isolation from single neurons is feasible by using an optimized mRNA tagging method. This method extracts transcripts in the target cells by co-immunoprecipitation of the complexes of RNA and epitope-tagged poly(A) binding protein expressed specifically in the cells. With this method and genome-wide microarray, we compared the transcriptional profiles of two functionally different neurons in the main C. elegans gustatory neuron class ASE. Eight of the 13 known subtype-specific genes were successfully detected. Additionally, we identified nine novel genes including a receptor guanylyl cyclase, secreted proteins, a TRPC channel and uncharacterized genes conserved among nematodes, suggesting the two neurons are substantially different than previously thought. The expression of these novel genes was controlled by the previously known regulatory network for subtype differentiation. We also describe unique motif organization within individual gene groups classified by the expression patterns in ASE. Our study paves the way to the complete catalog of the expression profiles of individual C. elegans neurons."
4937315,27095199,Poly(A)-binding proteins are required for microRNA-mediated silencing and to promote target deadenylation in C. elegans,2016,[],0,"{'ASE': 45, 'che-1': 0, 'lsy-6': 15}",0.0,Nucleic Acids Research,10.1093/nar/gkw276,"['Flamand, Mathieu N.', 'Wu, Edlyn', 'Vashisht, Ajay', 'Jannot, Guillaume', 'Keiper, Brett D.', 'Simard, Martin J.', 'Wohlschlegel, James', 'Duchaine, Thomas F.']","Cytoplasmic poly(A)-binding proteins (PABPs) link mRNA 3′ termini to translation initiation factors, but they also play key roles in mRNA regulation and decay. Reports from mice, zebrafish and Drosophila further involved PABPs in microRNA (miRNA)-mediated silencing, but through seemingly distinct mechanisms. Here, we implicate the two Caenorhabditis elegans PABPs (PAB-1 and PAB-2) in miRNA-mediated silencing, and elucidate their mechanisms of action using concerted genetics, protein interaction analyses, and cell-free assays. We find that C. elegans PABPs are required for miRNA-mediated silencing in embryonic and larval developmental stages, where they act through a multi-faceted mechanism. Depletion of PAB-1 and PAB-2 results in loss of both poly(A)-dependent and -independent translational silencing. PABPs accelerate miRNA-mediated deadenylation, but this contribution can be modulated by 3′UTR sequences. While greater distances with the poly(A) tail exacerbate dependency on PABP for deadenylation, more potent miRNA-binding sites partially suppress this effect. Our results refine the roles of PABPs in miRNA-mediated silencing and support a model wherein they enable miRNA-binding sites by looping the 3′UTR poly(A) tail to the bound miRISC and deadenylase."
3144738,21624898,A growing molecular toolbox for the functional analysis of microRNAs in Caenorhabditis elegans,2011,"['microrna', 'caenorhabditis elegans', 'mirna inhibitors', 'antisense 2′-o-methyl oligoribonucleotides']",0,"{'ASE': 0, 'che-1': 0, 'lsy-6': 0}",0.0,Briefings in Functional Genomics,10.1093/bfgp/elr012,"['Jo, Jeanyoung', 'Esquela-Kerscher, Aurora']","With the growing number of microRNAs (miRNAs) being identified each year, more innovative molecular tools are required to efficiently characterize these small RNAs in living animal systems. Caenorhabditis elegans is a powerful model to study how miRNAs regulate gene expression and control diverse biological processes during development and in the adult. Genetic strategies such as large-scale miRNA deletion studies in nematodes have been used with limited success since the majority of miRNA genes do not exhibit phenotypes when individually mutated. Recent work has indicated that miRNAs function in complex regulatory networks with other small RNAs and protein-coding genes, and therefore the challenge will be to uncover these functional redundancies. The use of miRNA inhibitors such as synthetic antisense 2′-O-methyl oligoribonucleotides is emerging as a promising in vivo approach to dissect out the intricacies of miRNA regulation."
5743440,28940676,Asymmetric development of the nervous system,2017,"['asymmetry', 'human', 'rodent', 'zebrafish', 'drosophila', 'chicken', 'c. elegans']",0,"{'ASE': 0, 'che-1': 0, 'lsy-6': 0}",0.0,Developmental dynamics : an official publication of the American Association of Anatomists,10.1002/dvdy.24595,"['Alqadah, Amel', 'Hsieh, Yi-Wen', 'Morrissey, Zachery D.', 'Chuang, Chiou-Fen']","The human nervous system consists of seemingly symmetric left and right halves. However, closer observation of the brain reveals anatomical and functional lateralization. Defects in brain asymmetry correlate with several neurological disorders, yet our understanding of the mechanisms used to establish lateralization in the human central nervous system is extremely limited. Here, we review left-right asymmetries within the nervous system of humans and several model organisms, including rodents, zebrafish, chickens, Xenopus, Drosophila, and the nematode Caenorhabditis elegans. Comparing and contrasting mechanisms used to develop left-right asymmetry in the nervous system can provide insight into how the human brain is lateralized."
3311396,22396595,The mevalonate pathway regulates microRNA activity in Caenorhabditis elegans,2012,[],0,"{'ASE': 0, 'che-1': 0, 'lsy-6': 0}",0.0,Proceedings of the National Academy of Sciences of the United States of America,10.1073/pnas.1202421109,"['Shi, Zhen', 'Ruvkun, Gary']","The mevalonate pathway is highly conserved and mediates the production of isoprenoids, which feed into biosynthetic pathways for sterols, dolichol, ubiquinone, heme, isopentenyl adenine, and prenylated proteins. We found that in Caenorhabditis elegans, the nonsterol biosynthetic outputs of the mevalonate pathway are required for the activity of microRNAs (miRNAs) in silencing their target mRNAs. Inactivation of genes that mediate multiple steps of the mevalonate pathway causes derepression of several miRNA target genes, with no disruption of the miRNA levels, suggesting a role in miRNA-induced silencing complex activity. Dolichol phosphate, synthesized from the mevalonate pathway, functions as a lipid carrier of the oligosaccharide moiety destined for protein N-linked glycosylation. Inhibition of the dolichol pathway of protein N-glycosylation also causes derepression of miRNA target mRNAs. The proteins that mediate miRNA repression are therefore likely to be regulated by N-glycosylation. Conversely, drugs such as statins, which inhibit the mevalonate pathway, may compromise miRNA repression as well as the more commonly considered cholesterol biosynthesis."
3917959,24563708,Decision making in C. elegans chemotaxis to alkaline pH,2013,"['c. elegans', 'alkalinity sensing', 'gcy-14', 'ocr-2', 'osm-9']",0,"{'ASE': 0, 'che-1': 0, 'lsy-6': 0}",0.0,Communicative & Integrative Biology,10.4161/cib.26633,"['Murayama, Takashi', 'Maruyama, Ichi N']","Monitoring of environmental and tissue pH is critical for animal survival. The nematode, Caenorhabditis elegans (C. elegans), is attracted to mildly alkaline pH, but avoids strongly alkaline pH. However, little is known about how the behavioral switching or decision making occurs. Genetic dissection and Ca2+ imaging have previously demonstrated that ASEL and ASH are the major sensory neurons responsible for attraction and repulsion, respectively. Here we report that unlike C. elegans wild type, mutants deficient in ASEL or ASH were repelled by mildly alkaline pH, or were attracted to strongly alkaline pH, respectively. These results suggest that signals through ASEL and ASH compete to determine the animal’s alkaline-pH chemotaxis. Furthermore, mutants with 2 ASEL neurons were more efficiently attracted to mildly alkaline pH than the wild type with a single ASEL neuron, indicating that higher activity of ASEL induces stronger attraction to mildly alkaline pH. This stronger attraction was overridden by normal activity of ASH, suggesting that ASH-mediated avoidance dominates ASEL-mediated attraction. Thus, C. elegans chemotactic behaviors to alkaline pH seems to be determined by signal strengths from the sensory neurons ASEL and ASH, and the behavior decision making seems to be the result of competition between the 2 sensory neurons."
5066611,27688400,Neuron type-specific miRNA represses two broadly expressed genes to modulate an avoidance behavior in C. elegans,2016,"['mirnas', 'cell identity', 'c. elegans', 'carbon dioxide']",0,"{'ASE': 0, 'che-1': 0, 'lsy-6': 0}",0.0,Genes & Development,10.1101/gad.287904.116,"['Drexel, Tanja', 'Mahofsky, Katharina', 'Latham, Richard', 'Zimmer, Manuel', 'Cochella, Luisa']","In this study, Drexel et al. research miRNA-mediated repression of broadly transcribed genes as a strategy for cellular specialization. They show that mir-791, expressed exclusively in the CO2-sensing neurons in C. elegans, represses two otherwise broadly expressed genes, which are needed for normal neuronal function and behavior of the animals toward CO2."
2730525,19523832,Lateralized gustatory behavior of C. elegans is controlled by specific receptor-type guanylyl cyclases,2009,[],0,"{'ASE': 0, 'che-1': 0, 'lsy-6': 0}",0.0,Current biology : CB,10.1016/j.cub.2009.05.043,"['Ortiz, Christopher O.', 'Faumont, Serge', 'Takayama, Jun', 'Ahmed, Heidi K.', 'Goldsmith, Andrew D.', 'Pocock, Roger', 'McCormick, Kathryn E.', 'Kunimoto, Hirofumi', 'Iino, Yuichi', 'Lockery, Shawn', 'Hobert, Oliver']","Even though functional lateralization is a predominant feature of many nervous systems, it is poorly understood how lateralized neural function is linked to lateralized gene activity. A bilaterally symmetric pair of gustatory neurons in the nematode C. elegans, ASEL and ASER, serves as a model to study the genetic basis of functional lateralization as this pair senses a number of chemicals in a left/right asymmetric manner. The extent of functional lateralization of the ASE neurons and genes responsible for the left/right asymmetric activity of ASEL/R are unknown."
4545498,26291158,Regulatory logic of pan-neuronal gene expression in C. elegans,2015,[],0,"{'ASE': 0, 'che-1': 0, 'lsy-6': 0}",0.0,Neuron,10.1016/j.neuron.2015.07.031,"['Stefanakis, Nikolaos', 'Carrera, Ines', 'Hobert, Oliver']","While neuronal cell types display an astounding degree of phenotypic diversity, most if not all neuron types share a core panel of terminal features. However, little is known about how pan-neuronal expression patterns are genetically programmed. Through an extensive analysis of the cis-regulatory control regions of a battery of pan-neuronal C.elegans genes, including genes involved in synaptic vesicle biology and neuropeptide signaling, we define a common organizational principle in the regulation of pan-neuronal genes in the form of a surprisingly complex array of seemingly redundant, parallel-acting cis-regulatory modules that direct expression to broad, overlapping domains throughout the nervous system. These parallel-acting cis-regulatory modules are responsive to a multitude of distinct trans-acting factors. Neuronal gene expression programs therefore fall into two fundamentally distinct classes. Neuron type-specific genes are generally controlled by discrete and non-redundantly acting regulatory inputs, while pan-neuronal gene expression is controlled by diverse, coincident and seemingly redundant regulatory inputs."
3529140,23201143,Early embryonic priming of a miRNA locus predetermines postmitotic neuronal left-right asymmetry in C. elegans,2012,[],0,"{'ASE': 0, 'che-1': 0, 'lsy-6': 0}",0.0,Cell,10.1016/j.cell.2012.10.049,"['Cochella, Luisa', 'Hobert, Oliver']","The mechanisms by which functional left/right asymmetry arises in morphologically symmetric nervous systems are poorly understood. Here we provide a mechanistic framework for how functional asymmetry in a postmitotic neuron pair is specified in C. elegans. A key feature of this mechanism is a temporally-separated, two-step activation of the lsy-6 miRNA locus. The lsy-6 locus is first “primed” by chromatin decompaction in the precursor for the left, but not the right neuron, several divisions before the neurons are born. lsy-6 expression is then “boosted” to functionally relevant levels several divisions later in the mother of the left neuron, through the activity of a bilaterally expressed transcription factor which can only activate lsy-6 in the primed neuron. This study shows how cells can become committed early in development to execute a specific fate much later in development and provides a conceptual framework for understanding the generation of neuronal diversity."
11398344,39282255,Evolution of lateralized gustation in nematodes,2025,"['calcium imaging', 'lateral asymmetry', 'chemosensory neurons', 'pristionchus pacificus']",0,"{'ASE': 133, 'che-1': 80, 'lsy-6': 5}",14.266252435627017,bioRxiv,10.1101/2024.08.31.610597,"['Mackie, Marisa', 'Le, Vivian Vy', 'Carstensen, Heather R.', 'Kushnir, Nicole R.', 'Castro, Dylan L.', 'Dimov, Ivan M.', 'Quach, Kathleen T.', 'Cook, Steven J.', 'Hobert, Oliver', 'Chalasani, Sreekanth H.', 'Hong, Ray L.']","Animals with small nervous systems have a limited number of sensory neurons that must encode information from a changing environment. This problem is particularly exacerbated in nematodes that populate a wide variety of distinct ecological niches but only have a few sensory neurons available to encode multiple modalities. How does sensory diversity prevail within this constraint in neuron number? To identify the genetic basis for patterning different nervous systems, we demonstrate that sensory neurons in Pristionchus pacificus respond to various salt sensory cues in a manner that is partially distinct from that of the distantly related nematode Caenorhabditis elegans. By visualizing neuronal activity patterns, we show that contrary to previous expectations based on its genome sequence, the salt responses of P. pacificus are encoded in a left/right asymmetric manner in the bilateral ASE neuron pair. Our study illustrates patterns of evolutionary stability and change in the gustatory system of nematodes."
2827633,20022236,Binary Fate Decisions in Differentiating Neurons,2010,[],0,"{'ASE': 0, 'che-1': 0, 'lsy-6': 0}",0.0,Current opinion in neurobiology,10.1016/j.conb.2009.11.002,"['Jukam, David', 'Desplan, Claude']","Neural cell fate programs must generate an enormous number of neurons with distinct adult functions. The decision to choose one neuronal subtype from two alternatives--a binary fate decision--is one way to diversify neuronal subtypes during nervous system development. Recent progress has been made in describing the genetic programs that define late-stage neuronal identity. Here, we review mechanisms that control how such fate decisions generate two different post-mitotic, terminally differentiated neuronal subtypes. We survey examples from C. elegans and Drosophila that demonstrate different modes of binary neuronal fate specification that depend on cell division, lineage, stochastic gene expression, or extracellular signals. Comparison of these strategies reveals that, although organisms use diverse approaches to generate neural diversity, some common themes do exist."
1194938,16099833,MicroRNAs acting in a double-negative feedback loop to control a neuronal cell fate decision,2005,"['left/right asymmetry', 'bistable', 'network motif', 'regulatory rna', 'cellular diversification']",0,"{'ASE': 0, 'che-1': 0, 'lsy-6': 0}",0.0,Proceedings of the National Academy of Sciences of the United States of America,10.1073/pnas.0505530102,"['Johnston, Robert J.', 'Chang, Sarah', 'Etchberger, John F.', 'Ortiz, Christopher O.', 'Hobert, Oliver']","The elucidation of the architecture of gene regulatory networks that control cell-type specific gene expression programs represents a major challenge in developmental biology. We describe here a cell fate decision between two alternative neuronal fates and the architecture of a gene regulatory network that controls this cell fate decision. The two Caenorhabditis elegans taste receptor neurons “ASE left” (ASEL) and “ASE right” (ASER) share many bilaterally symmetric features, but each cell expresses a distinct set of chemoreceptors that endow the gustatory system with the capacity to sense and discriminate specific environmental inputs. We show that these left/right asymmetric fates develop from a precursor state in which both ASE neurons express equivalent features. This hybrid precursor state is unstable and transitions into the stable ASEL or ASER terminal end state. Although this transition is spatially stereotyped in wild-type animals, mutant analysis reveals that each cell has the potential to transition into either the ASEL or ASER stable end state. The stability and irreversibility of the terminal differentiated state is ensured by the interactions of two microRNAs (miRNAs) and their transcription factor targets in a double-negative feedback loop. Simple feedback loops are found as common motifs in many gene regulatory networks, but the loop described here is unusually complex and involves miRNAs. The interaction of miRNAs in double-negative feedback loops may not only be a means for miRNAs to regulate their own expression but may also represent a general paradigm for how terminal cell fates are selected and stabilized."
4311750,19106630,Transcriptional control of microRNA expression in C. elegans,2009,"['microrna', 'mirna', 'pri-mirna', 'transcription', 'promoter', 'pol ii']",0,"{'ASE': 0, 'che-1': 0, 'lsy-6': 0}",0.0,RNA biology,10.4161/rna.6.1.7574,"['Turner, Michael J.', 'Slack, Frank J.']","Transcriptional regulation of microRNA (miRNA) expression is one of the least understood aspects of miRNA biogenesis. In C. elegans the list of miRNAs whose transcriptional control has been described in some detail is currently limited to four: let-7, lin-4, lsy-6, and mir-61. Each of these genes has been shown experimentally to be transcriptionaly regulated by cis- and/or trans-acting factors that either promote or inhibit expression. Additionally, computational methods based on conservation among miRNA genes have yielded predicted regulatory sequences in C. elegans that may function to regulate miRNA expression on a genome-wide scale."
3779813,24065887,microRNA function in left-right neuronal asymmetry: perspectives from C. elegans,2013,"['microrna', 'neuronal asymmetry', 'sensory neurons', 'calcium signaling', 'c. elegans']",0,"{'ASE': 62, 'che-1': 3, 'lsy-6': 20}",8.432309899898751,Frontiers in Cellular Neuroscience,10.3389/fncel.2013.00158,"['Alqadah, Amel', 'Hsieh, Yi-Wen', 'Chuang, Chiou-Fen']","Left–right asymmetry in anatomical structures and functions of the nervous system is present throughout the animal kingdom. For example, language centers are localized in the left side of the human brain, while spatial recognition functions are found in the right hemisphere in the majority of the population. Disruption of asymmetry in the nervous system is correlated with neurological disorders. Although anatomical and functional asymmetries are observed in mammalian nervous systems, it has been a challenge to identify the molecular basis of these asymmetries. C. elegans has emerged as a prime model organism to investigate molecular asymmetries in the nervous system, as it has been shown to display functional asymmetries clearly correlated to asymmetric distribution and regulation of biologically relevant molecules. Small non-coding RNAs have been recently implicated in various aspects of neural development. Here, we review cases in which microRNAs are crucial for establishing left–right asymmetries in the C. elegans nervous system. These studies may provide insight into how molecular and functional asymmetries are established in the human brain."
4050152,24769883,A molecular link between distinct neuronal asymmetries,2014,"['neuronal asymmetry', 'nematode', 'directional', 'stochastic', 'die-1', 'transcription factor', 'calcium signaling', 'gap junctions', 'microrna', 'notch signaling']",0,"{'ASE': 0, 'che-1': 0, 'lsy-6': 0}",0.0,Cell Cycle,10.4161/cc.29010,"['Alqadah, Amel', 'Hsieh, Yi-Wen', 'Chuang, Chiou-Fen']",NA
2729318,18852696,Biological principles of microRNA-mediated regulation: shared themes amid diversity,2008,[],0,"{'ASE': 0, 'che-1': 0, 'lsy-6': 0}",0.0,Nature reviews. Genetics,10.1038/nrg2455,"['Flynt, Alex S.', 'Lai, Eric C.']","Regulation of gene activity by microRNAs is critical to myriad aspects of eukaryotic development and physiology. Amidst an extensive regulatory web that is predicted to involve thousands of transcripts, emergent themes are now beginning to illustrate how microRNAs have been incorporated into diverse settings. These include potent inhibition of individual key targets, fine-tuning of target activity, the coordinated regulation of target batteries, and the reversibility of some aspects of microRNA-mediated repression. Such themes may reflect some of the inherent advantages of exploiting microRNA control in biological circuits, and provide insight into the consequences of microRNA dysfunction in disease."
9378680,35835116,Temporally dynamic antagonism between transcription and chromatin compaction controls stochastic photoreceptor specification in the fly eye,2022,"['spineless', 'stochastic', 'eye', 'retina', 'drosophila', 'photoreceptor', 'enhancer', 'chromatin', 'klumpfuss', 'ash2', 'lid']",0,"{'ASE': 0, 'che-1': 0, 'lsy-6': 0}",0.0,Developmental cell,10.1016/j.devcel.2022.06.016,"['Voortman, Lukas', 'Anderson, Caitlin', 'Urban, Elizabeth', 'Yuan, Rongxin', 'Tran, Sang', 'Neuhaus-Follini, Alexandra', 'Derrick, Josh', 'Gregor, Thomas', 'Johnston, Robert J.']","Stochastic mechanisms diversify cell fates during development. How cells randomly choose between two or more fates remains poorly understood. In the Drosophila eye, the random mosaic of two R7 photoreceptor subtypes is determined by expression of the transcription factor Spineless (Ss). We investigated how cis-regulatory elements and trans factors regulate nascent transcriptional activity and chromatin compaction at the ss gene locus during R7 development. The ss locus is in a compact state in undifferentiated cells. An early enhancer drives transcription in all R7 precursors and the locus opens. In differentiating cells, transcription ceases and the ss locus stochastically remains open or compacts. In SsON R7s, ss is open and competent for activation by a late enhancer, whereas in SsOFF R7s, ss is compact and repression prevents expression. Our results suggest that a temporally dynamic antagonism, in which transcription drives large-scale decompaction and then compaction represses transcription, controls stochastic fate specification."
4656843,26635721,MicroRNAs: Not “Fine-Tuners” but Key Regulators of Neuronal Development and Function,2015,"['microrna', 'brain', 'neurogenesis', 'axon guidance']",0,"{'ASE': 63, 'che-1': 1, 'lsy-6': 7}",5.574908836057233,Frontiers in Neurology,10.3389/fneur.2015.00245,"['Davis, Gregory M.', 'Haas, Matilda A.', 'Pocock, Roger']","MicroRNAs (miRNAs) are a class of short non-coding RNAs that operate as prominent post-transcriptional regulators of eukaryotic gene expression. miRNAs are abundantly expressed in the brain of most animals and exert diverse roles. The anatomical and functional complexity of the brain requires the precise coordination of multilayered gene regulatory networks. The flexibility, speed, and reversibility of miRNA function provide precise temporal and spatial gene regulatory capabilities that are crucial for the correct functioning of the brain. Studies have shown that the underlying molecular mechanisms controlled by miRNAs in the nervous systems of invertebrate and vertebrate models are remarkably conserved in humans. We endeavor to provide insight into the roles of miRNAs in the nervous systems of these model organisms and discuss how such information may be used to inform regarding diseases of the human brain."
3830639,23978589,Tuning the cell fate of neurons and glia by microRNAs,2013,[],0,"{'ASE': 0, 'che-1': 0, 'lsy-6': 0}",0.0,Current opinion in neurobiology,10.1016/j.conb.2013.08.002,"['Bian, Shan', 'Xu, Tian-le', 'Sun, Tao']","The proper function of the nervous system depends on precise production and connection of distinct neurons and glia. Cell fate determination of neurons and glia is tightly controlled by complex gene expression regulation in the developing and adult nervous system. Emerging evidence has demonstrated the importance of noncoding microRNAs (miRNAs) in neural development and function. This review highlights current discoveries of miRNA functions in specifying neuronal and glial cell fate. We summarize the roles of miRNAs in expansion and differentiation of neural stem cells, specification of neuronal subtypes and glial cells, reprogramming of functional neurons from embryonic stem cells and fibroblasts, and left-right asymmetric organization of neuronal subtypes. Investigating the network of interactions between miRNAs and target genes will reveal new gene regulation machinery involved in tuning the cell fate decisions of neurons and glia."
4505732,22365740,Exploiting Drosophila genetics to understand microRNA function and regulation,2012,[],0,"{'ASE': 0, 'che-1': 0, 'lsy-6': 0}",0.0,Current topics in developmental biology,10.1016/B978-0-12-387038-4.00008-2,"['Dai, Qi', 'Smibert, Peter', 'Lai, Eric C.']","Although a great deal is known about the identity, biogenesis, and targeting capacity of microRNAs (miRNAs) in animal cells, far less is known about their functional requirements at the organismal level. Much remains to be understood about the necessity of miRNAs for overt phenotypes, the identity of critical miRNA targets, and the control of miRNA transcription. In this review, we provide an overview of genetic strategies to study miRNAs in the Drosophila system, including loss- and gain-of-function techniques, genetic interaction strategies, and transgenic reporters of miRNA expression and activity. As we illustrate the usage of these techniques in intact Drosophila, we see certain recurrent themes for miRNA functions, including energy homeostasis, apoptosis suppression, growth control, and regulation of core cell signaling pathways. Overall, we hope that this exposition of Drosophila genetic techniques, well-known to the legions of fly geneticists and used to study all genes, can inform the general miRNA community that focuses on other biochemical, molecular, computational, and structural avenues. Clearly, it is the combination of these myriad techniques that has accelerated miRNA research to its extraordinary pace."
3674441,23619095,Autophagy modulates miRNA-mediated gene silencing and selectively degrades AIN-1/GW182 in C. elegans,2013,"['argonaute', 'autophagy', 'c. elegans', 'gw182', 'mirna']",0,"{'ASE': 0, 'che-1': 0, 'lsy-6': 0}",0.0,EMBO Reports,10.1038/embor.2013.53,"['Zhang, Peipei', 'Zhang, Hong']","MicroRNAs (miRNAs) post-transcriptionally repress gene expression via the miRNA-induced silencing complex (miRISC), which includes miRNA, Argonaute and a GW182 family member. Here we show that in Caenorhabditis elegans, miRNA-mediated gene silencing is modulated by macroautophagy, a lysosome-mediated degradation process. Loss of autophagy activity suppresses developmental defects caused by partially impaired silencing of miRNA targets including the let-7 family and lsy-6. The C. elegans GW182 homolog AIN-1 is itself selectively degraded by autophagy and colocalizes with the p62 homolog SQST-1 in autophagy mutants. Thus, autophagy activity modulates miRNA-mediated gene silencing and degrades a core miRISC component."
3817937,24194469,Left-right asymmetry: lessons from Cancún,2013,"['asymmetry', 'cilia', 'left-right asymmetry', 'left-right axis', 'morphogenesis', 'nodal']",0,"{'ASE': 0, 'che-1': 0, 'lsy-6': 0}",0.0,"Development (Cambridge, England)",10.1242/dev.097907,"['Burdine, Rebecca D.', 'Caspary, Tamara']","The satellite symposium on ‘Making and breaking the left-right axis: implications of laterality in development and disease’ was held in June 2013 in conjunction with the 17th International Society for Developmental Biology meeting in Cancún, Mexico. As we summarize here, leaders in the field gathered at the symposium to discuss recent advances in understanding how left-right asymmetry is generated and utilized across the animal kingdom."
