PMCID,PMID,Title,Year,Journal,DOI,Authors,Associated Keywords,Citations,Keywords Count,Score,TF,Word Count,Abstract
8045692,33693646,Chemosensory signal transduction in Caenorhabditis elegans,2021,Genetics,10.1093/genetics/iyab004,"['Ferkey, Denise M', 'Sengupta, Piali', 'L’Etoile, Noelle D', 'Iino, Y']","['wormbook', 'chemosensation', 'signal transduction', 'taste', 'odorant', 'pheromone', 'c. elegans', 'olfaction', 'gpcr', 'sensory', 'signaling', 'gustation']",77,"{'lsy-6': 0, 'che-1': 0}",0.0,"{'lsy-6': 0.0, 'che-1': 0.0}",31084,"Chemosensory neurons translate perception of external chemical cues, including odorants, tastants, and pheromones, into information that drives attraction or avoidance motor programs. In the laboratory, robust behavioral assays, coupled with powerful genetic, molecular and optical tools, have made Caenorhabditis elegans an ideal experimental system in which to dissect the contributions of individual genes and neurons to ethologically relevant chemosensory behaviors. Here, we review current knowledge of the neurons, signal transduction molecules and regulatory mechanisms that underlie the response of C. elegans to chemicals, including pheromones. The majority of identified molecules and pathways share remarkable homology with sensory mechanisms in other organisms. With the development of new tools and technologies, we anticipate that continued study of chemosensory signal transduction and processing in C. elegans will yield additional new insights into the mechanisms by which this animal is able to detect and discriminate among thousands of chemical cues with a limited sensory neuron repertoire."
8864745,34151952,Methods for analyzing neuronal structure and activity in Caenorhabditis elegans,2021,Genetics,10.1093/genetics/iyab072,"['Emmons, Scott W', 'Yemini, Eviatar', 'Zimmer, Manuel']","['synapse', 'connectome', 'ca2+-imaging', 'fluorescent reporter gene', 'graph theory', 'nervous system', 'nematode', 'wormbook']",8,"{'lsy-6': 0, 'che-1': 0}",0.0,"{'lsy-6': 0.0, 'che-1': 0.0}",0,"The model research animal Caenorhabditis elegans has unique properties making it particularly advantageous for studies of the nervous system. The nervous system is composed of a stereotyped complement of neurons connected in a consistent manner. Here, we describe methods for studying nervous system structure and function. The transparency of the animal makes it possible to visualize and identify neurons in living animals with fluorescent probes. These methods have been recently enhanced for the efficient use of neuron-specific reporter genes. Because of its simple structure, for a number of years, C. elegans has been at the forefront of connectomic studies defining synaptic connectivity by electron microscopy. This field is burgeoning with new, more powerful techniques, and recommended up-to-date methods are here described that encourage the possibility of new work in C. elegans. Fluorescent probes for single synapses and synaptic connections have allowed verification of the EM reconstructions and for experimental approaches to synapse formation. Advances in microscopy and in fluorescent reporters sensitive to Ca2+ levels have opened the way to observing activity within single neurons across the entire nervous system."
11457946,39167071,Neurogenesis in Caenorhabditis elegans,2024,Genetics,10.1093/genetics/iyae116,"['Poole, Richard J', 'Flames, Nuria', 'Cochella, Luisa', 'Sundaram, M']","['neurogenesis', 'caenorhabditis elegans', 'gene regulation', 'neurodevelopment', 'transcription factors', 'wormbook']",11,"{'lsy-6': 17, 'che-1': 34}",6.295655569727546,"{'lsy-6': 0.0004798735392084909, 'che-1': 0.0009597470784169818}",35426,"Animals rely on their nervous systems to process sensory inputs, integrate these with internal signals, and produce behavioral outputs. This is enabled by the highly specialized morphologies and functions of neurons. Neuronal cells share multiple structural and physiological features, but they also come in a large diversity of types or classes that give the nervous system its broad range of functions and plasticity. This diversity, first recognized over a century ago, spurred classification efforts based on morphology, function, and molecular criteria. Caenorhabditis elegans, with its precisely mapped nervous system at the anatomical level, an extensive molecular description of most of its neurons, and its genetic amenability, has been a prime model for understanding how neurons develop and diversify at a mechanistic level. Here, we review the gene regulatory mechanisms driving neurogenesis and the diversification of neuron classes and subclasses in C. elegans. We discuss our current understanding of the specification of neuronal progenitors and their differentiation in terms of the transcription factors involved and ensuing changes in gene expression and chromatin landscape. The central theme that has emerged is that the identity of a neuron is defined by modules of gene batteries that are under control of parallel yet interconnected regulatory mechanisms. We focus on how, to achieve these terminal identities, cells integrate information along their developmental lineages. Moreover, we discuss how neurons are diversified postembryonically in a time-, genetic sex-, and activity-dependent manner. Finally, we discuss how the understanding of neuronal development can provide insights into the evolution of neuronal diversity."
6028246,29967059,Recent Molecular Genetic Explorations of Caenorhabditis elegans MicroRNAs,2018,Genetics,10.1534/genetics.118.300291,"['Ambros, Victor', 'Ruvkun, Gary']","['caenorhabditis elegans', 'microrna', 'argonaute', 'mirisc', 'mutant phenotypes', 'wormbook']",48,"{'lsy-6': 0, 'che-1': 0}",0.0,"{'lsy-6': 0.0, 'che-1': 0.0}",0,"MicroRNAs are small, noncoding RNAs that regulate gene expression at the post-transcriptional level in essentially all aspects of Caenorhabditis elegans biology. More than 140 genes that encode microRNAs in C. elegans regulate development, behavior, metabolism, and responses to physiological and environmental changes. Genetic analysis of C. elegans microRNA genes continues to enhance our fundamental understanding of how microRNAs are integrated into broader gene regulatory networks to control diverse biological processes, including growth, cell division, cell fate determination, behavior, longevity, and stress responses. As many of these microRNA sequences and the related processing machinery are conserved over nearly a billion years of animal phylogeny, the assignment of their functions via worm genetics may inform the functions of their orthologs in other animals, including humans. In vivo investigations are especially important for microRNAs because in silico extrapolation of their functions using mRNA target prediction programs can easily assign microRNAs to incorrect genetic pathways. At this mezzanine level of microRNA bioinformatic sophistication, genetic analysis continues to be the gold standard for pathway assignments."
7213980,32367802,Caenorhabditis elegans processes sensory information to choose between freeloading and self-defense strategies,2020,eLife,10.7554/eLife.56186.sa2,"['Schiffer, Jodie A', 'Servello, Francesco A', 'Heath, William R', 'Amrit, Francis Raj Gandhi', 'Stumbur, Stephanie V', 'Eder, Matthias', 'Martin, Olivier MF', 'Johnsen, Sean B', 'Stanley, Julian A', 'Tam, Hannah', 'Brennan, Sarah J', 'McGowan, Natalie G', 'Vogelaar, Abigail L', 'Xu, Yuyan', 'Serkin, William T', 'Ghazi, Arjumand', 'Stroustrup, Nicholas', 'Apfeld, Javier', 'Hobert, Oliver', 'Calabrese, Ronald L', 'Hobert, Oliver']","['c. elegans', 'hydrogen peroxide', 'stress response', 'sensory perception', 'insulin signaling', 'tgfβ signaling', 'c. elegans', 'e. coli']",14,"{'lsy-6': 0, 'che-1': 0}",0.0,"{'lsy-6': 0.0, 'che-1': 0.0}",11313,"Hydrogen peroxide is the preeminent chemical weapon that organisms use for combat. Individual cells rely on conserved defenses to prevent and repair peroxide-induced damage, but whether similar defenses might be coordinated across cells in animals remains poorly understood. Here, we identify a neuronal circuit in the nematode Caenorhabditis elegans that processes information perceived by two sensory neurons to control the induction of hydrogen peroxide defenses in the organism. We found that catalases produced by Escherichia coli, the nematode’s food source, can deplete hydrogen peroxide from the local environment and thereby protect the nematodes. In the presence of E. coli, the nematode’s neurons signal via TGFβ-insulin/IGF1 relay to target tissues to repress expression of catalases and other hydrogen peroxide defenses. This adaptive strategy is the first example of a multicellular organism modulating its defenses when it expects to freeload from the protection provided by molecularly orthologous defenses from another species."
10743456,38096407,A cGAL-UAS bipartite expression toolkit for Caenorhabditis elegans sensory neurons,2023,Proceedings of the National Academy of Sciences of the United States of America,10.1073/pnas.2221680120,"['Nava, Stephanie', 'Palma, Wilber', 'Wan, Xuan', 'Oh, Jun Young', 'Gharib, Shahla', 'Wang, Han', 'Revanna, Jasmin S.', 'Tan, Minyi', 'Zhang, Mark', 'Liu, Jonathan', 'Chen, Chun-Hao', 'Lee, James S.', 'Perry, Barbara', 'Sternberg, Paul W.']","['sensory neurons', 'genetic accessability', 'gene expression', 'genetic engineering']",4,"{'lsy-6': 0, 'che-1': 0}",0.0,"{'lsy-6': 0.0, 'che-1': 0.0}",0,"Many experiments require the precise targeting of gene expression to individual cells: interrogation of neural circuits; cell biology; and pinpointing the cellular sites of gene action. Bipartite expression systems allow independent construction of cell type–specific “drivers” that direct gene expression, and function-specific “effector” genes that carry our specific functions; Any effector gene can be expressed under control of any driver. Sensory neurons in Caenorhabditis elegans are a major focus of biological study. Using our previously described GAL4-UAS bipartite system optimized for C. elegans; we generated driver strains for essentially all C. elegans hermaphrodite sensory neurons. We also greatly expanded the toolkit of effector constructs and strains. These reagents will greatly facilitate many mechanistic studies."
6827377,31685551,Developmental Plasticity and Cellular Reprogramming in Caenorhabditis elegans,2019,Genetics,10.1534/genetics.119.302333,"['Rothman, Joel', 'Jarriault, Sophie']","['reprogramming', 'transdifferentiation', 'transdetermination', 'cell type conversion', 'stem cells', 'wormbook']",19,"{'lsy-6': 0, 'che-1': 0}",0.0,"{'lsy-6': 0.0, 'che-1': 0.0}",0,"While Caenorhabditis elegans was originally regarded as a model for investigating determinate developmental programs, landmark studies have subsequently shown that the largely invariant pattern of development in the animal does not reflect irreversibility in rigidly fixed cell fates. Rather, cells at all stages of development, in both the soma and germline, have been shown to be capable of changing their fates through mutation or forced expression of fate-determining factors, as well as during the normal course of development. In this chapter, we review the basis for natural and induced cellular plasticity in C. elegans. We describe the events that progressively restrict cellular differentiation during embryogenesis, starting with the multipotency-to-commitment transition (MCT) and subsequently through postembryonic development of the animal, and consider the range of molecular processes, including transcriptional and translational control systems, that contribute to cellular plasticity. These findings in the worm are discussed in the context of both classical and recent studies of cellular plasticity in vertebrate systems."
8866504,35197494,Neural model generating klinotaxis behavior accompanied by a random walk based on C. elegans connectome,2022,Scientific Reports,10.1038/s41598-022-06988-w,"['Chen, Mohan', 'Feng, Dazheng', 'Su, Hongtao', 'Su, Tingting', 'Wang, Meng']","['computational neuroscience', 'network models', 'navigation', 'computer modelling', 'behavioural methods']",2,"{'lsy-6': 0, 'che-1': 0}",0.0,"{'lsy-6': 0.0, 'che-1': 0.0}",10913,"Klinotaxis is a strategy of chemotaxis behavior in Caenorhabditis elegans (C. elegans), and random walking is evident during its locomotion. As yet, the understanding of the neural mechanisms underlying these behaviors has remained limited. In this study, we present a connectome-based simulation model of C. elegans to concurrently realize realistic klinotaxis and random walk behaviors and explore their neural mechanisms. First, input to the model is derived from an ASE sensory neuron model in which the all-or-none depolarization characteristic of ASEL neuron is incorporated for the first time. Then, the neural network is evolved by an evolutionary algorithm; klinotaxis emerged spontaneously. We identify a plausible mechanism of klinotaxis in this model. Next, we propose the liquid synapse according to the stochastic nature of biological synapses and introduce it into the model. Adopting this, the random walk is generated autonomously by the neural network, providing a new hypothesis as to the neural mechanism underlying the random walk. Finally, simulated ablation results are fairly consistent with the biological conclusion, suggesting the similarity between our model and the biological network. Our study is a useful step forward in behavioral simulation and understanding the neural mechanisms of behaviors in C. elegans."
8092265,33785621,Detection of Pathogens and Regulation of Immunity by the Caenorhabditis elegans Nervous System,2021,mBio,10.1128/mBio.02301-20,"['Liu, Yiyong', 'Sun, Jingru', 'Garsin, Danielle A.']","['caenorhabditis elegans', 'innate immunity', 'the nervous system', 'pathogen recognition', 'neural regulation', 'g protein-coupled receptor', 'neurotransmitter']",16,"{'lsy-6': 0, 'che-1': 0}",0.0,"{'lsy-6': 0.0, 'che-1': 0.0}",5173,"Although Caenorhabditis elegans has been used as a model host for studying host-pathogen interactions for more than 20 years, the mechanisms by which it identifies pathogens are not well understood. This is largely due to its lack of most known pattern recognition receptors (PRRs) that recognize pathogen-derived molecules."
6204124,29709599,Autophagy in C. elegans development,2018,Developmental biology,10.1016/j.ydbio.2018.04.009,"['Palmisano, Nicholas J.', 'Meléndez, Alicia']","['autophagy', 'lipophagy', 'c. elegans', 'dauer development']",26,"{'lsy-6': 0, 'che-1': 0}",0.0,"{'lsy-6': 0.0, 'che-1': 0.0}",0,"Autophagy involves the sequestration of cytoplasmic contents in a double-membrane structure referred to as the autophagosome and the degradation of its contents upon delivery to lysosomes. Autophagy activity has a role in multiple biological processes during the development of the nematode Caenorhabditis elegans. Basal levels of autophagy are required to remove aggregate prone proteins, paternal mitochondria, and spermatid-specific membranous organelles. During larval development, autophagy is required for the remodeling that occurs during dauer development, and autophagy can selectively degrade components of the miRNA-induced silencing complex, and modulate miRNA-mediated silencing. Basal levels of autophagy are important in synapse formation and in the germ line, to promote the proliferation of proliferating stem cells. Autophagy activity is also required for the efficient removal of apoptotic cell corpses by promoting phagosome maturation. Finally, autophagy is also involved in lipid homeostasis and in the aging process. In this review, we first describe the molecular complexes involved in the process of autophagy, its regulation, and mechanisms for cargo recognition. In the second section, we discuss the developmental contexts where autophagy has been shown to be important. Studies in C. elegans provide valuable insights into the physiological relevance of this process during metazoan development."
10503759,37669262,Antagonistic regulation of salt and sugar chemotaxis plasticity by a single chemosensory neuron in Caenorhabditis elegans,2023,PLOS Genetics,10.1371/journal.pgen.1010637.r002,"['Tomioka, Masahiro', 'Umemura, Yusuke', 'Ueoka, Yutaro', 'Chin, Risshun', 'Katae, Keita', 'Uchiyama, Chihiro', 'Ike, Yasuaki', 'Iino, Yuichi', 'Hart, Anne C.', 'Hart, Anne C.', 'Copenhaver, Gregory P.', 'Hart, Anne C.', 'Copenhaver, Gregory P.', 'Hart, Anne C.', 'Copenhaver, Gregory P.', 'Hart, Anne C.', 'Copenhaver, Gregory P.']",[],3,"{'lsy-6': 0, 'che-1': 0}",0.0,"{'lsy-6': 0.0, 'che-1': 0.0}",8551,"The nematode Caenorhabditis elegans memorizes various external chemicals, such as ions and odorants, during feeding. Here we find that C. elegans is attracted to the monosaccharides glucose and fructose after exposure to these monosaccharides in the presence of food; however, it avoids them without conditioning. The attraction to glucose requires a gustatory neuron called ASEL. ASEL activity increases when glucose concentration decreases. Optogenetic ASEL stimulation promotes forward movements; however, after glucose conditioning, it promotes turning, suggesting that after glucose conditioning, the behavioral output of ASEL activation switches toward glucose. We previously reported that chemotaxis toward sodium ion (Na+), which is sensed by ASEL, increases after Na+ conditioning in the presence of food. Interestingly, glucose conditioning decreases Na+ chemotaxis, and conversely, Na+ conditioning decreases glucose chemotaxis, suggesting the reciprocal inhibition of learned chemotaxis to distinct chemicals. The activation of PKC-1, an nPKC ε/η ortholog, in ASEL promotes glucose chemotaxis and decreases Na+ chemotaxis after glucose conditioning. Furthermore, genetic screening identified ENSA-1, an ortholog of the protein phosphatase inhibitor ARPP-16/19, which functions in parallel with PKC-1 in glucose-induced chemotactic learning toward distinct chemicals. These findings suggest that kinase–phosphatase signaling regulates the balance between learned behaviors based on glucose conditioning in ASEL, which might contribute to migration toward chemical compositions where the animals were previously fed."
6748829,31526477,Evolution of neuronal anatomy and circuitry in two highly divergent nematode species,2019,eLife,10.7554/eLife.47155.053,"['Hong, Ray L', 'Riebesell, Metta', 'Bumbarger, Daniel J', 'Cook, Steven J', 'Carstensen, Heather R', 'Sarpolaki, Tahmineh', 'Cochella, Luisa', 'Castrejon, Jessica', 'Moreno, Eduardo', 'Sieriebriennikov, Bogdan', 'Hobert, Oliver', 'Sommer, Ralf J', 'Sengupta, Piali', 'Marder, Eve', 'Sengupta, Piali']","['neuroanatomy', 'pristionchus pacificus', 'chemosensory', 'neural circuitry', 'nematode', 'electron microscopy', 'other', 'c. elegans']",35,"{'lsy-6': 4, 'che-1': 33}",15.880449576234108,"{'lsy-6': 0.00027559597629874606, 'che-1': 0.0022736668044646548}",14514,"The nematodes C. elegans and P. pacificus populate diverse habitats and display distinct patterns of behavior. To understand how their nervous systems have diverged, we undertook a detailed examination of the neuroanatomy of the chemosensory system of P. pacificus. Using independent features such as cell body position, axon projections and lipophilic dye uptake, we have assigned homologies between the amphid neurons, their first-layer interneurons, and several internal receptor neurons of P. pacificus and C. elegans. We found that neuronal number and soma position are highly conserved. However, the morphological elaborations of several amphid cilia are different between them, most notably in the absence of ‘winged’ cilia morphology in P. pacificus. We established a synaptic wiring diagram of amphid sensory neurons and amphid interneurons in P. pacificus and found striking patterns of conservation and divergence in connectivity relative to C. elegans, but very little changes in relative neighborhood of neuronal processes. These findings demonstrate the existence of several constraints in patterning the nervous system and suggest that major substrates for evolutionary novelty lie in the alterations of dendritic structures and synaptic connectivity."
10393296,37449480,Forkhead transcription factor FKH-8 cooperates with RFX in the direct regulation of sensory cilia in Caenorhabditis elegans,2023,eLife,10.7554/eLife.89702.sa2,"['Brocal-Ruiz, Rebeca', 'Esteve-Serrano, Ainara', 'Mora-Martínez, Carlos', 'Franco-Rivadeneira, Maria Luisa', 'Swoboda, Peter', 'Tena, Juan J', 'Vilar, Marçal', 'Flames, Nuria', 'Portman, Douglas', 'Sengupta, Piali', 'Portman, Douglas', 'Portman, Douglas']","['transcription factors', 'cilium', 'terminal differentiation', 'c. elegans']",7,"{'lsy-6': 0, 'che-1': 6}",1.2895212936458615,"{'lsy-6': 0.0, 'che-1': 0.00041782729805013927}",14360,"Cilia, either motile or non-motile (a.k.a primary or sensory), are complex evolutionarily conserved eukaryotic structures composed of hundreds of proteins required for their assembly, structure and function that are collectively known as the ciliome. Ciliome gene mutations underlie a group of pleiotropic genetic diseases known as ciliopathies. Proper cilium function requires the tight coregulation of ciliome gene transcription, which is only fragmentarily understood. RFX transcription factors (TF) have an evolutionarily conserved role in the direct activation of ciliome genes both in motile and non-motile cilia cell-types. In vertebrates, FoxJ1 and FoxN4 Forkhead (FKH) TFs work with RFX in the direct activation of ciliome genes, exclusively in motile cilia cell-types. No additional TFs have been described to act together with RFX in primary cilia cell-types in any organism. Here we describe FKH-8, a FKH TF, as a direct regulator of the sensory ciliome genes in Caenorhabditis elegans. FKH-8 is expressed in all ciliated neurons in C. elegans, binds the regulatory regions of ciliome genes, regulates ciliome gene expression, cilium morphology and a wide range of behaviors mediated by sensory ciliated neurons. FKH-8 and DAF-19 (C. elegans RFX) physically interact and synergistically regulate ciliome gene expression. C. elegans FKH-8 function can be replaced by mouse FOXJ1 and FOXN4 but not by other members of other mouse FKH subfamilies. In conclusion, RFX and FKH TF families act jointly as direct regulators of ciliome genes also in sensory ciliated cell types suggesting that this regulatory logic could be an ancient trait predating functional cilia sub-specialization."
5965667,29712787,FLP-18 Functions through the G-Protein-Coupled Receptors NPR-1 and NPR-4 to Modulate Reversal Length in Caenorhabditis elegans,2018,The Journal of Neuroscience,10.1523/JNEUROSCI.1955-17.2018,"['Bhardwaj, Ashwani', 'Thapliyal, Saurabh', 'Dahiya, Yogesh', 'Babu, Kavita']","['flp-18', 'npr-1', 'npr-4', 'reversal length']",26,"{'lsy-6': 0, 'che-1': 0}",0.0,"{'lsy-6': 0.0, 'che-1': 0.0}",8216,"Animal behavior is critically dependent on the activity of neuropeptides. Reversals, one of the most conspicuous behaviors in Caenorhabditis elegans, plays an important role in determining the navigation strategy of the animal. Our experiments on hermaphrodite C. elegans show the involvement of a neuropeptide FLP-18 in modulating reversal length in these hermaphrodites. We show that FLP-18 controls the reversal length by regulating the activity of AVA interneurons through the G-protein-coupled neuropeptide receptors, NPR-4 and NPR-1. We go on to show that the site of action of these receptors is the AVA interneuron for NPR-4 and the ASE sensory neurons for NPR-1. We further show that mutants in the neuropeptide, flp-18, and its receptors show increased reversal lengths. Consistent with the behavioral data, calcium levels in the AVA neuron of freely reversing C. elegans were significantly higher and persisted for longer durations in flp-18, npr-1, npr-4, and npr-1 npr-4 genetic backgrounds compared with wild-type control animals. Finally, we show that increasing FLP-18 levels through genetic and physiological manipulations causes shorter reversal lengths. Together, our analysis suggests that the FLP-18/NPR-1/NPR-4 signaling is a pivotal point in the regulation of reversal length under varied genetic and environmental conditions."
9977185,36857454,Functional imaging and quantification of multineuronal olfactory responses in C. elegans,2023,Science Advances,10.1126/sciadv.ade1249,"['Lin, Albert', 'Qin, Shanshan', 'Casademunt, Helena', 'Wu, Min', 'Hung, Wesley', 'Cain, Gregory', 'Tan, Nicolas Z.', 'Valenzuela, Raymond', 'Lesanpezeshki, Leila', 'Venkatachalam, Vivek', 'Pehlevan, Cengiz', 'Zhen, Mei', 'Samuel, Aravinthan D.T.']",[],25,"{'lsy-6': 0, 'che-1': 0}",0.0,"{'lsy-6': 0.0, 'che-1': 0.0}",9508,"Many animals perceive odorant molecules by collecting information from ensembles of olfactory neurons, where each neuron uses receptors that are tuned to recognize certain odorant molecules with different binding affinity. Olfactory systems are able, in principle, to detect and discriminate diverse odorants using combinatorial coding strategies. We have combined microfluidics and multineuronal imaging to study the ensemble-level olfactory representations at the sensory periphery of the nematode Caenorhabditis elegans. The collective activity of C. elegans chemosensory neurons reveals high-dimensional representations of olfactory information across a broad space of odorant molecules. We reveal diverse tuning properties and dose-response curves across chemosensory neurons and across odorants. We describe the unique contribution of each sensory neuron to an ensemble-level code for volatile odorants. We show that a natural stimuli, a set of nematode pheromones, are also encoded by the sensory ensemble. The integrated activity of the C. elegans chemosensory neurons contains sufficient information to robustly encode the intensity and identity of diverse chemical stimuli."
10639090,37591249,Anatomical restructuring of a lateralized neural circuit during associative learning by asymmetric insulin signaling,2023,Current biology : CB,10.1016/j.cub.2023.07.041,"['Tang, Leo T.H.', 'Lee, Garrett A.', 'Cook, Steven J.', 'Ho, Jacquelin', 'Potter, Cassandra C.', 'Bülow, Hannes E.']",[],5,"{'lsy-6': 0, 'che-1': 0}",0.0,"{'lsy-6': 0.0, 'che-1': 0.0}",0,"Studies of neuronal connectivity in model organisms, i.e., of their connectomes, have been instrumental in dissecting the structure-function relationship of nervous systems. However, the limited sample size of these studies has impeded analyses into how variation of connectivity across populations may influence circuit architecture and behavior. Moreover, little is known about how experiences induce changes in circuit architecture. Here, we show that an asymmetric salt-sensing circuit in the nematode Caenorhabditis elegans exhibits variation that predicts the animals’ salt preferences and undergoes restructuring during salt associative learning. Naive worms memorize and prefer the salt concentration they experience in the presence of food through a left-biased neural network architecture. However, animals conditioned at elevated salt concentrations change this left-biased network to a right-biased network. This change in circuit architecture occurs through the addition of new synapses in response to asymmetric, paracrine insulin signaling. Therefore, experience-dependent changes in an animal’s neural connectome are induced by insulin signaling and are fundamental to learning and behavior."
6018680,29373666,Identification of Odor Blend Used by Caenorhabditis elegans for Pathogen Recognition,2018,Chemical Senses,10.1093/chemse/bjy001,"['Worthy, Soleil E', 'Rojas, German L', 'Taylor, Charles J', 'Glater, Elizabeth E']","['food', 'odor mixture', 'olfaction', 'serratia marcescens', 'solid-phase microextraction']",21,"{'lsy-6': 0, 'che-1': 2}",1.0604959921806172,"{'lsy-6': 0.0, 'che-1': 0.00026695141484249865}",7492,"Animals have evolved specialized pathways to detect appropriate food sources and avoid harmful ones. Caenorhabditis elegans can distinguish among the odors of various species of bacteria, its major food source, but little is known about what specific chemical cue or combination of chemical cues C. elegans uses to detect and recognize different microbes. Here, we examine the strong innate attraction of C. elegans for the odor of the pathogenic bacterium, Serratia marcescens. This initial attraction likely facilitates ingestion and infection of the C. elegans host. Using solid-phase microextraction and gas chromatography coupled with mass spectrometry, we identify 5 volatile odors released by S. marcescens and identify those that are attractive to C. elegans. We use genetic methods to show that the amphid chemosensory neuron, AWCON, senses both S. marcescens-released 2-butanone and acetone and drives attraction to S. marcescens. In C. elegans, pairing a single odorant with food deprivation results in a reduced attractive response for that specific odor. We find that pairing the natural odor of S. marcescens with food deprivation results in a reduced attraction for the natural odor of S. marcescens and a similar reduced attraction for the synthetic blend of acetone and 2-butanone. This result indicates that only 2 odorants represent the more complex odor bouquet of S. marcescens. Although bacterial-released volatiles have long been known to be attractive to C. elegans, this study defines for the first time specific volatile cues that represent a particular bacterium to C. elegans."
8503520,34646119,Transcription Factors That Control Behavior—Lessons From C. elegans,2021,Frontiers in Neuroscience,10.3389/fnins.2021.745376,"['Godini, Rasoul', 'Handley, Ava', 'Pocock, Roger']","['transcription factors', 'caenorabditis elegans', 'behavior', 'neuronal specification and differentiation', 'neuronal circuit development', 'sex-specific behavior', 'sensory systems']",4,"{'lsy-6': 0, 'che-1': 3}",0.8811645318824594,"{'lsy-6': 0.0, 'che-1': 0.00040447620331670486}",7417,"Behavior encompasses the physical and chemical response to external and internal stimuli. Neurons, each with their own specific molecular identities, act in concert to perceive and relay these stimuli to drive behavior. Generating behavioral responses requires neurons that have the correct morphological, synaptic, and molecular identities. Transcription factors drive the specific gene expression patterns that define these identities, controlling almost every phenomenon in a cell from development to homeostasis. Therefore, transcription factors play an important role in generating and regulating behavior. Here, we describe the transcription factors, the pathways they regulate, and the neurons that drive chemosensation, mechanosensation, thermosensation, osmolarity sensing, complex, and sex-specific behaviors in the animal model Caenorhabditis elegans. We also discuss the current limitations in our knowledge, particularly our minimal understanding of how transcription factors contribute to the adaptive behavioral responses that are necessary for organismal survival."
8495942,33784383,Genome-wide RNAi screen for regulators of UPRmt in Caenorhabditis elegans mutants with defects in mitochondrial fusion,2021,G3: Genes|Genomes|Genetics,10.1093/g3journal/jkab095,"['Haeussler, Simon', 'Yeroslaviz, Assa', 'Rolland, Stéphane G', 'Luehr, Sebastian', 'Lambie, Eric J', 'Conradt, Barbara']","['mitochondrial unfolded protein response', 'mitochondrial dynamics', 'fzo-1', 'ip3 signaling', 'mitoguardin']",7,"{'lsy-6': 0, 'che-1': 1}",0.21247878114463076,"{'lsy-6': 0.0, 'che-1': 8.032128514056225e-05}",12450,"Mitochondrial dynamics plays an important role in mitochondrial quality control and the adaptation of metabolic activity in response to environmental changes. The disruption of mitochondrial dynamics has detrimental consequences for mitochondrial and cellular homeostasis and leads to the activation of the mitochondrial unfolded protein response (UPRmt), a quality control mechanism that adjusts cellular metabolism and restores homeostasis. To identify genes involved in the induction of UPRmt in response to a block in mitochondrial fusion, we performed a genome-wide RNAi screen in Caenorhabditis elegans mutants lacking the gene fzo-1, which encodes the ortholog of mammalian Mitofusin, and identified 299 suppressors and 86 enhancers. Approximately 90% of these 385 genes are conserved in humans, and one-third of the conserved genes have been implicated in human disease. Furthermore, many have roles in developmental processes, which suggests that mitochondrial function and their response to stress are defined during development and maintained throughout life. Our dataset primarily contains mitochondrial enhancers and non-mitochondrial suppressors of UPRmt, indicating that the maintenance of mitochondrial homeostasis has evolved as a critical cellular function, which, when disrupted, can be compensated for by many different cellular processes. Analysis of the subsets “non-mitochondrial enhancers” and “mitochondrial suppressors” suggests that organellar contact sites, especially between the ER and mitochondria, are of importance for mitochondrial homeostasis. In addition, we identified several genes involved in IP3 signaling that modulate UPRmt in fzo-1 mutants and found a potential link between pre-mRNA splicing and UPRmt activation."
9004350,35323022,The Ubiquitous Soil Terpene Geosmin Acts as a Warning Chemical,2022,Applied and Environmental Microbiology,10.1128/aem.00093-22,"['Zaroubi, Liana', 'Ozugergin, Imge', 'Mastronardi, Karina', 'Imfeld, Anic', 'Law, Chris', 'Gélinas, Yves', 'Piekny, Alisa', 'Findlay, Brandon L.', 'Nojiri, Hideaki']","['2-methylisoborneol', 'geosmin', 'aposematism', 'caenorhabditis elegans', 'chemical ecology', 'natural products', 'predation', 'prey', 'warning chemical', 'warning signal']",24,"{'lsy-6': 0, 'che-1': 0}",0.0,"{'lsy-6': 0.0, 'che-1': 0.0}",0,"Known as the smell of earth after rain, geosmin is an odorous terpene detectable by humans at picomolar concentrations. Geosmin production is heavily conserved in actinobacteria, myxobacteria, cyanobacteria, and some fungi, but its biological activity is poorly understood. We theorized that geosmin was an aposematic signal used to indicate the unpalatability of toxin-producing microbes, discouraging predation by eukaryotes. Consistent with this hypothesis, we found that geosmin altered the behavior of the bacteriophagous nematode Caenorhabditis elegans on agar plates in the absence of bacteria. Normal movement was restored in mutant worms lacking differentiated ASE (amphid neurons, single ciliated endings) neurons, suggesting that geosmin is a taste detected by the nematodal gustatory system. In a predation assay, geosmin and the related terpene 2-methylisoborneol reduced grazing on the bacterium Streptomyces coelicolor. Predation was restored by the removal of both terpene biosynthetic pathways or the introduction of C. elegans that lacked differentiated ASE taste neurons, leading to the apparent death of both bacteria and worms. While geosmin and 2-methylisoborneol appeared to be nontoxic, grazing triggered bacterial sporulation and the production of actinorhodin, a pigment coproduced with a number of toxic metabolites. In this system, geosmin thus appears to act as a warning signal indicating the unpalatability of its producers and reducing predation in a manner that benefits predator and prey. This suggests that molecular signaling may affect microbial predator-prey interactions in a manner similar to that of the well-studied visual markers of poisonous animal prey."
9249223,35727855,ROS and cGMP signaling modulate persistent escape from hypoxia in Caenorhabditis elegans,2022,PLoS Biology,10.1371/journal.pbio.3001684,"['Zhao, Lina', 'Fenk, Lorenz A.', 'Nilsson, Lars', 'Amin-Wetzel, Niko Paresh', 'Ramirez-Suarez, Nelson Javier', 'de Bono, Mario', 'Chen, Changchun', 'Alkema, Mark J.']",[],9,"{'lsy-6': 0, 'che-1': 0}",0.0,"{'lsy-6': 0.0, 'che-1': 0.0}",12394,"The ability to detect and respond to acute oxygen (O2) shortages is indispensable to aerobic life. The molecular mechanisms and circuits underlying this capacity are poorly understood. Here, we characterize the behavioral responses of feeding Caenorhabditis elegans to approximately 1% O2. Acute hypoxia triggers a bout of turning maneuvers followed by a persistent switch to rapid forward movement as animals seek to avoid and escape hypoxia. While the behavioral responses to 1% O2 closely resemble those evoked by 21% O2, they have distinct molecular and circuit underpinnings. Disrupting phosphodiesterases (PDEs), specific G proteins, or BBSome function inhibits escape from 1% O2 due to increased cGMP signaling. A primary source of cGMP is GCY-28, the ortholog of the atrial natriuretic peptide (ANP) receptor. cGMP activates the protein kinase G EGL-4 and enhances neuroendocrine secretion to inhibit acute responses to 1% O2. Triggering a rise in cGMP optogenetically in multiple neurons, including AIA interneurons, rapidly and reversibly inhibits escape from 1% O2. Ca2+ imaging reveals that a 7% to 1% O2 stimulus evokes a Ca2+ decrease in several neurons. Defects in mitochondrial complex I (MCI) and mitochondrial complex I (MCIII), which lead to persistently high reactive oxygen species (ROS), abrogate acute hypoxia responses. In particular, repressing the expression of isp-1, which encodes the iron sulfur protein of MCIII, inhibits escape from 1% O2 without affecting responses to 21% O2. Both genetic and pharmacological up-regulation of mitochondrial ROS increase cGMP levels, which contribute to the reduced hypoxia responses. Our results implicate ROS and precise regulation of intracellular cGMP in the modulation of acute responses to hypoxia by C. elegans."
10592372,37438210,Maintenance of neuronal identity in C. elegans and beyond: lessons from transcription and chromatin factors,2024,Seminars in cell & developmental biology,10.1016/j.semcdb.2023.07.001,"['Destain, Honorine', 'Prahlad, Manasa', 'Kratsios, Paschalis']","['neuronal identity', 'maintenance', 'transcription factors', 'terminal selectors', 'chromatin-modifying proteins', 'c. elegans', 'd. melanogaster', 'mus musculus']",6,"{'lsy-6': 0, 'che-1': 1}",0.0,"{'lsy-6': 0.0, 'che-1': 0.0}",0,"Neurons are remarkably long-lived, non-dividing cells that must maintain their functional features (e.g., electrical properties, chemical signaling) for extended periods of time – decades in humans. How neurons accomplish this incredible feat is poorly understood. Here, we review recent advances, primarily in the nematode C. elegans, that have enhanced our understanding of the molecular mechanisms that enable post-mitotic neurons to maintain their functionality across different life stages. We begin with “terminal selectors” - transcription factors necessary for the establishment and maintenance of neuronal identity. We highlight new findings on five terminal selectors (CHE-1 [Glass], UNC-3 [Collier/Ebf1-4], LIN-39 [Scr/Dfd/Hox4-5], UNC-86 [Acj6/Brn3a–c], AST-1 [Etv1/ER81]) from different transcription factor families (ZNF, COE, HOX, POU, ETS). We compare the functions of these factors in specific neuron types of C. elegans with the actions of their orthologs in other invertebrate (D. melanogaster) and vertebrate (M. musculus) systems, highlighting remarkable functional conservation. Finally, we reflect on recent findings implicating chromatin-modifying proteins, such as histone methyltransferases and Polycomb proteins, in the control of neuronal terminal identity. Altogether, these new studies on transcription factors and chromatin modifiers not only shed light on the fundamental problem of neuronal identity maintenance, but also outline mechanistic principles of gene regulation that may operate in other long-lived, post-mitotic cell types."
8385061,34429473,C. elegans-based chemosensation strategy for the early detection of cancer metabolites in urine samples,2021,Scientific Reports,10.1038/s41598-021-96613-z,"['Lanza, Enrico', 'Di Rocco, Martina', 'Schwartz, Silvia', 'Caprini, Davide', 'Milanetti, Edoardo', 'Ferrarese, Giuseppe', 'Lonardo, Maria Teresa', 'Pannone, Luca', 'Ruocco, Giancarlo', 'Martinelli, Simone', 'Folli, Viola']","['olfactory receptors', 'breast cancer']",17,"{'lsy-6': 0, 'che-1': 0}",0.0,"{'lsy-6': 0.0, 'che-1': 0.0}",9458,"Chemosensory receptors play a crucial role in distinguishing the wide range of volatile/soluble molecules by binding them with high accuracy. Chemosensation is the main sensory modality in organisms lacking long-range sensory mechanisms like vision/hearing. Despite its low number of sensory neurons, the nematode Caenorhabditis elegans possesses several chemosensory receptors, allowing it to detect about as many odorants as mammals. Here, we show that C. elegans displays attraction towards urine samples of women with breast cancer, avoiding control ones. Behavioral assays on animals lacking AWC sensory neurons demonstrate the relevance of these neurons in sensing cancer odorants: calcium imaging on AWC increases the accuracy of the discrimination (97.22%). Also, chemotaxis assays on animals lacking GPCRs expressed in AWC allow to identify receptors involved in binding cancer metabolites, suggesting that an alteration of a few metabolites is sufficient for the cancer discriminating behavior of C. elegans, which may help identify a fundamental fingerprint of breast cancer."
8920508,35285800,Activation of the CaMKII-Sarm1-ASK1-p38 MAP kinase pathway protects against axon degeneration caused by loss of mitochondria,2022,eLife,10.7554/eLife.73557.sa0,"['Ding, Chen', 'Wu, Youjun', 'Dabas, Hadas', 'Hammarlund, Marc', 'Shen, Kang', 'Sengupta, Piali', 'Shen, Kang', 'Shen, Kang', 'Freeman, Marc', 'Shen, Kang']","['axon degeneration', 'mitochondria', 'camkii', 'sarm1', 'mapk signaling', 'calsyntenin', 'c. elegans']",24,"{'lsy-6': 0, 'che-1': 0}",0.0,"{'lsy-6': 0.0, 'che-1': 0.0}",20752,"Mitochondrial defects are tightly linked to axon degeneration, yet the underlying cellular mechanisms remain poorly understood. In Caenorhabditis elegans, PVQ axons that lack mitochondria degenerate spontaneously with age. Using an unbiased genetic screen, we found that cell-specific activation of CaMKII/UNC-43 suppresses axon degeneration due to loss of mitochondria. Unexpectedly, CaMKII/UNC-43 activates the conserved Sarm1/TIR-1-ASK1/NSY-1-p38 MAPK pathway and eventually the transcription factor CEBP-1 to protect against degeneration. In addition, we show that disrupting a trafficking complex composed of calsyntenin/CASY-1, Mint/LIN-10, and kinesin suppresses axon degeneration. Further analysis indicates that disruption of this trafficking complex activates the CaMKII-Sarm1-MAPK pathway through L-type voltage-gated calcium channels. Our findings identify CaMKII as a pivot point between mitochondrial defects and axon degeneration, describe how it is regulated, and uncover a surprising neuroprotective role for the Sarm1-p38 MAPK pathway in this context."
6727795,31331946,Using a Robust and Sensitive GFP-Based cGMP Sensor for Real-Time Imaging in Intact Caenorhabditis elegans,2019,Genetics,10.1534/genetics.119.302392,"['Woldemariam, Sarah', 'Nagpal, Jatin', 'Hill, Tyler', 'Li, Joy', 'Schneider, Martin W.', 'Shankar, Raakhee', 'Futey, Mary', 'Varshney, Aruna', 'Ali, Nebat', 'Mitchell, Jordan', 'Andersen, Kristine', 'Barsi-Rhyne, Benjamin', 'Tran, Alan', 'Costa, Wagner Steuer', 'Krzyzanowski, Michelle C.', 'Yu, Yanxun V.', 'Brueggemann, Chantal', 'Hamilton, O. Scott', 'Ferkey, Denise M.', 'VanHoven, Miri', 'Sengupta, Piali', 'Gottschalk, Alexander', 'L’Etoile, Noelle']","['flincg3', 'cgmp', 'visual reporter', 'sensory neuron', 'c. elegans']",19,"{'lsy-6': 0, 'che-1': 0}",0.0,"{'lsy-6': 0.0, 'che-1': 0.0}",0,"cGMP plays a role in sensory signaling and plasticity by regulating ion channels, phosphodiesterases, and kinases. Studies that primarily used genetic and biochemical tools suggest that cGMP is spatiotemporally regulated in multiple sensory modalities. FRET- and GFP-based cGMP sensors were developed to visualize cGMP in primary cell culture and Caenorhabditis elegans to corroborate these findings. While a FRET-based sensor has been used in an intact animal to visualize cGMP, the requirement of a multiple emission system limits its ability to be used on its own as well as with other fluorophores. Here, we demonstrate that a C. elegans codon-optimized version of the cpEGFP-based cGMP sensor FlincG3 can be used to visualize rapidly changing cGMP levels in living, behaving C. elegans. We coexpressed FlincG3 with the blue-light-activated guanylyl cyclases BeCyclOp and bPGC in body wall muscles, and found that the rate of change in FlincG3 fluorescence correlated with the rate of cGMP production by each cyclase. Furthermore, we show that FlincG3 responds to cultivation temperature, NaCl concentration changes, and sodium dodecyl sulfate in the sensory neurons AFD, ASEL/R, and PHB, respectively. Intriguingly, FlincG3 fluorescence in ASEL and ASER decreased in response to a NaCl concentration upstep and downstep, respectively, which is opposite in sign to the coexpressed calcium sensor jRGECO1a and previously published calcium recordings. These results illustrate that FlincG3 can be used to report rapidly changing cGMP levels in an intact animal, and that the reporter can potentially reveal unexpected spatiotemporal landscapes of cGMP in response to stimuli."
7190830,32350283,Neuromedin U signaling regulates retrieval of learned salt avoidance in a C. elegans gustatory circuit,2020,Nature Communications,10.1038/s41467-020-15964-9,"['Watteyne, Jan', 'Peymen, Katleen', 'Van der Auwera, Petrus', 'Borghgraef, Charline', 'Vandewyer, Elke', 'Van Damme, Sara', 'Rutten, Iene', 'Lammertyn, Jeroen', 'Jelier, Rob', 'Schoofs, Liliane', 'Beets, Isabel']","['peptides', 'learning and memory', 'neural circuits', 'sensory processing']",26,"{'lsy-6': 0, 'che-1': 0}",0.0,"{'lsy-6': 0.0, 'che-1': 0.0}",11819,"Learning and memory are regulated by neuromodulatory pathways, but the contribution and temporal requirement of most neuromodulators in a learning circuit are unknown. Here we identify the evolutionarily conserved neuromedin U (NMU) neuropeptide family as a regulator of C. elegans gustatory aversive learning. The NMU homolog CAPA-1 and its receptor NMUR-1 are required for the retrieval of learned salt avoidance. Gustatory aversive learning requires the release of CAPA-1 neuropeptides from sensory ASG neurons that respond to salt stimuli in an experience-dependent manner. Optogenetic silencing of CAPA-1 neurons blocks the expression, but not the acquisition, of learned salt avoidance. CAPA-1 signals through NMUR-1 in AFD sensory neurons to modulate two navigational strategies for salt chemotaxis. Aversive conditioning thus recruits NMU signaling to modulate locomotor programs for expressing learned avoidance behavior. Because NMU signaling is conserved across bilaterian animals, our findings incite further research into its function in other learning circuits."
8735970,34908528,Mechanism of life-long maintenance of neuron identity despite molecular fluctuations,2021,eLife,10.7554/eLife.66955.sa0,"['Traets, Joleen JH', 'van der Burght, Servaas N', 'Rademakers, Suzanne', 'Jansen, Gert', 'van Zon, Jeroen S', 'Hauf, Silke', 'Walczak, Aleksandra M', 'Hauf, Silke', 'Becskei, Attila', 'Hauf, Silke']","['neuronal cell fate', 'bistability', 'gene regulatory network', 'stochastic gene expression', 'molecular fluctuations', 'chemotaxis', 'c. elegans']",9,"{'lsy-6': 0, 'che-1': 1006}",129.56044885410057,"{'lsy-6': 0.0, 'che-1': 0.043821056758287236}",22957,"Cell fate is maintained over long timescales, yet molecular fluctuations can lead to spontaneous loss of this differentiated state. Our simulations identified a possible mechanism that explains life-long maintenance of ASE neuron fate in Caenorhabditis elegans by the terminal selector transcription factor CHE-1. Here, fluctuations in CHE-1 level are buffered by the reservoir of CHE-1 bound at its target promoters, which ensures continued che-1 expression by preferentially binding the che-1 promoter. We provide experimental evidence for this mechanism by showing that che-1 expression was resilient to induced transient CHE-1 depletion, while both expression of CHE-1 targets and ASE function were lost. We identified a 130 bp che-1 promoter fragment responsible for this resilience, with deletion of a homeodomain binding site in this fragment causing stochastic loss of ASE identity long after its determination. Because network architectures that support this mechanism are highly conserved in cell differentiation, it may explain stable cell fate maintenance in many systems."
10139094,37108126,A Compilation of the Diverse miRNA Functions in Caenorhabditis elegans and Drosophila melanogaster Development,2023,International Journal of Molecular Sciences,10.3390/ijms24086963,"['Quesnelle, Daniel C.', 'Bendena, William G.', 'Chin-Sang, Ian D.', 'Hoffmann, Klaus H.']","['mirna', 'non-coding rna', 'c. elegans', 'drosophila', 'development', 'gene regulation']",4,"{'lsy-6': 0, 'che-1': 0}",0.0,"{'lsy-6': 0.0, 'che-1': 0.0}",0,"MicroRNAs are critical regulators of post-transcriptional gene expression in a wide range of taxa, including invertebrates, mammals, and plants. Since their discovery in the nematode, Caenorhabditis elegans, miRNA research has exploded, and they are being identified in almost every facet of development. Invertebrate model organisms, particularly C. elegans, and Drosophila melanogaster, are ideal systems for studying miRNA function, and the roles of many miRNAs are known in these animals. In this review, we compiled the functions of many of the miRNAs that are involved in the development of these invertebrate model species. We examine how gene regulation by miRNAs shapes both embryonic and larval development and show that, although many different aspects of development are regulated, several trends are apparent in the nature of their regulation."
6944407,31740450,Control of Locomotory Behavior of Caenorhabditis elegans by the Immunoglobulin Superfamily Protein RIG-3,2020,Genetics,10.1534/genetics.119.302872,"['Bhardwaj, Ashwani', 'Pandey, Pratima', 'Babu, Kavita']","['rig-3', 'ava', 'glr-1', 'neuropeptide', 'caenorhabditis elegans']",10,"{'lsy-6': 0, 'che-1': 0}",0.0,"{'lsy-6': 0.0, 'che-1': 0.0}",0,"Cell surface immunoglobulin superfamily (IgSF) proteins play important roles in the development and function of the nervous system . Here we define the role of a Caenorhabditis elegans IgSF protein, RIG-3, in the function of the AVA command interneuron. This study reveals that RIG-3 regulates the abundance of the glutamate receptor subunit, GLR-1, in the AVA command interneuron and also regulates reversal behavior in C. elegans. The mutant strain lacking rig-3 (rig-3 (ok2156)) shows increased reversal frequency during local search behaviors. Genetic and behavioral experiments suggest that RIG-3 functions through GLR-1 to regulate reversal behavior. We also show that the increased reversal frequency seen in rig-3 mutants is dependent on the increase in GLR-1 abundance at synaptic inputs to AVA, suggesting that RIG-3 alters the synaptic strength of incoming synapses through GLR-1. Consistent with the imaging experiments, altered synaptic strength was also reflected in increased calcium transients in rig-3 mutants when compared to wild-type control animals. Our results further suggest that animals lacking rig-3 show increased AVA activity, allowing the release of FLP-18 neuropeptide from AVA, which is an activity-dependent signaling molecule. Finally, we show that FLP-18 functions through the neuropeptide receptor, NPR-5, to modulate reversal behavior in C. elegans."
6456319,30792268,Multiple Pathways Act Together To Establish Asymmetry of the Ventral Nerve Cord in Caenorhabditis elegans,2019,Genetics,10.1534/genetics.119.301999,"['Taylor, Jesse', 'Hutter, Harald']","['asymmetry', 'central nervous system', 'ventral nerve cord', 'axon guidance']",4,"{'lsy-6': 0, 'che-1': 0}",0.0,"{'lsy-6': 0.0, 'che-1': 0.0}",0,"The central nervous system of most animals is bilaterally symmetrical. Closer observation often reveals some functional or anatomical left–right asymmetries. In the nematode Caenorhabditis elegans, the most obvious asymmetry in the nervous system is found in the ventral nerve cord (VNC), where most axons are in the right axon tract. The asymmetry is established when axons entering the VNC from the brain switch from the left to the right side at the anterior end of the VNC. In genetic screens we identified several mutations compromising VNC asymmetry. This includes alleles of col-99 (encoding a transmembrane collagen), unc-52/perlecan and unc-34 (encoding the actin modulator Enabled/Vasodilator-stimulated phosphoproteins). In addition, we evaluated mutants in known axon guidance pathways for asymmetry defects and used genetic interaction studies to place the genes into genetic pathways. In total we identified four different pathways contributing to the establishment of VNC asymmetry, represented by UNC-6/netrin, SAX-3/Robo, COL-99, and EPI-1/laminin. The combined inactivation of these pathways in triple and quadruple mutants leads to highly penetrant VNC asymmetry defects, suggesting these pathways are important contributors to the establishment of VNC asymmetry in C. elegans."
7834019,33492228,Roles of the ClC chloride channel CLH-1 in food-associated salt chemotaxis behavior of C. elegans,2021,eLife,10.7554/eLife.55701.sa2,"['Park, Chanhyun', 'Sakurai, Yuki', 'Sato, Hirofumi', 'Kanda, Shinji', 'Iino, Yuichi', 'Kunitomo, Hirofumi', 'Sengupta, Piali', 'Aldrich, Richard W', 'Sengupta, Piali']","['chloride channel', 'chemotaxis', 'adaptive behavior', 'sensory processing', 'c. elegans']",6,"{'lsy-6': 0, 'che-1': 0}",0.0,"{'lsy-6': 0.0, 'che-1': 0.0}",12007,"The ability of animals to process dynamic sensory information facilitates foraging in an ever-changing environment. However, molecular and neural mechanisms underlying such ability remain elusive. The ClC anion channels/transporters play a pivotal role in cellular ion homeostasis across all phyla. Here, we find a ClC chloride channel is involved in salt concentration chemotaxis of Caenorhabditis elegans. Genetic screening identified two altered-function mutations of clh-1 that disrupt experience-dependent salt chemotaxis. Using genetically encoded fluorescent sensors, we demonstrate that CLH-1 contributes to regulation of intracellular anion and calcium dynamics of salt-sensing neuron, ASER. The mutant CLH-1 reduced responsiveness of ASER to salt stimuli in terms of both temporal resolution and intensity, which disrupted navigation strategies for approaching preferred salt concentrations. Furthermore, other ClC genes appeared to act redundantly in salt chemotaxis. These findings provide insights into the regulatory mechanism of neuronal responsivity by ClCs that contribute to modulation of navigation behavior."
11006214,38598630,A tonically active master neuron modulates mutually exclusive motor states at two timescales,2024,Science Advances,10.1126/sciadv.adk0002,"['Meng, Jun', 'Ahamed, Tosif', 'Yu, Bin', 'Hung, Wesley', 'EI Mouridi, Sonia', 'Wang, Zezhen', 'Zhang, Yongning', 'Wen, Quan', 'Boulin, Thomas', 'Gao, Shangbang', 'Zhen, Mei']",[],11,"{'lsy-6': 0, 'che-1': 0}",0.0,"{'lsy-6': 0.0, 'che-1': 0.0}",10586,"Continuity of behaviors requires animals to make smooth transitions between mutually exclusive behavioral states. Neural principles that govern these transitions are not well understood. Caenorhabditis elegans spontaneously switch between two opposite motor states, forward and backward movement, a phenomenon thought to reflect the reciprocal inhibition between interneurons AVB and AVA. Here, we report that spontaneous locomotion and their corresponding motor circuits are not separately controlled. AVA and AVB are neither functionally equivalent nor strictly reciprocally inhibitory. AVA, but not AVB, maintains a depolarized membrane potential. While AVA phasically inhibits the forward promoting interneuron AVB at a fast timescale, it maintains a tonic, extrasynaptic excitation on AVB over the longer timescale. We propose that AVA, with tonic and phasic activity of opposite polarities on different timescales, acts as a master neuron to break the symmetry between the underlying forward and backward motor circuits. This master neuron model offers a parsimonious solution for sustained locomotion consisted of mutually exclusive motor states."
3116913,21698137,"A Genome-Wide RNAi Screen for Factors Involved in Neuronal Specification in Caenorhabditis elegans'], b'Screen for Neuronal Fate Mutants",2011,PLoS Genetics,10.1371/journal.pgen.1002109,"['Poole, Richard J.', 'Bashllari, Enkelejda', 'Cochella, Luisa', 'Flowers, Eileen B.', 'Hobert, Oliver', 'Mango, Susan E.']",[],33,"{'lsy-6': 35, 'che-1': 12}",19.57043622470127,"{'lsy-6': 0.003348641408342901, 'che-1': 0.001148105625717566}",10452,"One of the central goals of developmental neurobiology is to describe and understand the multi-tiered molecular events that control the progression of a fertilized egg to a terminally differentiated neuron. In the nematode Caenorhabditis elegans, the progression from egg to terminally differentiated neuron has been visually traced by lineage analysis. For example, the two gustatory neurons ASEL and ASER, a bilaterally symmetric neuron pair that is functionally lateralized, are generated from a fertilized egg through an invariant sequence of 11 cellular cleavages that occur stereotypically along specific cleavage planes. Molecular events that occur along this developmental pathway are only superficially understood. We take here an unbiased, genome-wide approach to identify genes that may act at any stage to ensure the correct differentiation of ASEL. Screening a genome-wide RNAi library that knocks-down 18,179 genes (94% of the genome), we identified 245 genes that affect the development of the ASEL neuron, such that the neuron is either not generated, its fate is converted to that of another cell, or cells from other lineage branches now adopt ASEL fate. We analyze in detail two factors that we identify from this screen: (1) the proneural gene hlh-14, which we find to be bilaterally expressed in the ASEL/R lineages despite their asymmetric lineage origins and which we find is required to generate neurons from several lineage branches including the ASE neurons, and (2) the COMPASS histone methyltransferase complex, which we find to be a critical embryonic inducer of ASEL/R asymmetry, acting upstream of the previously identified miRNA lsy-6. Our study represents the first comprehensive, genome-wide analysis of a single neuronal cell fate decision. The results of this analysis provide a starting point for future studies that will eventually lead to a more complete understanding of how individual neuronal cell types are generated from a single-cell embryo."
6031575,29875264,Loss of CaMKI Function Disrupts Salt Aversive Learning in C. elegans,2018,The Journal of Neuroscience,10.1523/JNEUROSCI.1611-17.2018,"['Lim, Jana P.', 'Fehlauer, Holger', 'Das, Alakananda', 'Saro, Gabriella', 'Glauser, Dominique A.', 'Brunet, Anne', 'Goodman, Miriam B.']","['calcium imaging', 'cam kinase', 'chemotaxis', 'learning', 'salt-seeking']",20,"{'lsy-6': 0, 'che-1': 0}",0.0,"{'lsy-6': 0.0, 'che-1': 0.0}",0,"The ability to adapt behavior to environmental fluctuations is critical for survival of organisms ranging from invertebrates to mammals. Caenorhabditis elegans can learn to avoid sodium chloride when it is paired with starvation. This behavior may help animals avoid areas without food. Although some genes have been implicated in this salt-aversive learning behavior, critical genetic components, and the neural circuit in which they act, remain elusive. Here, we show that the sole worm ortholog of mammalian CaMKI/IV, CMK-1, is essential for salt-aversive learning behavior in C. elegans hermaphrodites. We find that CMK-1 acts in the primary salt-sensing ASE neurons to regulate this behavior. By characterizing the intracellular calcium dynamics in ASE neurons using microfluidics, we find that loss of cmk-1 has subtle effects on sensory-evoked calcium responses in ASE axons and their modulation by salt conditioning. Our study implicates the expression of the conserved CaMKI/CMK-1 in chemosensory neurons as a regulator of behavioral plasticity to environmental salt in C. elegans."
8607169,34819841,Structural Analysis of the Caenorhabditis elegans Dauer Larval Anterior Sensilla by Focused Ion Beam-Scanning Electron Microscopy,2021,Frontiers in Neuroanatomy,10.3389/fnana.2021.732520,"['Britz, Sebastian', 'Markert, Sebastian Matthias', 'Witvliet, Daniel', 'Steyer, Anna Maria', 'Tröger, Sarah', 'Mulcahy, Ben', 'Kollmannsberger, Philip', 'Schwab, Yannick', 'Zhen, Mei', 'Stigloher, Christian']","['fib-sem', '3d reconstruction', 'neuroanatomy', 'il2 branching', 'amphids', 'caenorhabditis elegans (c. elegans)', 'dauer']",10,"{'lsy-6': 0, 'che-1': 0}",0.0,"{'lsy-6': 0.0, 'che-1': 0.0}",8535,"At the end of the first larval stage, the nematode Caenorhabditis elegans developing in harsh environmental conditions is able to choose an alternative developmental path called the dauer diapause. Dauer larvae exhibit different physiology and behaviors from non-dauer larvae. Using focused ion beam-scanning electron microscopy (FIB-SEM), we volumetrically reconstructed the anterior sensory apparatus of C. elegans dauer larvae with unprecedented precision. We provide a detailed description of some neurons, focusing on structural details that were unknown or unresolved by previously published studies. They include the following: (1) dauer-specific branches of the IL2 sensory neurons project into the periphery of anterior sensilla and motor or putative sensory neurons at the sub-lateral cords; (2) ciliated endings of URX sensory neurons are supported by both ILso and AMso socket cells near the amphid openings; (3) variability in amphid sensory dendrites among dauers; and (4) somatic RIP interneurons maintain their projection into the pharyngeal nervous system. Our results support the notion that dauer larvae structurally expand their sensory system to facilitate searching for more favorable environments."
6030117,29925633,Multimodal sensory processing in Caenorhabditis elegans,2018,Open Biology,10.1098/rsob.180049,"['Metaxakis, Athanasios', 'Petratou, Dionysia', 'Tavernarakis, Nektarios']","['caenorhabditis elegans', 'behavioural plasticity', 'multisensory processing', 'interneuron', 'sensory integration']",23,"{'lsy-6': 0, 'che-1': 0}",0.0,"{'lsy-6': 0.0, 'che-1': 0.0}",3899,"Multisensory integration is a mechanism that allows organisms to simultaneously sense and understand external stimuli from different modalities. These distinct signals are transduced into neuronal signals that converge into decision-making neuronal entities. Such decision-making centres receive information through neuromodulators regarding the organism\'s physiological state and accordingly trigger behavioural responses. Despite the importance of multisensory integration for efficient functioning of the nervous system, and also the implication of dysfunctional multisensory integration in the aetiology of neuropsychiatric disease, little is known about the relative molecular mechanisms. Caenorhabditis elegans is an appropriate model system to study such mechanisms and elucidate the molecular ways through which organisms understand external environments in an accurate and coherent fashion."
9433090,36044259,Diverse states and stimuli tune olfactory receptor expression levels to modulate food-seeking behavior,2022,eLife,10.7554/eLife.79557.sa2,"['McLachlan, Ian G', 'Kramer, Talya S', 'Dua, Malvika', 'DiLoreto, Elizabeth M', 'Gomes, Matthew A', 'Dag, Ugur', 'Srinivasan, Jagan', 'Flavell, Steven W', 'Kaplan, Joshua M', 'Calabrese, Ronald L', 'Kaplan, Joshua M', 'Crickmore, Mike', 'Kaplan, Joshua M']","['integration', 'behavioral states', 'neural circuits', 'olfaction', 'sensorimotor', 'c. elegans', 'c. elegans']",24,"{'lsy-6': 0, 'che-1': 0}",0.0,"{'lsy-6': 0.0, 'che-1': 0.0}",14278,"Animals must weigh competing needs and states to generate adaptive behavioral responses to the environment. Sensorimotor circuits are thus tasked with integrating diverse external and internal cues relevant to these needs to generate context-appropriate behaviors. However, the mechanisms that underlie this integration are largely unknown. Here, we show that a wide range of states and stimuli converge upon a single Caenorhabditis elegans olfactory neuron to modulate food-seeking behavior. Using an unbiased ribotagging approach, we find that the expression of olfactory receptor genes in the AWA olfactory neuron is influenced by a wide array of states and stimuli, including feeding state, physiological stress, and recent sensory cues. We identify odorants that activate these state-dependent olfactory receptors and show that altered expression of these receptors influences food-seeking and foraging. Further, we dissect the molecular and neural circuit pathways through which external sensory information and internal nutritional state are integrated by AWA. This reveals a modular organization in which sensory and state-related signals arising from different cell types in the body converge on AWA and independently control chemoreceptor expression. The synthesis of these signals by AWA allows animals to generate sensorimotor responses that reflect the animal’s overall state. Our findings suggest a general model in which sensory- and state-dependent transcriptional changes at the sensory periphery modulate animals’ sensorimotor responses to meet their ongoing needs and states."
9992843,36812209,Transcriptome age of individual cell types in Caenorhabditis elegans,2023,Proceedings of the National Academy of Sciences of the United States of America,10.1073/pnas.2216351120,"['Ma, Fuqiang', 'Zheng, Chaogu']","['transcriptome age index', 'developmental hourglass pattern', 'evolutionary conservation', 'caenorhabditis elegans']",9,"{'lsy-6': 0, 'che-1': 0}",0.0,"{'lsy-6': 0.0, 'che-1': 0.0}",0,"Previous studies of the whole embryo gene expression profiles found that older genes tend to be expressed in midembryonic stages, while younger genes are expressed in early and late embryos, suggesting that the midembryonic stage is the most conserved. We analyzed the transcriptome age of individual cell types using single-cell transcriptomic data in the nematode Caenorhabditis elegans. Our results confirmed the “hourglass” shape of the transcriptome age profile across development at the single-cell level and identified the cells and tissues that contribute to these changes. Moreover, by comparing the transcriptome ages of individual neuron types, we identified a potential coevolution of chemosensory neurons and their downstream interneurons and generated some hypotheses for the evolutionary relationship between some neuron types."
9548130,36209082,Dissection of a sensorimotor circuit underlying pathogen aversion in C. elegans,2022,BMC Biology,10.1186/s12915-022-01424-x,"['Filipowicz, Adam', 'Lalsiamthara, Jonathan', 'Aballay, Alejandro']","['behavioral immunity', 'caenorhabditis elegans', 'neural circuits', 'pathogen avoidance', 'whole-brain modeling']",5,"{'lsy-6': 0, 'che-1': 0}",0.0,"{'lsy-6': 0.0, 'che-1': 0.0}",0,"Altering animal behavior to reduce pathogen exposure is a key line of defense against pathogen attack. In Caenorhabditis elegans, alterations in intestinal physiology caused by pathogen colonization and sensation of microbial metabolites may lead to activation of pathogen aversive behaviors ranging from aversive reflexes to learned avoidance. However, the neural circuitry between chemosensory neurons that sense pathogenic bacterial cues and the motor neurons responsible for avoidance-associated locomotion remains unknown."
7190641,32350248,"MALT-1 mediates IL-17 neural signaling to regulate C. elegans behavior, immunity and longevity",2020,Nature Communications,10.1038/s41467-020-15872-y,"['Flynn, Sean M.', 'Chen, Changchun', 'Artan, Murat', 'Barratt, Stephen', 'Crisp, Alastair', 'Nelson, Geoffrey M.', 'Peak-Chew, Sew-Yeu', 'Begum, Farida', 'Skehel, Mark', 'de Bono, Mario']","['molecular neuroscience', 'neuroimmunology']",16,"{'lsy-6': 0, 'che-1': 0}",0.0,"{'lsy-6': 0.0, 'che-1': 0.0}",9608,"Besides pro-inflammatory roles, the ancient cytokine interleukin-17 (IL-17) modulates neural circuit function. We investigate IL-17 signaling in neurons, and the extent it can alter organismal phenotypes. We combine immunoprecipitation and mass spectrometry to biochemically characterize endogenous signaling complexes that function downstream of IL-17 receptors in C. elegans neurons. We identify the paracaspase MALT-1 as a critical output of the pathway. MALT1 mediates signaling from many immune receptors in mammals, but was not previously implicated in IL-17 signaling or nervous system function. C. elegans MALT-1 forms a complex with homologs of Act1 and IRAK and appears to function both as a scaffold and a protease. MALT-1 is expressed broadly in the C. elegans nervous system, and neuronal IL-17–MALT-1 signaling regulates multiple phenotypes, including escape behavior, associative learning, immunity and longevity. Our data suggest MALT1 has an ancient role modulating neural circuit function downstream of IL-17 to remodel physiology and behavior."
9524666,36178933,Widespread employment of conserved C. elegans homeobox genes in neuronal identity specification,2022,PLoS Genetics,10.1371/journal.pgen.1010372,"['Reilly, Molly B.', 'Tekieli, Tessa', 'Cros, Cyril', 'Aguilar, G. Robert', 'Lao, James', 'Toker, Itai Antoine', 'Vidal, Berta', 'Leyva-Díaz, Eduardo', 'Bhattacharya, Abhishek', 'Cook, Steven J.', 'Smith, Jayson J.', 'Kovacevic, Ismar', 'Gulez, Burcu', 'Fernandez, Robert W.', 'Bradford, Elisabeth F.', 'Ramadan, Yasmin H.', 'Kratsios, Paschalis', 'Bao, Zhirong', 'Hobert, Oliver', 'Chisholm, Andrew D.']",[],25,"{'lsy-6': 0, 'che-1': 0}",0.0,"{'lsy-6': 0.0, 'che-1': 0.0}",14480,"Homeobox genes are prominent regulators of neuronal identity, but the extent to which their function has been probed in animal nervous systems remains limited. In the nematode Caenorhabditis elegans, each individual neuron class is defined by the expression of unique combinations of homeobox genes, prompting the question of whether each neuron class indeed requires a homeobox gene for its proper identity specification. We present here progress in addressing this question by extending previous mutant analysis of homeobox gene family members and describing multiple examples of homeobox gene function in different parts of the C. elegans nervous system. To probe homeobox function, we make use of a number of reporter gene tools, including a novel multicolor reporter transgene, NeuroPAL, which permits simultaneous monitoring of the execution of multiple differentiation programs throughout the entire nervous system. Using these tools, we add to the previous characterization of homeobox gene function by identifying neuronal differentiation defects for 14 homeobox genes in 24 distinct neuron classes that are mostly unrelated by location, function and lineage history. 12 of these 24 neuron classes had no homeobox gene function ascribed to them before, while in the other 12 neuron classes, we extend the combinatorial code of transcription factors required for specifying terminal differentiation programs. Furthermore, we demonstrate that in a particular lineage, homeotic identity transformations occur upon loss of a homeobox gene and we show that these transformations are the result of changes in homeobox codes. Combining the present with past analyses, 113 of the 118 neuron classes of C. elegans are now known to require a homeobox gene for proper execution of terminal differentiation programs. Such broad deployment indicates that homeobox function in neuronal identity specification may be an ancestral feature of animal nervous systems."
4176233,25092291,Caenorhabditis elegans Recognizes a Bacterial Quorum-sensing Signal Molecule through the AWCON Neuron*,2014,The Journal of Biological Chemistry,10.1074/jbc.M114.573832,"['Werner, Kristen M.', 'Perez, Lark J.', 'Ghosh, Rajarshi', 'Semmelhack, Martin F.', 'Bassler, Bonnie L.']","['bacterial signal transduction', 'caenorhabditis elegans (c. elegans)', 'chemotaxis', 'gene regulation', 'quorum sensing', 'v. cholerae']",20,"{'lsy-6': 0, 'che-1': 0}",0.0,"{'lsy-6': 0.0, 'che-1': 0.0}",0,Background: The nematode Caenorhabditis elegans consumes bacteria as its sole food source.
7367206,32542321,Combining single-cell RNA-sequencing with a molecular atlas unveils new markers for Caenorhabditis elegans neuron classes,2020,Nucleic Acids Research,10.1093/nar/gkaa486,"['Lorenzo, Ramiro', 'Onizuka, Michiho', 'Defrance, Matthieu', 'Laurent, Patrick']",[],30,"{'lsy-6': 0, 'che-1': 0}",0.0,"{'lsy-6': 0.0, 'che-1': 0.0}",1242,"Single-cell RNA-sequencing (scRNA-seq) of the Caenorhabditis elegans nervous system offers the unique opportunity to obtain a partial expression profile for each neuron within a known connectome. Building on recent scRNA-seq data and on a molecular atlas describing the expression pattern of ∼800 genes at the single cell resolution, we designed an iterative clustering analysis aiming to match each cell-cluster to the ∼100 anatomically defined neuron classes of C. elegans. This heuristic approach successfully assigned 97 of the 118 neuron classes to a cluster. Sixty two clusters were assigned to a single neuron class and 15 clusters grouped neuron classes sharing close molecular signatures. Pseudotime analysis revealed a maturation process occurring in some neurons (e.g. PDA) during the L2 stage. Based on the molecular profiles of all identified neurons, we predicted cell fate regulators and experimentally validated unc-86 for the normal differentiation of RMG neurons. Furthermore, we observed that different classes of genes functionally diversify sensory neurons, interneurons and motorneurons. Finally, we designed 15 new neuron class-specific promoters validated in vivo. Amongst them, 10 represent the only specific promoter reported to this day, expanding the list of neurons amenable to genetic manipulations."
3233726,21737278,Notch-dependent induction of left/right asymmetry in C. elegans interneurons and motoneurons,2011,Current biology : CB,10.1016/j.cub.2011.06.016,"['Bertrand, Vincent', 'Bisso, Paul', 'Poole, Richard J.', 'Hobert, Oliver']",[],22,"{'lsy-6': 0, 'che-1': 0}",0.0,"{'lsy-6': 0.0, 'che-1': 0.0}",0,"Although invertebrate and vertebrate nervous systems are largely bilateral symmetric on a structural level, they display striking degrees of functional left/right (L/R) asymmetry. In Caenorhabditis elegans two structurally symmetric pairs of sensory neurons, ASE and AWC display distinct types of functional L/R asymmetry (stereotyped vs. stochastic asymmetry), which are controlled by distinct molecular mechanisms [1–3]. Beyond these two cases, the extent of neuronal asymmetry in the C. elegans nervous system and the types and diversities of mechanisms that control other potential asymmetries remain to be determined. Here, we report that the Beta3/Olig-type bHLH transcription factor hlh-16 is L/R asymmetrically expressed in several distinct, otherwise bilaterally symmetric interneuron and motoneuron pairs. These neuron pairs are part of a known circuit controlling C. elegans navigation. We find that hlh-16 asymmetry is generated during gastrulation by an asymmetric LAG-2/Delta signal originating from the mesoderm. This signal promotes hlh-16 expression in neurons on the left side through direct binding of the Notch effector LAG-1/Su(H)/CBF to a cis-regulatory element in the hlh-16 locus. Through the removal of hlh-16 we reveal an unanticipated asymmetry in the ability of the axons of the AIY interneurons to extend into the nerve ring, with the left AIY axon requiring elevated hlh-16 expression for correct extension. Taken together, our study suggests that the extent of molecular L/R asymmetry in the C. elegans nervous system is broader than previously anticipated, it establishes a novel signaling mechanism that crosses germ layers to diversify bilaterally symmetric neuronal lineages, and reveals L/R asymmetric control of axonal outgrowth of bilaterally symmetric neurons."
10531806,37754839,Identifying Molecular Roadblocks for Transcription Factor-Induced Cellular Reprogramming In Vivo by Using C. elegans as a Model Organism,2023,Journal of Developmental Biology,10.3390/jdb11030037,"['Özcan, Ismail', 'Tursun, Baris', 'Conway, Simon J.', 'Corsi, Ann K.', 'Golden, Andy']","['cellular reprogramming', 'transcription factor', 'reprogramming barrier', 'cell fate-safeguarding', 'c. elegans', 'rnai']",0,"{'lsy-6': 0, 'che-1': 0}",0.0,"{'lsy-6': 0.0, 'che-1': 0.0}",0,"Generating specialized cell types via cellular transcription factor (TF)-mediated reprogramming has gained high interest in regenerative medicine due to its therapeutic potential to repair tissues and organs damaged by diseases or trauma. Organ dysfunction or improper tissue functioning might be restored by producing functional cells via direct reprogramming, also known as transdifferentiation. Regeneration by converting the identity of available cells in vivo to the desired cell fate could be a strategy for future cell replacement therapies. However, the generation of specific cell types via reprogramming is often restricted due to cell fate-safeguarding mechanisms that limit or even block the reprogramming of the starting cell type. Nevertheless, efficient reprogramming to generate homogeneous cell populations with the required cell type’s proper molecular and functional identity is critical. Incomplete reprogramming will lack therapeutic potential and can be detrimental as partially reprogrammed cells may acquire undesired properties and develop into tumors. Identifying and evaluating molecular barriers will improve reprogramming efficiency to reliably establish the target cell identity. In this review, we summarize how using the nematode C. elegans as an in vivo model organism identified molecular barriers of TF-mediated reprogramming. Notably, many identified molecular factors have a high degree of conservation and were subsequently shown to block TF-induced reprogramming of mammalian cells."
12208668,40586702,Evolution of lateralized gustation in nematodes,2025,eLife,10.7554/eLife.103796.3.sa0,['NA'],"['pristionchus pacificus', 'lateral asymmetry', 'calcium imaging', 'other', 'convincing', 'valuable']",2,"{'lsy-6': 7, 'che-1': 112}",33.780350784148816,"{'lsy-6': 0.0007532551382761218, 'che-1': 0.012052082212417948}",9293,"Animals with small nervous systems have a limited number of sensory neurons that must encode information from a changing environment. This problem is particularly exacerbated in nematodes that populate a wide variety of distinct ecological niches but only have a few sensory neurons available to encode multiple modalities. How does sensory diversity prevail within this constraint in neuron number? To identify the genetic basis for patterning different nervous systems, we demonstrate that sensory neurons in Pristionchus pacificus respond to various salt sensory cues in a manner that is partially distinct from that of the distantly related nematode Caenorhabditis elegans. Previously we showed that P. pacificus likely lacked bilateral asymmetry (Hong et al., 2019). Here, we show that by visualizing neuronal activity patterns, contrary to previous expectations based on its genome sequence, the salt responses of P. pacificus are encoded in a left/right asymmetric manner in the bilateral ASE neuron pair. Our study illustrates patterns of evolutionary stability and change in the gustatory system of nematodes."
3014911,21122110,Developmental control of lateralized neuron size in the nematode Caenorhabditis elegans,2010,Neural Development,10.1186/1749-8104-5-33,"['Goldsmith, Andrew D', 'Sarin, Sumeet', 'Lockery, Shawn', 'Hobert, Oliver']",[],15,"{'lsy-6': 0, 'che-1': 0}",0.0,"{'lsy-6': 0.0, 'che-1': 0.0}",0,"Nervous systems are generally bilaterally symmetric on a gross structural and organizational level but are strongly lateralized (left/right asymmetric) on a functional level. It has been previously noted that in vertebrate nervous systems, symmetrically positioned, bilateral groups of neurons in functionally lateralized brain regions differ in the size of their soma. The genetic mechanisms that control these left/right asymmetric soma size differences are unknown. The nematode Caenorhabditis elegans offers the opportunity to study this question with single neuron resolution. A pair of chemosensory neurons (ASEL and ASER), which are bilaterally symmetric on several levels (projections, synaptic connectivity, gene expression patterns), are functionally lateralized in that they express distinct chemoreceptors and sense distinct chemosensory cues."
8429449,34504291,Plasticity in gustatory and nociceptive neurons controls decision making in C. elegans salt navigation,2021,Communications Biology,10.1038/s42003-021-02561-9,"['Dekkers, Martijn P. J.', 'Salfelder, Felix', 'Sanders, Tom', 'Umuerri, Oluwatoroti', 'Cohen, Netta', 'Jansen, Gert']","['sensory processing', 'computational models']",8,"{'lsy-6': 2, 'che-1': 9}",3.239174502903664,"{'lsy-6': 0.00020451988955925963, 'che-1': 0.0009203395030166684}",9779,"A conventional understanding of perception assigns sensory organs the role of capturing the environment. Better sensors result in more accurate encoding of stimuli, allowing for cognitive processing downstream. Here we show that plasticity in sensory neurons mediates a behavioral switch in C. elegans between attraction to NaCl in naïve animals and avoidance of NaCl in preconditioned animals, called gustatory plasticity. Ca2+ imaging in ASE and ASH NaCl sensing neurons reveals multiple cell-autonomous and distributed circuit adaptation mechanisms. A computational model quantitatively accounts for observed behaviors and reveals roles for sensory neurons in the control and modulation of motor behaviors, decision making and navigational strategy. Sensory adaptation dynamically alters the encoding of the environment. Rather than encoding the stimulus directly, therefore, we propose that these C. elegans sensors dynamically encode a context-dependent value of the stimulus. Our results demonstrate how adaptive sensory computation can directly control an animal’s behavioral state."
3813872,23979582,Mechanisms of Ephrin Receptor Protein Kinase-Independent Signaling in Amphid Axon Guidance in Caenorhabditis elegans,2013,Genetics,10.1534/genetics.113.154393,"['Grossman, Emily N.', 'Giurumescu, Claudiu A.', 'Chisholm, Andrew D.']","['ephrin', 'amphid', 'left–right asymmetry', 'abl tyrosine kinase', 'phosphatidylinositol 3-kinase']",14,"{'lsy-6': 0, 'che-1': 0}",0.0,"{'lsy-6': 0.0, 'che-1': 0.0}",0,"Eph receptors and their ephrin ligands are key conserved regulators of axon guidance and can function in a variety of signaling modes. Here we analyze the genetic and cellular requirements for Eph signaling in a Caenorhabditis elegans axon guidance choice point, the ventral guidance of axons in the amphid commissure. The C. elegans Eph receptor EFN-1 has both kinase-dependent and kinase-independent roles in amphid ventral guidance. Of the four C. elegans ephrins, we find that only EFN-1 has a major role in amphid axon ventral guidance, and signals in both a receptor kinase-dependent and kinase-independent manner. Analysis of EFN-1 and EFN-1 expression and tissue-specific requirements is consistent with a model in which VAB-1 acts in amphid neurons, interacting with EFN-1 expressed on surrounding cells. Unexpectedly, left-hand neurons are more strongly affected than right-hand neurons by loss of Eph signaling, indicating a previously undetected left–right asymmetry in the requirement for Eph signaling. By screening candidate genes involved in Eph signaling, we find that the Eph kinase-independent pathway involves the ABL-1 nonreceptor tyrosine kinase and possibly the phosphatidylinositol 3-kinase pathway. Overexpression of ABL-1 is sufficient to rescue EFN-1 ventral guidance defects cell autonomously. Our results reveal new aspects of Eph signaling in a single axon guidance decision in vivo."
11445397,38565269,Glia Development and Function in the Nematode Caenorhabditis elegans,2024,Cold Spring Harbor perspectives in biology,10.1101/cshperspect.a041346,"['Singhvi, Aakanksha', 'Shaham, Shai', 'Rapti, Georgia']",[],8,"{'lsy-6': 0, 'che-1': 0}",0.0,"{'lsy-6': 0.0, 'che-1': 0.0}",0,"The nematode Caenorhabditis elegans is a powerful experimental setting for uncovering fundamental tenets of nervous system organization and function. Its nearly invariant and simple anatomy, coupled with a plethora of methodologies for interrogating single-gene functions at single-cell resolution in vivo, have led to exciting discoveries in glial cell biology and mechanisms of glia–neuron interactions. Findings over the last two decades reinforce the idea that insights from C. elegans can inform our understanding of glial operating principles in other species. Here, we summarize the current state-of-the-art, and describe mechanistic insights that have emerged from a concerted effort to understand C. elegans glia. The remarkable acceleration in the pace of discovery in recent years paints a portrait of striking molecular complexity, exquisite specificity, and functional heterogeneity among glia. Glial cells affect nearly every aspect of nervous system development and function, from generating neurons, to promoting neurite formation, to animal behavior, and to whole-animal traits, including longevity. We discuss emerging questions where C. elegans is poised to fill critical knowledge gaps in our understanding of glia biology."
5104506,27821536,Stochastic left–right neuronal asymmetry in Caenorhabditis elegans,2016,Philosophical Transactions of the Royal Society B: Biological Sciences,10.1098/rstb.2015.0407,"['Alqadah, Amel', 'Hsieh, Yi-Wen', 'Xiong, Rui', 'Chuang, Chiou-Fen']","['caenorhabditis elegans', 'stochasticity', 'neuronal asymmetry']",14,"{'lsy-6': 0, 'che-1': 0}",0.0,"{'lsy-6': 0.0, 'che-1': 0.0}",0,"Left–right asymmetry in the nervous system is observed across species. Defects in left–right cerebral asymmetry are linked to several neurological diseases, but the molecular mechanisms underlying brain asymmetry in vertebrates are still not very well understood. The Caenorhabditis elegans left and right amphid wing ‘C’ (AWC) olfactory neurons communicate through intercellular calcium signalling in a transient embryonic gap junction neural network to specify two asymmetric subtypes, AWCOFF (default) and AWCON (induced), in a stochastic manner. Here, we highlight the molecular mechanisms that establish and maintain stochastic AWC asymmetry. As the components of the AWC asymmetry pathway are highly conserved, insights from the model organism C. elegans may provide a window onto how brain asymmetry develops in humans."
3894411,24361693,Two distinct types of neuronal asymmetries are controlled by the Caenorhabditis elegans zinc finger transcription factor die-1,2014,Genes & Development,10.1101/gad.233643.113,"['Cochella, Luisa', 'Tursun, Baris', 'Hsieh, Yi-Wen', 'Galindo, Samantha', 'Johnston, Robert J.', 'Chuang, Chiou-Fen', 'Hobert, Oliver']","['asymmetry', 'transcriptional control', 'c. elegans']",23,"{'lsy-6': 0, 'che-1': 0}",0.0,"{'lsy-6': 0.0, 'che-1': 0.0}",0,"Left/right asymmetric features of the body are either randomly distributed on either the left or right side within a population (antisymmetries) or found on one particular side (directional asymmetries). Nervous systems display both types of asymmetries, but it is unknown whether shared regulators establish them. Here, Cochella et al. show that the transcription factor die-1 controls both antisymmetry and directional asymmetry in distinct sensory systems in C. elegans. This study uncovers the first molecular link between two different kinds of body plan asymmetries."
5749674,29293491,An atlas of Caenorhabditis elegans chemoreceptor expression,2018,PLoS Biology,10.1371/journal.pbio.2004218,"['Vidal, Berta', 'Aghayeva, Ulkar', 'Sun, Haosheng', 'Wang, Chen', 'Glenwinkel, Lori', 'Bayer, Emily A.', 'Hobert, Oliver', 'Vosshall, Leslie']",[],63,"{'lsy-6': 0, 'che-1': 0}",0.0,"{'lsy-6': 0.0, 'che-1': 0.0}",9262,"One goal of modern day neuroscience is the establishment of molecular maps that assign unique features to individual neuron types. Such maps provide important starting points for neuron classification, for functional analysis, and for developmental studies aimed at defining the molecular mechanisms of neuron identity acquisition and neuron identity diversification. In this resource paper, we describe a nervous system-wide map of the potential expression sites of 244 members of the largest gene family in the C. elegans genome, rhodopsin-like (class A) G-protein-coupled receptor (GPCR) chemoreceptors, using classic gfp reporter gene technology. We cover representatives of all sequence families of chemoreceptor GPCRs, some of which were previously entirely uncharacterized. Most reporters are expressed in a very restricted number of cells, often just in single cells. We assign GPCR reporter expression to all but two of the 37 sensory neuron classes of the sex-shared, core nervous system. Some sensory neurons express a very small number of receptors, while others, particularly nociceptive neurons, coexpress several dozen GPCR reporter genes. GPCR reporters are also expressed in a wide range of inter- and motorneurons, as well as non-neuronal cells, suggesting that GPCRs may constitute receptors not just for environmental signals, but also for internal cues. We observe only one notable, frequent association of coexpression patterns, namely in one nociceptive amphid (ASH) and two nociceptive phasmid sensory neurons (PHA, PHB). We identified GPCRs with sexually dimorphic expression and several GPCR reporters that are expressed in a left/right asymmetric manner. We identified a substantial degree of GPCR expression plasticity; particularly in the context of the environmentally-induced dauer diapause stage when one third of all tested GPCRs alter the cellular specificity of their expression within and outside the nervous system. Intriguingly, in a number of cases, the dauer-specific alterations of GPCR reporter expression in specific neuron classes are maintained during postdauer life and in some case new patterns are induced post-dauer, demonstrating that GPCR gene expression may serve as traits of life history. Taken together, our resource provides an entry point for functional studies and also offers a host of molecular markers for studying molecular patterning and plasticity of the nervous system."
6633604,31227642,Transcription factor autoregulation is required for acquisition and maintenance of neuronal identity,2019,"Development (Cambridge, England)",10.1242/dev.177378,"['Leyva-Díaz, Eduardo', 'Hobert, Oliver']","['c. elegans', 'autoregulation', 'neuronal identity', 'transcriptional control']",27,"{'lsy-6': 0, 'che-1': 3}",0.0,"{'lsy-6': 0.0, 'che-1': 0.0}",0,"The expression of transcription factors that initiate the specification of a unique cellular identity in multicellular organisms is often maintained throughout the life of the respective cell type via an autoregulatory mechanism. It is generally assumed that such autoregulation serves to maintain the differentiated state of a cell. To experimentally test this assumption, we used CRISPR/Cas9-mediated genome engineering to delete a transcriptional autoregulatory, cis-acting motif in the che-1 zinc-finger transcription factor locus, a terminal selector required to specify the identity of the ASE neuron pair during embryonic development of the nematode Caenorhabditis elegans. We show that che-1 autoregulation is indeed required to maintain the differentiated state of the ASE neurons but that it is also required to amplify che-1 expression during embryonic development to reach an apparent minimal threshold to initiate the ASE differentiation program. We conclude that transcriptional autoregulation fulfills two intrinsically linked purposes: one in proper initiation, the other in proper maintenance of terminal differentiation programs."
6983413,31911469,Presynaptic MAST kinase controls opposing postsynaptic responses to convey stimulus valence in Caenorhabditis elegans,2020,Proceedings of the National Academy of Sciences of the United States of America,10.1073/pnas.1909240117,"['Nakano, Shunji', 'Ikeda, Muneki', 'Tsukada, Yuki', 'Fei, Xianfeng', 'Suzuki, Takamasa', 'Niino, Yusuke', 'Ahluwalia, Rhea', 'Sano, Ayana', 'Kondo, Rumi', 'Ihara, Kunio', 'Miyawaki, Atsushi', 'Hashimoto, Koichi', 'Higashiyama, Tetsuya', 'Mori, Ikue']","['c. elegans', 'thermotaxis', 'mast kinase', 'stomatin', 'diacylglycerol kinase']",18,"{'lsy-6': 0, 'che-1': 0}",0.0,"{'lsy-6': 0.0, 'che-1': 0.0}",0,"Animals need to quickly extract the valence information of sensory stimulus and assess whether the stimulus is attractive or aversive. Deciphering the molecular and circuit mechanisms that determine the stimulus valence is fundamental to understand how the nervous system generates the animal behaviors. Here we report that the AFD thermosensory neurons of C. elegans evoke in its postsynaptic AIY interneurons opposing neuronal responses that correlate with the valence of thermal stimuli. The C. elegans homologs of MAST kinase, Stomatin, and Diacylglycerol kinase function in AFD and regulate the opposing AIY responses. Our results further suggest that the alteration between excitatory and inhibitory AIY responses is mediated by controlling the balance of two opposing signals released from the AFD neurons."
10468299,37310929,Multiple p38/JNK mitogen-activated protein kinase (MAPK) signaling pathways mediate salt chemotaxis learning in C. elegans,2023,G3: Genes|Genomes|Genetics,10.1093/g3journal/jkad129,"['Huang, Taoruo', 'Suzuki, Kota', 'Kunitomo, Hirofumi', 'Tomioka, Masahiro', 'Iino, Yuichi', 'Lee, S']","['caenorhabditis elegans', 'mapk', 'salt chemotaxis learning']",2,"{'lsy-6': 0, 'che-1': 0}",0.0,"{'lsy-6': 0.0, 'che-1': 0.0}",7554,"Animals are able to adapt their behaviors to the environment. In order to achieve this, the nervous system plays integrative roles, such as perception of external signals, sensory processing, and behavioral regulations via various signal transduction pathways. Here genetic analyses of Caenorhabditis elegans (C. elegans) found that mutants of components of JNK and p38 mitogen-activated protein kinase (MAPK) signaling pathways, also known as stress-activated protein kinase (SAPK) signaling pathways, exhibit various types of defects in the learning of salt chemotaxis. C. elegans homologs of JNK MAPKKK and MAPKK, MLK-1 and MEK-1, respectively, are required for avoidance of salt concentrations experienced during starvation. In contrast, homologs of p38 MAPKKK and MAPKK, NSY-1 and SEK-1, respectively, are required for high-salt chemotaxis after conditioning. Genetic interaction analyses suggest that a JNK family MAPK, KGB-1, functions downstream of both signaling pathways to regulate salt chemotaxis learning. Furthermore, we found that the NSY-1/SEK-1 pathway functions in sensory neurons, ASH, ADF, and ASER, to regulate the learned high-salt chemotaxis. A neuropeptide, NLP-3, expressed in ASH, ADF, and ASER neurons, and a neuropeptide receptor, NPR-15, expressed in AIA interneurons that receive synaptic input from these sensory neurons, function in the same genetic pathway as NSY-1/SEK-1 signaling. These findings suggest that this MAPK pathway may affect neuropeptide signaling between sensory neurons and interneurons, thus promoting high-salt chemotaxis after conditioning."
8044110,33850152,Cell-type-specific profiling of loaded miRNAs from Caenorhabditis elegans reveals spatial and temporal flexibility in Argonaute loading,2021,Nature Communications,10.1038/s41467-021-22503-7,"['Brosnan, Christopher A.', 'Palmer, Alexander J.', 'Zuryn, Steven']","['caenorhabditis elegans', 'mirnas']",21,"{'lsy-6': 4, 'che-1': 0}",2.29127296292073,"{'lsy-6': 0.0004114379757251594, 'che-1': 0.0}",9722,"Multicellularity has coincided with the evolution of microRNAs (miRNAs), small regulatory RNAs that are integrated into cellular differentiation and homeostatic gene-regulatory networks. However, the regulatory mechanisms underpinning miRNA activity have remained largely obscured because of the precise, and thus difficult to access, cellular contexts under which they operate. To resolve these, we have generated a genome-wide map of active miRNAs in Caenorhabditis elegans by revealing cell-type-specific patterns of miRNAs loaded into Argonaute (AGO) silencing complexes. Epitope-labelled AGO proteins were selectively expressed and immunoprecipitated from three distinct tissue types and associated miRNAs sequenced. In addition to providing information on biological function, we define adaptable miRNA:AGO interactions with single-cell-type and AGO-specific resolution. We demonstrate spatial and temporal dynamicism, flexibility of miRNA loading, and suggest miRNA regulatory mechanisms via AGO selectivity in different tissues and during ageing. Additionally, we resolve widespread changes in AGO-regulated gene expression by analysing translatomes specifically in neurons."
7522492,33100971,Raising the Connectome: The Emergence of Neuronal Activity and Behavior in Caenorhabditis elegans,2020,Frontiers in Cellular Neuroscience,10.3389/fncel.2020.524791,"['Alicea, Bradly']","['developmental biology', 'connectomics', 'systems biology', 'c. elegans', 'modeling and simulation']",3,"{'lsy-6': 0, 'che-1': 0}",0.0,"{'lsy-6': 0.0, 'che-1': 0.0}",10691,"The differentiation of neurons and formation of connections between cells is the basis of both the adult phenotype and behaviors tied to cognition, perception, reproduction, and survival. Such behaviors are associated with local (circuits) and global (connectome) brain networks. A solid understanding of how these networks emerge is critical. This opinion piece features a guided tour of early developmental events in the emerging connectome, which is crucial to a new view on the connectogenetic process. Connectogenesis includes associating cell identities with broader functional and developmental relationships. During this process, the transition from developmental cells to terminally differentiated cells is defined by an accumulation of traits that ultimately results in neuronal-driven behavior. The well-characterized developmental and cell biology of Caenorhabditis elegans will be used to build a synthesis of developmental events that result in a functioning connectome. Specifically, our view of connectogenesis enables a first-mover model of synaptic connectivity to be demonstrated using data representing larval synaptogenesis. In a first-mover model of Stackelberg competition, potential pre- and postsynaptic relationships are shown to yield various strategies for establishing various types of synaptic connections. By comparing these results to what is known regarding principles for establishing complex network connectivity, these strategies are generalizable to other species and developmental systems. In conclusion, we will discuss the broader implications of this approach, as what is presented here informs an understanding of behavioral emergence and the ability to simulate related biological phenomena."
4423358,25769980,Cis- and Trans-Regulatory Mechanisms of Gene Expression in the ASJ Sensory Neuron of Caenorhabditis elegans,2015,Genetics,10.1534/genetics.115.176172,"['González-Barrios, María', 'Fierro-González, Juan Carlos', 'Krpelanova, Eva', 'Mora-Lorca, José Antonio', 'Pedrajas, José Rafael', 'Peñate, Xenia', 'Chavez, Sebastián', 'Swoboda, Peter', 'Jansen, Gert', 'Miranda-Vizuete, Antonio']","['caenorhabditis elegans', 'asj neuron', 'promoter', 'thioredoxin', 'asj motif', 'sptf-1 transcription factor']",8,"{'lsy-6': 0, 'che-1': 0}",0.0,"{'lsy-6': 0.0, 'che-1': 0.0}",0,"The identity of a given cell type is determined by the expression of a set of genes sharing common cis-regulatory motifs and being regulated by shared transcription factors. Here, we identify cis and trans regulatory elements that drive gene expression in the bilateral sensory neuron ASJ, located in the head of the nematode Caenorhabditis elegans. For this purpose, we have dissected the promoters of the only two genes so far reported to be exclusively expressed in ASJ, trx-1 and ssu-1. We hereby identify the ASJ motif, a functional cis-regulatory bipartite promoter region composed of two individual 6 bp elements separated by a 3 bp linker. The first element is a 6 bp CG-rich sequence that presumably binds the Sp family member zinc-finger transcription factor SPTF-1. Interestingly, within the C. elegans nervous system SPTF-1 is also found to be expressed only in ASJ neurons where it regulates expression of other genes in these neurons and ASJ cell fate. The second element of the bipartite motif is a 6 bp AT-rich sequence that is predicted to potentially bind a transcription factor of the homeobox family. Together, our findings identify a specific promoter signature and SPTF-1 as a transcription factor that functions as a terminal selector gene to regulate gene expression in C. elegans ASJ sensory neurons."
8052387,33068333,The tubulin code specializes neuronal cilia for extracellular vesicle release,2020,Developmental neurobiology,10.1002/dneu.22787,"['Akella, Jyothi S.', 'Barr, Maureen M.']","['cilia', 'ciliopathy', 'extracellular vesicle', 'microtubule', 'tubulin code', 'glutamylation', 'post-translational modifications', 'kinesin', 'intraflagellar transport', 'c. elegans']",9,"{'lsy-6': 0, 'che-1': 0}",0.0,"{'lsy-6': 0.0, 'che-1': 0.0}",0,"Cilia are microtubule-based organelles that display diversity in morphology, ultrastructure, protein composition, and function. The ciliary microtubules of C. elegans sensory neurons exemplify this diversity and provide a paradigm to understand mechanisms driving ciliary specialization. Only a subset of ciliated neurons in C. elegans are specialized to make and release bioactive extracellular vesicles (EVs) into the environment. The cilia of extracellular vesicle releasing neurons have distinct axonemal features and specialized intraflagellar transport that are important for releasing EVs. In this review, we discuss the role of the tubulin code in the specialization of microtubules in cilia of EV releasing neurons."
4500246,26100886,Environmental CO2 inhibits Caenorhabditis elegans egg-laying by modulating olfactory neurons and evokes widespread changes in neural activity,2015,Proceedings of the National Academy of Sciences of the United States of America,10.1073/pnas.1423808112,"['Fenk, Lorenz A.', 'de Bono, Mario']","['neural circuit', 'behavioral choice', 'olfactory system', 'oviposition', 'glia']",35,"{'lsy-6': 0, 'che-1': 0}",0.0,"{'lsy-6': 0.0, 'che-1': 0.0}",0,"Carbon dioxide (CO2) gradients are ubiquitous, but fluctuations in CO2 provide an important cue shaping animal behavior. This paradox suggests that CO2 provides contextual information that is integrated with other inputs. Here, we show that Caenorhabditis elegans CO2-sensing circuits are much more sophisticated than assumed hitherto. A surprisingly large number of neurons, including nociceptors, gustatory neurons, and olfactory neurons, respond to CO2 in vivo. Glia also exhibit large Ca2+ responses to CO2. Worms therefore may couple detection of CO2 and other cues at the earliest stages of sensory processing. Besides avoiding CO2, C. elegans stops laying eggs at high CO2. Inhibition of oviposition involves sustained activation of the AWC olfactory neurons by CO2 and enduring inhibition of neurons innervating the egg-laying muscles."
8217713,34100067,Piecemeal regulation of convergent neuronal lineages by bHLH transcription factors in Caenorhabditis elegans,2021,"Development (Cambridge, England)",10.1242/dev.199224,"['Masoudi, Neda', 'Yemini, Eviatar', 'Schnabel, Ralf', 'Hobert, Oliver']","['c. elegans', 'lineage', 'neuronal differentiation', 'transcriptional control']",13,"{'lsy-6': 0, 'che-1': 0}",0.0,"{'lsy-6': 0.0, 'che-1': 0.0}",0,"Cells of the same type can be generated by distinct cellular lineages that originate in different parts of the developing embryo (‘lineage convergence’). Several Caenorhabditis elegans neuron classes composed of left/right or radially symmetric class members display such lineage convergence. We show here that the C. elegans Atonal homolog lin-32 is differentially expressed in neuronal lineages that give rise to left/right or radially symmetric class members. Loss of lin-32 results in the selective loss of the expression of pan-neuronal markers and terminal selector-type transcription factors that confer neuron class-specific features. Another basic helix-loop-helix (bHLH) gene, the Achaete-Scute homolog hlh-14, is expressed in a mirror image pattern relative to lin-32 and is required to induce neuronal identity and terminal selector expression on the contralateral side of the animal. These findings demonstrate that distinct lineage histories converge via different bHLH factors at the level of induction of terminal selector identity determinants, which thus serve as integrators of distinct lineage histories. We also describe neuron-to-neuron identity transformations in lin-32 mutants, which we propose to also be the result of misregulation of terminal selector gene expression."
3176537,21555395,A Left/Right Asymmetric Neuronal Differentiation Program Is Controlled by the Caenorhabditis elegans LSY-27 Zinc-Finger Transcription Factor,2011,Genetics,10.1534/genetics.111.129064,"['Zhang, Feifan', ""O\\'Meara, M. Maggie"", 'Hobert, Oliver', 'Greenstein, D. I.']",[],7,"{'lsy-6': 0, 'che-1': 0}",0.0,"{'lsy-6': 0.0, 'che-1': 0.0}",0,"Functional diversification across the left/right axis is a common feature of many nervous systems. The genetic programs that control left/right asymmetric neuron function and gene expression in the nervous system are, however, poorly understood. We describe here the molecular characterization of two phenotypically similar mutant Caenorhabditis elegans strains in which left/right asymmetric gene expression programs of two gustatory neurons, called ASEL and ASER, are disrupted such that the differentiation program of the ASER neuron is derepressed in the ASEL neuron. We show that in one mutant strain the LIM homeobox gene lim-6 is defective whereas in another strain a novel member of a nematode-specific, fast-evolving family of C2H2 zinc-finger transcription factors, lsy-27, is mutated, as revealed by whole-genome sequencing. lsy-27 is broadly and exclusively expressed in the embryo and acts during the initiation, but not during the maintenance phase of ASE asymmetry control to assist in the initiation of lim-6 expression."
3730918,23695300,Defining Specificity Determinants of cGMP Mediated Gustatory Sensory Transduction in Caenorhabditis elegans,2013,Genetics,10.1534/genetics.113.152660,"['Smith, Heidi K.', 'Luo, Linjiao', 'O’Halloran, Damien', 'Guo, Dagang', 'Huang, Xin-Yun', 'Samuel, Aravinthan D. T.', 'Hobert, Oliver']","['c. elegans', 'gcy genes', 'gustation']",22,"{'lsy-6': 0, 'che-1': 0}",0.0,"{'lsy-6': 0.0, 'che-1': 0.0}",0,"Cyclic guanosine monophosphate (cGMP) is a key secondary messenger used in signal transduction in various types of sensory neurons. The importance of cGMP in the ASE gustatory receptor neurons of the nematode Caenorhabditis elegans was deduced by the observation that multiple receptor-type guanylyl cyclases (rGCs), encoded by the gcy genes, and two presently known cyclic nucleotide-gated ion channel subunits, encoded by the tax-2 and tax-4 genes, are essential for ASE-mediated gustatory behavior. We describe here specific mechanistic features of cGMP-mediated signal transduction in the ASE neurons. First, we assess the specificity of the sensory functions of individual rGC proteins. We have previously shown that multiple rGC proteins are expressed in a left/right asymmetric manner in the functionally lateralized ASE neurons and are required to sense distinct salt cues. Through domain swap experiments among three different rGC proteins, we show here that the specificity of individual rGC proteins lies in their extracellular domains and not in their intracellular, signal-transducing domains. Furthermore, we find that rGC proteins are also sufficient to confer salt sensory responses to other neurons. Both findings support the hypothesis that rGC proteins are salt receptor proteins. Second, we identify a novel, likely downstream effector of the rGC proteins in gustatory signal transduction, a previously uncharacterized cyclic nucleotide-gated (CNG) ion channel, encoded by the che-6 locus. che-6 mutants show defects in gustatory sensory transduction that are similar to defects observed in animals lacking the tax-2 and tax-4 CNG channels. In contrast, thermosensory signal transduction, which also requires tax-2 and tax-4, does not require che-6, but requires another CNG, cng-3. We propose that CHE-6 may form together with two other CNG subunits, TAX-2 and TAX-4, a gustatory neuron-specific heteromeric CNG channel complex."
9674237,36343256,A neuropeptide signal confers ethanol state dependency during olfactory learning in Caenorhabditis elegans,2022,Proceedings of the National Academy of Sciences of the United States of America,10.1073/pnas.2210462119,"['Lindsay, Jonathan H.', 'Mathies, Laura D.', 'Davies, Andrew G.', 'Bettinger, Jill C.']","['ethanol', 'olfactory learning', 'state-dependent learning', 'neuropeptide']",1,"{'lsy-6': 0, 'che-1': 0}",0.0,"{'lsy-6': 0.0, 'che-1': 0.0}",0,"An altered internal state experienced during learning can enhance the specificity of learned information and promote situation-specific recall. Intoxication during training can confer state dependency so that recall requires the same intoxication state. Olfactory learning (OL) in Caenorhabditis elegans can become state dependent during ethanol intoxication. A neuropeptide originating outside of the OL circuit activates a receptor tyrosine kinase within the circuit to signal intoxication during learning to confer state dependency. Surprisingly, intoxication is encoded using a distinct mechanism during recall. State information can be added to existing OL but cannot be removed from state-dependent OL. These observations provide insight into the modulation of learning by alcohol and demonstrate that the effects of intoxication on learning and memory are distinct."
6837551,31658255,INX-18 and INX-19 play distinct roles in electrical synapses that modulate aversive behavior in Caenorhabditis elegans,2019,PLoS Genetics,10.1371/journal.pgen.1008341.r004,"['Voelker, Lisa', 'Upadhyaya, Bishal', 'Ferkey, Denise M.', 'Woldemariam, Sarah', 'L’Etoile, Noelle D.', 'Rabinowitch, Ithai', 'Bai, Jihong', 'Murphy, Coleen T.', 'Murphy, Coleen T.', 'Copenhaver, Gregory P.', 'Murphy, Coleen T.', 'Copenhaver, Gregory P.', 'Murphy, Coleen T.', 'Copenhaver, Gregory P.']",[],9,"{'lsy-6': 0, 'che-1': 0}",0.0,"{'lsy-6': 0.0, 'che-1': 0.0}",7959,"In order to respond to changing environments and fluctuations in internal states, animals adjust their behavior through diverse neuromodulatory mechanisms. In this study we show that electrical synapses between the ASH primary quinine-detecting sensory neurons and the neighboring ASK neurons are required for modulating the aversive response to the bitter tastant quinine in C. elegans. Mutant worms that lack the electrical synapse proteins INX-18 and INX-19 become hypersensitive to dilute quinine. Cell-specific rescue experiments indicate that inx-18 operates in ASK while inx-19 is required in both ASK and ASH for proper quinine sensitivity. Imaging analyses find that INX-19 in ASK and ASH localizes to the same regions in the nerve ring, suggesting that both sides of ASK-ASH electrical synapses contain INX-19. While inx-18 and inx-19 mutant animals have a similar behavioral phenotype, several lines of evidence suggest the proteins encoded by these genes play different roles in modulating the aversive quinine response. First, INX-18 and INX-19 localize to different regions of the nerve ring, indicating that they are not present in the same synapses. Second, removing inx-18 disrupts the distribution of INX-19, while removing inx-19 does not alter INX-18 localization. Finally, by using a fluorescent cGMP reporter, we find that INX-18 and INX-19 have distinct roles in establishing cGMP levels in ASK and ASH. Together, these results demonstrate that electrical synapses containing INX-18 and INX-19 facilitate modulation of ASH nociceptive signaling. Our findings support the idea that a network of electrical synapses mediates cGMP exchange between neurons, enabling modulation of sensory responses and behavior."
10081851,37027463,Developmentally programmed histone H3 expression regulates cellular plasticity at the parental-to-early embryo transition,2023,Science Advances,10.1126/sciadv.adh0411,"['Gleason, Ryan J.', 'Guo, Yanrui', 'Semancik, Christopher S.', 'Ow, Cindy', 'Lakshminarayanan, Gitanjali', 'Chen, Xin']",[],5,"{'lsy-6': 0, 'che-1': 20}",7.052092594600761,"{'lsy-6': 0.0, 'che-1': 0.0025896672277612325}",7723,"During metazoan development, the marked change in developmental potential from the parental germline to the embryo raises an important question regarding how the next life cycle is reset. As the basic unit of chromatin, histones are essential for regulating chromatin structure and function and, accordingly, transcription. However, the genome-wide dynamics of the canonical, replication-coupled (RC) histones during gametogenesis and embryogenesis remain unknown. In this study, we use CRISPR-Cas9–mediated gene editing in Caenorhabditis elegans to investigate the expression pattern and role of individual RC histone H3 genes and compare them to the histone variant, H3.3. We report a tightly regulated epigenome landscape change from the germline to embryos that are regulated through differential expression of distinct histone gene clusters. Together, this study reveals that a change from a H3.3- to H3-enriched epigenome during embryogenesis restricts developmental plasticity and uncovers distinct roles for individual H3 genes in regulating germline chromatin."
10176204,37188102,"Assessment of Chemosensory Response to Volatile Compounds in Healthy, Aged, and Neurodegenerative Caenorhabditis elegans Models",2023,Bio-protocol,10.21769/BioProtoc.4650,"['Crespo, Cira', 'Grau, Roberto']","['caenorhabditis elegans', 'behavior', 'diacetyl', 'octanol', 'neurodegenerative diseases']",0,"{'lsy-6': 0, 'che-1': 0}",0.0,"{'lsy-6': 0.0, 'che-1': 0.0}",0,"A basic function of the nervous system is to confer the ability to detect external stimuli and generate appropriate behavioral and physiological responses. These can be modulated when parallel streams of information are provided to the nervous system and neural activity is appropriately altered. The nematode Caenorhabditis elegans utilizes a simple and well characterized neural circuit to mediate avoidance or attraction responses to stimuli, such as the volatile odorant octanol or diacetyl (DA), respectively. Aging and neurodegeneration constitute two important factors altering the ability to detect external signals and, therefore, changing behavior. Here, we present a modified protocol to assess avoidance or attraction responses to diverse stimuli in healthy and worm models associated with neurodegenerative diseases."
4239059,25412474,"Chronic Exposure to Perfluorooctane Sulfonate Induces Behavior Defects and Neurotoxicity through Oxidative Damages, In Vivo and In Vitro'], b'Neurotoxicity of PFOS",2014,PLoS ONE,10.1371/journal.pone.0113453,"['Chen, Na', 'Li, Jia', 'Li, Dan', 'Yang, Yongsheng', 'He, Defu', 'Kim, Jonghan']",[],28,"{'lsy-6': 0, 'che-1': 0}",0.0,"{'lsy-6': 0.0, 'che-1': 0.0}",3816,"Perfluorooctane sulfonate (PFOS) is an emerging persistent pollutant which shows multiple adverse health effects. However, the neurotoxicity of PFOS and its mechanisms have not been fully elucidated. Using a combination of in vivo and in vitro methods, the present study provides a detailed description of PFOS-induced neurotoxicity. Results showed that the median lethal concentration of PFOS was 2.03 mM in Caenorhabditis elegans for 48 h exposure. 20 µM PFOS caused decrease of locomotor behaviors including forward movement, body bend and head thrash. Additionally, PFOS exposure reduced chemotaxis index of C. elegans, which indicates the decline of chemotaxis learning ability. Using green fluorescent protein (GFP) labelled transgenic strains, we found that PFOS caused down-regulated expression of a chemoreceptor gene, gcy-5, in ASE chemosensory neurons, but did not affect cholinergic neurons and dopaminergic neurons. In SH-SY5Y cells, 48 h exposure to 25 µM and 50 µM PFOS induced cell damage, apoptosis and the reactive oxygen species (ROS) generation. PFOS caused significant increases of lipid peroxidation and superoxide dismutase activity, but an actual decrease of glutathione peroxidase activity. Furthermore, antioxidant N-acetylcysteine rescued cells from PFOS-induced apoptosis via blocking ROS. Our results demonstrate that chronic exposure to PFOS can cause obvious neurotoxicity and behavior defects. Oxidative damage and anti-oxidative deficit are crucial mechanisms in neurotoxicity of PFOS."
1899474,17606643,The molecular signature and cis-regulatory architecture of a C. elegans gustatory neuron,2007,Genes & Development,10.1101/gad.1560107,"['Etchberger, John F.', 'Lorch, Adam', 'Sleumer, Monica C.', 'Zapf, Richard', 'Jones, Steven J.', 'Marra, Marco A.', 'Holt, Robert A.', 'Moerman, Donald G.', 'Hobert, Oliver']","['caenorhabditis elegans', 'development', 'gustatory neuron', 'transcription factor']",113,"{'lsy-6': 0, 'che-1': 1}",0.0,"{'lsy-6': 0.0, 'che-1': 0.0}",0,"Taste receptor cells constitute a highly specialized cell type that perceives and conveys specific sensory information to the brain. The detailed molecular composition of these cells and the mechanisms that program their fate are, in general, poorly understood. We have generated serial analysis of gene expression (SAGE) libraries from two distinct populations of single, isolated sensory neuron classes, the gustatory neuron class ASE and the thermosensory neuron class AFD, from the nematode Caenorhabditis elegans. By comparing these two libraries, we have identified >1000 genes that define the ASE gustatory neuron class on a molecular level. This set of genes contains determinants of the differentiated state of the ASE neuron, such as a surprisingly complex repertoire of transcription factors (TFs), ion channels, neurotransmitters, and receptors, as well as seven-transmembrane receptor (7TMR)-type putative gustatory receptor genes. Through the in vivo dissection of the cis-regulatory regions of several ASE-expressed genes, we identified a small cis-regulatory motif, the “ASE motif,” that is required for the expression of many ASE-expressed genes. We demonstrate that the ASE motif is a binding site for the C2H2 zinc finger TF CHE-1, which is essential for the correct differentiation of the ASE gustatory neuron. Taken together, our results provide a unique view of the molecular landscape of a single neuron type and reveal an important aspect of the regulatory logic for gustatory neuron specification in C. elegans."
9306894,34862697,Transcriptional regulation of neuronal identity,2022,The European Journal of Neuroscience,10.1111/ejn.15551,"['Sousa, Erick', 'Flames, Nuria']","['enhancer', 'neuronal differentiation', 'neuronal identity', 'regulation of gene expression', 'regulatory genome', 'repression', 'transcription factor']",11,"{'lsy-6': 0, 'che-1': 0}",0.0,"{'lsy-6': 0.0, 'che-1': 0.0}",5837,"Neuronal diversity is an intrinsic feature of the nervous system. Transcription factors (TFs) are key regulators in the establishment of different neuronal identities; how are the actions of different TFs coordinated to orchestrate this diversity? Are there common features shared among the different neuron types of an organism or even among different animal groups? In this review, we provide a brief overview on common traits emerging on the transcriptional regulation of neuron type diversification with a special focus on the comparison between mouse and '], b'Caenorhabditis elegans', b'c toggle=""no"">C. elegans', b'c toggle=""yes"">C. elegans Amphid neurons, single ciliated endings"
3192831,22022287,"Mutations in a Guanylate Cyclase GCY-35/GCY-36 Modify Bardet-Biedl Syndrome–Associated Phenotypes in Caenorhabditis elegans'], b'Genetic Modifiers of C. elegans bbs Defects",2011,PLoS Genetics,10.1371/journal.pgen.1002335,"['Mok, Calvin A.', 'Healey, Michael P.', 'Shekhar, Tanvi', 'Leroux, Michel R.', 'Héon, Elise', 'Zhen, Mei', 'Katsanis, Nicholas']",[],12,"{'lsy-6': 0, 'che-1': 1}",0.32054383209690657,"{'lsy-6': 0.0, 'che-1': 0.00016051364365971107}",6230,"Ciliopathies are pleiotropic and genetically heterogeneous disorders caused by defective development and function of the primary cilium. Bardet-Biedl syndrome (BBS) proteins localize to the base of cilia and undergo intraflagellar transport, and the loss of their functions leads to a multisystemic ciliopathy. Here we report the identification of mutations in guanylate cyclases (GCYs) as modifiers of Caenorhabditis elegans bbs endophenotypes. The loss of GCY-35 or GCY-36 results in suppression of the small body size, developmental delay, and exploration defects exhibited by multiple bbs mutants. Moreover, an effector of cGMP signalling, a cGMP-dependent protein kinase, EGL-4, also modifies bbs mutant defects. We propose that a misregulation of cGMP signalling, which underlies developmental and some behavioural defects of C. elegans bbs mutants, may also contribute to some BBS features in other organisms."
7587405,32814896,Unique homeobox codes delineate all C. elegans neuron classes,2020,Nature,10.1038/s41586-020-2618-9,"['Reilly, Molly B.', 'Cros, Cyril', 'Varol, Erdem', 'Yemini, Eviatar', 'Hobert, Oliver']",[],88,"{'lsy-6': 0, 'che-1': 0}",0.0,"{'lsy-6': 0.0, 'che-1': 0.0}",0,"It is presently not known whether neuronal cell type diversity, defined by cell type-specific anatomical, biophysical, functional and molecular signatures, can be reduced to relatively simple molecular descriptors of neuronal identity 1. Examination of the expression of all conserved homeodomain proteins encoded by the Caenorhabditis elegans genome 2 reveals that the complete set of 118 C. elegans neuron classes can be described individually by unique combinations of homeodomain protein expression, thereby providing the simplest currently known descriptor of neuronal diversity. Computational as well as genetic loss of function analyses corroborate that homeodomain proteins not only provide unique descriptors of neuron type, but also play a critical role specifying neuronal identity. We speculate that the pervasive employment of homeobox genes in defining unique neuronal identities reflects the evolutionary history of neuronal cell-type specification."
4653917,26584677,Navigational choice between reversal and curve during acidic pH avoidance behavior in Caenorhabditis elegans,2015,BMC Neuroscience,10.1186/s12868-015-0220-0,"['Wakabayashi, Tokumitsu', 'Sakata, Kazumi', 'Togashi, Takuya', 'Itoi, Hiroaki', 'Shinohe, Sayaka', 'Watanabe, Miwa', 'Shingai, Ryuzo']","['caenorhabditis elegans', 'acidic ph avoidance', 'navigation', 'sensory-motor transformation']",3,"{'lsy-6': 0, 'che-1': 0}",0.0,"{'lsy-6': 0.0, 'che-1': 0.0}",0,"Under experimental conditions, virtually all behaviors of Caenorhabditis elegans are achieved by combinations of simple locomotion, including forward, reversal movement, turning by deep body bending, and gradual shallow turning. To study how worms regulate these locomotion in response to sensory information, acidic pH avoidance behavior was analyzed by using worm tracking system."
6665864,19403805,"Parallel Use of Two Behavioral Mechanisms for Chemotaxis in Caenorhabditis elegans'], b'",2009,The Journal of Neuroscience,10.1523/JNEUROSCI.3633-08.2009,"['Iino, Yuichi', 'Yoshida, Kazushi']",[],146,"{'lsy-6': 0, 'che-1': 0}",0.0,"{'lsy-6': 0.0, 'che-1': 0.0}",0,"'], b'Caenorhabditis elegans shows chemotaxis to various odorants and water-soluble chemoattractants such as NaCl. Previous studies described the pirouette mechanism for chemotaxis, in which C. elegans quickly changes the direction of locomotion by using a set of stereotyped behaviors, a pirouette, in response to a decrease in the concentration of the chemical. Here, we report the discovery of a second mechanism for chemotaxis, called the weathervane mechanism. In this strategy animals respond to a spatial gradient of chemoattractant and gradually curve toward higher concentration of the chemical. By computer simulation, we find that both of these mechanisms contribute to chemotaxis and both mechanisms need to act in parallel for efficient chemotaxis. Using laser ablation of individual neurons to examine the underlying neural circuit, we find the ASE sensory neurons and AIZ interneurons are essential for both the pirouette and weathervane mechanisms in chemotaxis to NaCl. Salt-conditioned animals show reversed responses in both of these behaviors, leading to avoidance of NaCl. These results provide a platform for detailed molecular and cellular analyses of chemotaxis and its plasticity in this model organism."
2976285,21041366,Otx-dependent expression of proneural bHLH genes establishes a neuronal bilateral asymmetry in C. elegans,2010,"Development (Cambridge, England)",10.1242/dev.058834,"['Nakano, Shunji', 'Ellis, Ronald E.', 'Horvitz, H. Robert']","['left-right asymmetry', 'c. elegans', 'cell lineage']",19,"{'lsy-6': 0, 'che-1': 0}",0.0,"{'lsy-6': 0.0, 'che-1': 0.0}",0,"Bilateral asymmetry in Caenorhabditis elegans arises in part from cell lineages that differ on the left and right sides of the animal. The unpaired MI neuron descends from the right side of an otherwise left-right symmetric cell lineage that generates the MI neuron on the right and the e3D epithelial cell on the left. We isolated mutations in three genes that caused left-right symmetry in this normally asymmetric cell lineage by transforming MI into an e3D-like cell. These genes encode the proneural bHLH proteins NGN-1 and HLH-2 and the Otx homeodomain protein CEH-36. We identified the precise precursor cells in which ceh-36 and ngn-1 act, and showed that CEH-36 protein is asymmetrically expressed and is present in an MI progenitor cell on the right but not in its bilateral counterpart. This asymmetric CEH-36 expression promotes asymmetric ngn-1 and hlh-2 expression, which in turn induces asymmetric MI neurogenesis. Our results indicate that this left-right asymmetry is specified within the two sister cells that first separate the left and right branches of the cell lineage. We conclude that the components of an evolutionarily conserved Otx/bHLH pathway act sequentially through multiple rounds of cell division on the right to relay an initial apparently cryptic asymmetry to the presumptive post-mitotic MI neuron, thereby creating an anatomical bilateral asymmetry in the C. elegans nervous system."
9158753,35483361,The neural basis of heat seeking in a human-infective parasitic worm,2022,Current biology : CB,10.1016/j.cub.2022.04.010,"['Bryant, Astra S.', 'Ruiz, Felicitas', 'Lee, Joon Ha', 'Hallem, Elissa A.']","['parasitic nematode', 'parasitic helminth', 'host seeking', 'thermosensation', 'thermotaxis', 'strongyloides stercoralis']",22,"{'lsy-6': 0, 'che-1': 0}",0.0,"{'lsy-6': 0.0, 'che-1': 0.0}",0,"Soil-transmitted parasitic nematodes infect over one billion people and cause devastating morbidity worldwide. Many of these parasites have infective larvae that locate hosts using thermal cues. Here, we identify the thermosensory neurons of the human threadworm Strongyloides stercoralis and show that they display unique functional adaptations that enable the precise encoding of temperatures up to human body temperature. We demonstrate that experience-dependent thermal plasticity regulates the dynamic range of these neurons while preserving their ability to encode host-relevant temperatures. We describe a novel behavior in which infective larvae spontaneously reverse attraction to heat sources at sub-body temperatures and show that this behavior is mediated by rapid adaptation of the thermosensory neurons. Finally, we identify thermoreceptors that confer parasite-specific sensitivity to body heat. Our results pinpoint the parasite-specific neural adaptations that enable parasitic nematodes to target humans and provide the foundation for drug development to prevent human infection."
4577979,26394000,Circuit mechanisms encoding odors and driving aging-associated behavioral declines in Caenorhabditis elegans,2015,eLife,10.7554/eLife.10181.045,"['Leinwand, Sarah G', 'Yang, Claire J', 'Bazopoulou, Daphne', 'Chronis, Nikos', 'Srinivasan, Jagan', 'Chalasani, Sreekanth H', 'Hobert, Oliver', 'Hobert, Oliver']","['olfaction', 'sensory neurons', 'neurotransmission', 'aging', 'neural circuits', 'c. elegans']",36,"{'lsy-6': 0, 'che-1': 5}",1.9614125976455623,"{'lsy-6': 0.0, 'che-1': 0.0003914507163548109}",12773,"Chemosensory neurons extract information about chemical cues from the environment. How is the activity in these sensory neurons transformed into behavior? Using Caenorhabditis elegans, we map a novel sensory neuron circuit motif that encodes odor concentration. Primary neurons, AWCON and AWA, directly detect the food odor benzaldehyde (BZ) and release insulin-like peptides and acetylcholine, respectively, which are required for odor-evoked responses in secondary neurons, ASEL and AWB. Consistently, both primary and secondary neurons are required for BZ attraction. Unexpectedly, this combinatorial code is altered in aged animals: odor-evoked activity in secondary, but not primary, olfactory neurons is reduced. Moreover, experimental manipulations increasing neurotransmission from primary neurons rescues aging-associated neuronal deficits. Finally, we correlate the odor responsiveness of aged animals with their lifespan. Together, these results show how odors are encoded by primary and secondary neurons and suggest reduced neurotransmission as a novel mechanism driving aging-associated sensory neural activity and behavioral declines."
5399755,28451641,"An Aversive Response to Osmotic Upshift in Caenorhabditis elegans'], b'Aversion to Osmotic Upshift in C. elegans",2017,eNeuro,10.1523/ENEURO.0282-16.2017,"['Yu, Jingyi', 'Yang, Wenxing', 'Liu, He', 'Hao, Yingsong', 'Zhang, Yun']","['cgmp-gated channel', 'osmotic stimuli', 'sensorimotor response']",10,"{'lsy-6': 0, 'che-1': 4}",1.0676333023727065,"{'lsy-6': 0.0, 'che-1': 0.0004410629617377881}",9069,"Environmental osmolarity presents a common type of sensory stimulus to animals. While behavioral responses to osmotic changes are important for maintaining a stable intracellular osmolarity, the underlying mechanisms are not fully understood. In the natural habitat of Caenorhabditis elegans, changes in environmental osmolarity are commonplace. It is known that the nematode acutely avoids shocks of extremely high osmolarity. Here, we show that C. elegans also generates gradually increased aversion of mild upshifts in environmental osmolarity. Different from an acute avoidance of osmotic shocks that depends on the function of a transient receptor potential vanilloid channel, the slow aversion to osmotic upshifts requires the cGMP-gated sensory channel subunit TAX-2. TAX-2 acts in several sensory neurons that are exposed to body fluid to generate the aversive response through a motor network that underlies navigation. Osmotic upshifts activate the body cavity sensory neuron URX, which is known to induce aversion upon activation. Together, our results characterize the molecular and cellular mechanisms underlying a novel sensorimotor response to osmotic stimuli and reveal that C. elegans engages different behaviors and the underlying mechanisms to regulate responses to extracellular osmolarity."
6672901,17251413,Caenorhabditis elegans Integrates the Signals of Butanone and Food to Enhance Chemotaxis to Butanone,2007,The Journal of Neuroscience,10.1523/JNEUROSCI.4312-06.2007,"['Torayama, Ichiro', 'Ishihara, Takeshi', 'Katsura, Isao']","['c. elegans', 'olfactory neuron', 'learning', 'bardet-biedl syndrome', 'chemotaxis', 'sensory cilia']",62,"{'lsy-6': 0, 'che-1': 0}",0.0,"{'lsy-6': 0.0, 'che-1': 0.0}",0,"Behavioral plasticity induced by the integration of two sensory signals, such as associative learning, is an important issue in neuroscience, but its evolutionary origin and diversity have not been explored sufficiently. We report here a new type of such behavioral plasticity, which we call butanone enhancement, in Caenorhabditis elegans adult hermaphrodites: C. elegans specifically enhances chemotaxis to butanone by preexposure to butanone and food. Mutant analysis revealed that this plasticity requires the AWCON olfactory neuron, whose fate is known to be determined by the NSY-1/ASK1 MAPKKK (mitogen-activated protein kinase kinase kinase) cascade as well as the DAF-11 and ODR-1 guanylyl cyclases. These proteins also control many aspects of olfactory sensation/plasticity in AWC neurons and seem to provide appropriate cellular conditions for butanone enhancement in the AWCON neuron. Butanone enhancement also required the functions of Bardet-Biedl syndrome genes in the AWCON neuron but not other genes that control ciliary transport. Furthermore, preexposure to butanone and the odor of food was enough for the enhancement of butanone chemotaxis. These results suggest that the AWCON olfactory neuron may conduct a behavioral plasticity resembling associative learning and that the functions of Bardet-Biedl syndrome genes in sensory cilia may play an important role in this plasticity."
4528824,26240427,Illuminating neural circuits and behaviour in Caenorhabditis elegans with optogenetics,2015,Philosophical Transactions of the Royal Society B: Biological Sciences,10.1098/rstb.2014.0212,"['Fang-Yen, Christopher', 'Alkema, Mark J.', 'Samuel, Aravinthan D. T.']","['caenorhabditis elegans', 'optogenetics', 'neural circuits']",18,"{'lsy-6': 0, 'che-1': 0}",0.0,"{'lsy-6': 0.0, 'che-1': 0.0}",0,"The development of optogenetics, a family of methods for using light to control neural activity via light-sensitive proteins, has provided a powerful new set of tools for neurobiology. These techniques have been particularly fruitful for dissecting neural circuits and behaviour in the compact and transparent roundworm Caenorhabditis elegans. Researchers have used optogenetic reagents to manipulate numerous excitable cell types in the worm, from sensory neurons, to interneurons, to motor neurons and muscles. Here, we show how optogenetics applied to this transparent roundworm has contributed to our understanding of neural circuits."
3842693,24348340,Japanese studies on neural circuits and behavior of Caenorhabditis elegans,2013,Frontiers in Neural Circuits,10.3389/fncir.2013.00187,"['Sasakura, Hiroyuki', 'Tsukada, Yuki', 'Takagi, Shin', 'Mori, Ikue']","['c. elegans', 'neural circuits', 'learning and memory', 'plastic behavior', 'behavioral genetics', 'studies on japan']",2,"{'lsy-6': 0, 'che-1': 0}",0.0,"{'lsy-6': 0.0, 'che-1': 0.0}",0,"The nematode Caenorhabditis elegans is an ideal organism for studying neural plasticity and animal behaviors. A total of 302 neurons of a C. elegans hermaphrodite have been classified into 118 neuronal groups. This simple neural circuit provides a solid basis for understanding the mechanisms of the brains of higher animals, including humans. Recent studies that employ modern imaging and manipulation techniques enable researchers to study the dynamic properties of nervous systems with great precision. Behavioral and molecular genetic analyses of this tiny animal have contributed greatly to the advancement of neural circuit research. Here, we will review the recent studies on the neural circuits of C. elegans that have been conducted in Japan. Several laboratories have established unique and clever methods to study the underlying neuronal substrates of behavioral regulation in C. elegans. The technological advances applied to studies of C. elegans have allowed new approaches for the studies of complex neural systems. Through reviewing the studies on the neuronal circuits of C. elegans in Japan, we will analyze and discuss the directions of neural circuit studies."
6795461,31584932,"HRPK-1, a conserved KH-domain protein, modulates microRNA activity during Caenorhabditis elegans development",2019,PLoS Genetics,10.1371/journal.pgen.1008067,"['Li, Li', 'Veksler-Lublinsky, Isana', 'Zinovyeva, Anna', 'Miska, Eric A']",[],12,"{'lsy-6': 28, 'che-1': 0}",13.68782587169823,"{'lsy-6': 0.003958156629912355, 'che-1': 0.0}",7074,"microRNAs (miRNAs) are potent regulators of gene expression that function in diverse developmental and physiological processes. Argonaute proteins loaded with miRNAs form the miRNA Induced Silencing Complexes (miRISCs) that repress gene expression at the post-transcriptional level. miRISCs target genes through partial sequence complementarity between the miRNA and the target mRNA’s 3’ UTR. In addition to being targeted by miRNAs, these mRNAs are also extensively regulated by RNA-binding proteins (RBPs) through RNA processing, transport, stability, and translation regulation. While the degree to which RBPs and miRISCs interact to regulate gene expression is likely extensive, we have only begun to unravel the mechanisms of this functional cooperation. An RNAi-based screen of putative ALG-1 Argonaute interactors has identified a role for a conserved RNA binding protein, HRPK-1, in modulating miRNA activity during C. elegans development. Here, we report the physical and genetic interaction between HRPK-1 and ALG-1/miRNAs. Specifically, we report the genetic and molecular characterizations of hrpk-1 and its role in C. elegans development and miRNA-mediated target repression. We show that loss of hrpk-1 causes numerous developmental defects and enhances the mutant phenotypes associated with reduction of miRNA activity, including those of lsy-6, mir-35-family, and let-7-family miRNAs. In addition to hrpk-1 genetic interaction with these miRNA families, hrpk-1 is required for efficient regulation of lsy-6 target cog-1. We report that hrpk-1 plays a role in processing of some but not all miRNAs and is not required for ALG-1/AIN-1 miRISC assembly. We suggest that HRPK-1 may functionally interact with miRNAs by both affecting miRNA processing and by enhancing miRNA/miRISC gene regulatory activity and present models for its activity."
4856075,26921297,Staufen Negatively Modulates MicroRNA Activity in Caenorhabditis elegans,2016,G3: Genes|Genomes|Genetics,10.1534/g3.116.027300,"['Ren, Zhiji', 'Veksler-Lublinsky, Isana', 'Morrissey, David', 'Ambros, Victor']","['microrna', 'stau-1', 'rnai', 'rna-binding protein', '3′utr']",13,"{'lsy-6': 1, 'che-1': 0}",0.0,"{'lsy-6': 0.0, 'che-1': 0.0}",0,"The double-stranded RNA-binding protein Staufen has been implicated in various posttranscriptional gene regulatory processes. Here, we demonstrate that the Caenorhabditis elegans homolog of Staufen, STAU-1, functionally interacts with microRNAs. Loss-of-function mutations of stau-1 significantly suppress phenotypes of let-7 family microRNA mutants, a hypomorphic allele of dicer, and a lsy-6 microRNA partial loss-of-function mutant. Furthermore, STAU-1 modulates the activity of lin-14, a target of lin-4 and let-7 family microRNAs, and this modulation is abolished when the 3′ untranslated region of lin-14 is removed. Deep sequencing of small RNA cDNA libraries reveals no dramatic change in the levels of microRNAs or other small RNA populations between wild-type and stau-1 mutants, with the exception of certain endogenous siRNAs in the WAGO pathway. The modulation of microRNA activity by STAU-1 does not seem to be associated with the previously reported enhanced exogenous RNAi (Eri) phenotype of stau-1 mutants, since eri-1 exhibits the opposite effect on microRNA activity. Altogether, our results suggest that STAU-1 negatively modulates microRNA activity downstream of microRNA biogenesis, possibly by competing with microRNAs for binding on the 3′ untranslated region of target mRNAs."
9282011,35196020,Centrosomal enrichment and proteasomal degradation of SYS-1/β-catenin requires the microtubule motor dynein,2022,Molecular Biology of the Cell,10.1091/mbc.E22-02-0031,"['Thompson, Joshua W.', 'Michel, Maria F. Valdes', 'Phillips, Bryan T.', 'Hardin, Jeffrey']",[],3,"{'lsy-6': 0, 'che-1': 0}",0.0,"{'lsy-6': 0.0, 'che-1': 0.0}",8979,"The Caenorhabditis elegans Wnt/β-catenin asymmetry (WβA) pathway utilizes asymmetric regulation of SYS-1/β-catenin and POP-1/TCF coactivators. WβA differentially regulates gene expression during cell fate decisions, specifically by asymmetric localization of determinants in mother cells to produce daughters biased toward their appropriate cell fate. Despite the induction of asymmetry, β-catenin localizes symmetrically to mitotic centrosomes in both mammals and C. elegans. Owing to the mitosis-specific localization of SYS-1 to centrosomes and enrichment of SYS-1 at kinetochore microtubules when SYS-1 centrosomal loading is disrupted, we investigated active trafficking in SYS-1 centrosomal localization. Here, we demonstrate that trafficking by microtubule motor dynein is required to maintain SYS-1 centrosomal enrichment, by dynein RNA interference (RNAi)-mediated decreases in SYS-1 centrosomal enrichment and by temperature-sensitive allele of the dynein heavy chain. Conversely, we observe depletion of microtubules by nocodazole treatment or RNAi of dynein-proteasome adapter ECPS-1 exhibits increased centrosomal enrichment of SYS-1. Moreover, disruptions to SYS-1 or negative regulator microtubule trafficking are sufficient to significantly exacerbate SYS-1 dependent cell fate misspecifications. We propose a model whereby retrograde microtubule-mediated trafficking enables SYS-1 enrichment at centrosomes, enhancing its eventual proteasomal degradation. These studies support the link between centrosomal localization and enhancement of proteasomal degradation, particularly for proteins not generally considered “centrosomal.”"
3942922,24591522,Regulation of the X Chromosomes in Caenorhabditis elegans,2014,Cold Spring Harbor Perspectives in Biology,10.1101/cshperspect.a018366,"['Strome, Susan', 'Kelly, William G.', 'Ercan, Sevinc', 'Lieb, Jason D.']",[],42,"{'lsy-6': 0, 'che-1': 0}",0.0,"{'lsy-6': 0.0, 'che-1': 0.0}",0,"Dosage compensation, which regulates the expression of genes residing on the sex chromosomes, has provided valuable insights into chromatin-based mechanisms of gene regulation. The nematode Caenorhabditis elegans has adopted various strategies to down-regulate and even nearly silence the X chromosomes. This article discusses the different chromatin-based strategies used in somatic tissues and in the germline to modulate gene expression from the C. elegans X chromosomes and compares these strategies to those used by other organisms to cope with similar X-chromosome dosage differences."
5908064,29672507,Unconventional function of an Achaete-Scute homolog as a terminal selector of nociceptive neuron identity,2018,PLoS Biology,10.1371/journal.pbio.2004979,"['Masoudi, Neda', 'Tavazoie, Saeed', 'Glenwinkel, Lori', 'Ryu, Leesun', 'Kim, Kyuhyung', 'Hobert, Oliver', 'Desplan, Claude']",[],26,"{'lsy-6': 0, 'che-1': 0}",0.0,"{'lsy-6': 0.0, 'che-1': 0.0}",7608,"Proneural genes are among the most early-acting genes in nervous system development, instructing blast cells to commit to a neuronal fate. Drosophila Atonal and Achaete-Scute complex (AS-C) genes, as well as their vertebrate orthologs, are basic helix-loop-helix (bHLH) transcription factors with such proneural activity. We show here that a C. elegans AS-C homolog, hlh-4, functions in a fundamentally different manner. In the embryonic, larval, and adult nervous systems, hlh-4 is expressed exclusively in a single nociceptive neuron class, ADL, and its expression in ADL is maintained via transcriptional autoregulation throughout the life of the animal. However, in hlh-4 null mutants, the ADL neuron is generated and still appears neuronal in overall morphology and expression of panneuronal and pansensory features. Rather than acting as a proneural gene, we find that hlh-4 is required for the ADL neuron to function properly, to adopt its correct morphology, to express its unusually large repertoire of olfactory receptor–encoding genes, and to express other known features of terminal ADL identity, including neurotransmitter phenotype, neuropeptides, ion channels, and electrical synapse proteins. hlh-4 is sufficient to induce ADL identity features upon ectopic expression in other neuron types. The expression of ADL terminal identity features is directly controlled by HLH-4 via a phylogenetically conserved E-box motif, which, through bioinformatic analysis, we find to constitute a predictive feature of ADL-expressed terminal identity markers. The lineage that produces the ADL neuron was previously shown to require the conventional, transient proneural activity of another AS-C homolog, hlh-14, demonstrating sequential activities of distinct AS-C-type bHLH genes in neuronal specification. Taken together, we have defined here an unconventional function of an AS-C-type bHLH gene as a terminal selector of neuronal identity and we speculate that such function could be reflective of an ancestral function of an “ur-” bHLH gene."
4937315,27095199,Poly(A)-binding proteins are required for microRNA-mediated silencing and to promote target deadenylation in C. elegans,2016,Nucleic Acids Research,10.1093/nar/gkw276,"['Flamand, Mathieu N.', 'Wu, Edlyn', 'Vashisht, Ajay', 'Jannot, Guillaume', 'Keiper, Brett D.', 'Simard, Martin J.', 'Wohlschlegel, James', 'Duchaine, Thomas F.']",[],23,"{'lsy-6': 15, 'che-1': 0}",11.5886965638478,"{'lsy-6': 0.0026529890343119913, 'che-1': 0.0}",5654,"Cytoplasmic poly(A)-binding proteins (PABPs) link mRNA 3′ termini to translation initiation factors, but they also play key roles in mRNA regulation and decay. Reports from mice, zebrafish and Drosophila further involved PABPs in microRNA (miRNA)-mediated silencing, but through seemingly distinct mechanisms. Here, we implicate the two Caenorhabditis elegans PABPs (PAB-1 and PAB-2) in miRNA-mediated silencing, and elucidate their mechanisms of action using concerted genetics, protein interaction analyses, and cell-free assays. We find that C. elegans PABPs are required for miRNA-mediated silencing in embryonic and larval developmental stages, where they act through a multi-faceted mechanism. Depletion of PAB-1 and PAB-2 results in loss of both poly(A)-dependent and -independent translational silencing. PABPs accelerate miRNA-mediated deadenylation, but this contribution can be modulated by 3′UTR sequences. While greater distances with the poly(A) tail exacerbate dependency on PABP for deadenylation, more potent miRNA-binding sites partially suppress this effect. Our results refine the roles of PABPs in miRNA-mediated silencing and support a model wherein they enable miRNA-binding sites by looping the 3′UTR poly(A) tail to the bound miRISC and deadenylase."
10494711,33378642,NeuroPAL: A Multicolor Atlas for Whole-Brain Neuronal Identification in C. elegans,2021,Cell,10.1016/j.cell.2020.12.012,"['Yemini, Eviatar', 'Lin, Albert', 'Nejatbakhsh, Amin', 'Varol, Erdem', 'Sun, Ruoxi', 'Mena, Gonzalo E.', 'Samuel, Aravinthan D.T.', 'Paninski, Liam', 'Venkatachalam, Vivek', 'Hobert, Oliver']",[],147,"{'lsy-6': 0, 'che-1': 0}",0.0,"{'lsy-6': 0.0, 'che-1': 0.0}",0,"Comprehensively resolving neuronal identities in whole-brain images is a major challenge. We achieve this in C. elegans by engineering a multicolor transgene called NeuroPAL (a neuronal polychromatic atlas of landmarks). NeuroPAL worms share a stereotypical multicolor fluorescence map for the entire hermaphrodite nervous system that resolves all neuronal identities. Neurons labeled with NeuroPAL do not exhibit fluorescence in the green, cyan, or yellow emission channels, allowing the transgene to be used with numerous reporters of gene expression or neuronal dynamics. We showcase three applications that leverage NeuroPAL for nervous-system-wide neuronal identification. First, we determine the brainwide expression patterns of all metabotropic receptors for acetylcholine, GABA, and glutamate, completing a map of this communication network. Second, we uncover changes in cell fate caused by transcription factor mutations. Third, we record brainwide activity in response to attractive and repulsive chemosensory cues, characterizing multimodal coding for these stimuli."
4605772,26465883,Information Flow through a Model of the C. elegans Klinotaxis Circuit,2015,PLoS ONE,10.1371/journal.pone.0140397,"['Izquierdo, Eduardo J.', 'Williams, Paul L.', 'Beer, Randall D.', 'Cymbalyuk, Gennady']",[],12,"{'lsy-6': 0, 'che-1': 0}",0.0,"{'lsy-6': 0.0, 'che-1': 0.0}",11476,"Understanding how information about external stimuli is transformed into behavior is one of the central goals of neuroscience. Here we characterize the information flow through a complete sensorimotor circuit: from stimulus, to sensory neurons, to interneurons, to motor neurons, to muscles, to motion. Specifically, we apply a recently developed framework for quantifying information flow to a previously published ensemble of models of salt klinotaxis in the nematode worm Caenorhabditis elegans. Despite large variations in the neural parameters of individual circuits, we found that the overall information flow architecture circuit is remarkably consistent across the ensemble. This suggests structural connectivity is not necessarily predictive of effective connectivity. It also suggests information flow analysis captures general principles of operation for the klinotaxis circuit. In addition, information flow analysis reveals several key principles underlying how the models operate: (1) Interneuron class AIY is responsible for integrating information about positive and negative changes in concentration, and exhibits a strong left/right information asymmetry. (2) Gap junctions play a crucial role in the transfer of information responsible for the information symmetry observed in interneuron class AIZ. (3) Neck motor neuron class SMB implements an information gating mechanism that underlies the circuit’s state-dependent response. (4) The neck carries more information about small changes in concentration than about large ones, and more information about positive changes in concentration than about negative ones. Thus, not all directions of movement are equally informative for the worm. Each of these findings corresponds to hypotheses that could potentially be tested in the worm. Knowing the results of these experiments would greatly refine our understanding of the neural circuit underlying klinotaxis."
2413426,18560547,"Ammonium-Acetate Is Sensed by Gustatory and Olfactory Neurons in Caenorhabditis elegans'], b'NH4Ac Attracts C. elegans.",2008,PLoS ONE,10.1371/journal.pone.0002467,"['Frøkjær-Jensen, Christian', 'Ailion, Michael', 'Lockery, Shawn R.', 'Hart, Anne C.']",[],18,"{'lsy-6': 0, 'che-1': 27}",12.569319687012953,"{'lsy-6': 0.0, 'che-1': 0.0055635689264372555}",4853,"'], b'Caenorhabditis elegans chemosensation has been successfully studied using behavioral assays that treat detection of volatile and water soluble chemicals as separate senses, analogous to smell and taste. However, considerable ambiguity has been associated with the attractive properties of the compound ammonium-acetate (NH4Ac). NH4Ac has been used in behavioral assays both as a chemosensory neutral compound and as an attractant."
3674441,23619095,Autophagy modulates miRNA-mediated gene silencing and selectively degrades AIN-1/GW182 in C. elegans,2013,EMBO Reports,10.1038/embor.2013.53,"['Zhang, Peipei', 'Zhang, Hong']","['argonaute', 'autophagy', 'c. elegans', 'gw182', 'mirna']",38,"{'lsy-6': 1, 'che-1': 0}",0.0,"{'lsy-6': 0.0, 'che-1': 0.0}",0,"MicroRNAs (miRNAs) post-transcriptionally repress gene expression via the miRNA-induced silencing complex (miRISC), which includes miRNA, Argonaute and a GW182 family member. Here we show that in Caenorhabditis elegans, miRNA-mediated gene silencing is modulated by macroautophagy, a lysosome-mediated degradation process. Loss of autophagy activity suppresses developmental defects caused by partially impaired silencing of miRNA targets including the let-7 family and lsy-6. The C. elegans GW182 homolog AIN-1 is itself selectively degraded by autophagy and colocalizes with the p62 homolog SQST-1 in autophagy mutants. Thus, autophagy activity modulates miRNA-mediated gene silencing and degrades a core miRISC component."
3786745,24013594,Neuropeptide signaling remodels chemosensory circuit composition in Caenorhabditis elegans,2013,Nature neuroscience,10.1038/nn.3511,"['Leinwand, Sarah G.', 'Chalasani, Sreekanth H.']",[],61,"{'lsy-6': 0, 'che-1': 0}",0.0,"{'lsy-6': 0.0, 'che-1': 0.0}",0,"Neural circuits detect environmental changes and drive behavior. The routes of information flow through dense neural networks are dynamic; however, the mechanisms underlying this circuit flexibility are poorly understood. Here, we define a novel, sensory context-dependent and neuropeptide-regulated switch in the composition of a C. elegans salt sensory circuit. The primary salt detectors, ASE sensory neurons, use BLI-4 endoprotease-dependent cleavage to release the insulin-like peptide INS-6 in response to large but not small changes in external salt stimuli. Insulins, signaling through the insulin receptor DAF-2, functionally switch the AWC olfactory sensory neuron into an interneuron in the salt circuit. Animals with disrupted insulin signaling have deficits in salt attraction, suggesting that peptidergic signaling potentiates responses to high salt stimuli, which may promote ion homeostasis. Our results show that sensory context and neuropeptide signaling modify neural networks and suggest general mechanisms for generating flexible behavioral outputs by modulating neural circuit composition."
7758728,33125867,Two MicroRNAs Are Sufficient for Embryonic Patterning in C. elegans,2020,Current Biology,10.1016/j.cub.2020.09.066,"['Dexheimer, Philipp J.', 'Wang, Jingkui', 'Cochella, Luisa']","['microrna', 'drosha', 'pasha', 'dgcr8', 'mirtron', 'embryogenesis', 'development', 'c.\xa0elegans']",17,"{'lsy-6': 0, 'che-1': 0}",0.0,"{'lsy-6': 0.0, 'che-1': 0.0}",0,"MicroRNAs (miRNAs) are a class of post-transcriptional repressors with diverse roles in animal development and physiology [1]. The Microprocessor complex, composed of Drosha and Pasha/DGCR8, is necessary for the biogenesis of all canonical miRNAs and essential for the early stages of animal embryogenesis [2, 3, 4, 5, 6, 7, 8]. However, the cause for this requirement is largely unknown. Animals often express hundreds of miRNAs, and it remains unclear whether the Microprocessor is required to produce one or few essential miRNAs or many individually non-essential miRNAs. Additionally, both Drosha and Pasha/DGCR8 bind and cleave a variety of non-miRNA substrates [9, 10, 11, 12, 13, 14, 15], and it is unknown whether these activities account for the Microprocessor’s essential requirement. To distinguish between these possibilities, we developed a system in C. elegans to stringently deplete embryos of Microprocessor activity. Using a combination of auxin-inducible degradation (AID) and RNA interference (RNAi), we achieved Drosha and Pasha/DGCR8 depletion starting in the maternal germline, resulting in Microprocessor and miRNA-depleted embryos, which fail to undergo morphogenesis or form organs. Using a Microprocessor-bypass strategy, we show that this early embryonic arrest is rescued by the addition of just two miRNAs, one miR-35 and one miR-51 family member, resulting in morphologically normal larvae. Thus, just two out of ∼150 canonical miRNAs are sufficient for morphogenesis and organogenesis, and the processing of these miRNAs accounts for the essential requirement for Drosha and Pasha/DGCR8 during the early stages of C. elegans embryonic development."
3410857,22876200,"The MicroRNA mir-71 Inhibits Calcium Signaling by Targeting the TIR-1/Sarm1 Adaptor Protein to Control Stochastic L/R Neuronal Asymmetry in C. elegans'], b'miRNA and Stochastic L/R Neuronal Asymmetry",2012,PLoS Genetics,10.1371/journal.pgen.1002864,"['Hsieh, Yi-Wen', 'Chang, Chieh', 'Chuang, Chiou-Fen', 'Chisholm, Andrew D.']",[],37,"{'lsy-6': 0, 'che-1': 0}",0.0,"{'lsy-6': 0.0, 'che-1': 0.0}",0,"The Caenorhabditis elegans left and right AWC olfactory neurons communicate to establish stochastic asymmetric identities, AWCON and AWCOFF, by inhibiting a calcium-mediated signaling pathway in the future AWCON cell. NSY-4/claudin-like protein and NSY-5/innexin gap junction protein are the two parallel signals that antagonize the calcium signaling pathway to induce the AWCON fate. However, it is not known how the calcium signaling pathway is downregulated by nsy-4 and nsy-5 in the AWCON cell. Here we identify a microRNA, mir-71, that represses the TIR-1/Sarm1 adaptor protein in the calcium signaling pathway to promote the AWCON identity. Similar to tir-1 loss-of-function mutants, overexpression of mir-71 generates two AWCON neurons. tir-1 expression is downregulated through its 3′ UTR in AWCON, in which mir-71 is expressed at a higher level than in AWCOFF. In addition, mir-71 is sufficient to inhibit tir-1 expression in AWC through the mir-71 complementary site in the tir-1 3′ UTR. Our genetic studies suggest that mir-71 acts downstream of nsy-4 and nsy-5 to promote the AWCON identity in a cell autonomous manner. Furthermore, the stability of mature mir-71 is dependent on nsy-4 and nsy-5. Together, these results provide insight into the mechanism by which nsy-4 and nsy-5 inhibit calcium signaling to establish stochastic asymmetric AWC differentiation."
3273394,22124329,Monoamines and neuropeptides interact to inhibit aversive behaviour in Caenorhabditis elegans,2012,The EMBO Journal,10.1038/emboj.2011.422,"['Mills, Holly', 'Wragg, Rachel', 'Hapiak, Vera', 'Castelletto, Michelle', 'Zahratka, Jeffrey', 'Harris, Gareth', 'Summers, Philip', 'Korchnak, Amanda', 'Law, Wenjing', 'Bamber, Bruce', 'Komuniecki, Richard']","['monoamines', 'neuropeptides', 'nociception']",49,"{'lsy-6': 0, 'che-1': 0}",0.0,"{'lsy-6': 0.0, 'che-1': 0.0}",0,"Pain modulation is complex, but noradrenergic signalling promotes anti-nociception, with α2-adrenergic agonists used clinically. To better understand the noradrenergic/peptidergic modulation of nociception, we examined the octopaminergic inhibition of aversive behaviour initiated by the Caenorhabditis elegans nociceptive ASH sensory neurons. Octopamine (OA), the invertebrate counterpart of norepinephrine, modulates sensory-mediated reversal through three α-adrenergic-like OA receptors. OCTR-1 and SER-3 antagonistically modulate ASH signalling directly, with OCTR-1 signalling mediated by Gαo. In contrast, SER-6 inhibits aversive responses by stimulating the release of an array of ‘inhibitory’ neuropeptides that activate receptors on sensory neurons mediating attraction or repulsion, suggesting that peptidergic signalling may integrate multiple sensory inputs to modulate locomotory transitions. These studies highlight the complexity of octopaminergic/peptidergic interactions, the role of OA in activating global peptidergic signalling cascades and the similarities of this modulatory network to the noradrenergic inhibition of nociception in mammals, where norepinephrine suppresses chronic pain through inhibitory α2-adrenoreceptors on afferent nociceptors and stimulatory α1-receptors on inhibitory peptidergic interneurons."
3124812,18508635,"Sensory roles of neuronal cilia: Cilia development, morphogenesis, and function in C. elegans",2008,Frontiers in bioscience : a journal and virtual library,10.2741/3129,"['Bae, Young-Kyung', 'Barr, Maureen M.']","['sensory', 'cilia', 'c. elegans', 'receptor trafficking', 'primary cilia', 'neuron', 'behavior', 'autosomal dominant polycystic kidney disease', 'ciliopathy', 'review']",49,"{'lsy-6': 0, 'che-1': 0}",0.0,"{'lsy-6': 0.0, 'che-1': 0.0}",0,"In the free-living nematode Caenorhabditis elegans, cilia are found on the dendritic endings of sensory neurons. C. elegans cilia are classified as `primary\' or `sensory\' according to the `9+0\' axonemal ultrastiucture (nine doublet outer microtubules with no central microtubule pair) and lack of motility, characteristics of `9+2\' cilia. The C. elegans ciliated nervous system allows the animal to perceive environmental stimuli and make appropriate developmental, physiological, and behavioral decisions. In vertebrates, the biological significance of primary cilia had been largely neglected. Recent findings have placed primary/sensory cilia in the center of cellular signaling and developmental processes. Studies using genetic model organisms such as C. elegans identified the link between ciliary dysfunction and human ciliopathies. Future studies in the worm will address important basic questions regarding ciliary development, morphogenesis, specialization, and signaling functions."
3308950,22448218,"Temperature- and Touch-Sensitive Neurons Couple CNG and TRPV Channel Activities to Control Heat Avoidance in Caenorhabditis elegans'], b'CNG and TRPV Channels Sense Noxious Heat",2012,PLoS ONE,10.1371/journal.pone.0032360,"['Liu, Shu', 'Schulze, Ekkehard', 'Baumeister, Ralf', 'Hart, Anne C.']",[],48,"{'lsy-6': 0, 'che-1': 0}",0.0,"{'lsy-6': 0.0, 'che-1': 0.0}",8814,"Any organism depends on its ability to sense temperature and avoid noxious heat. The nematode Caenorhabditis elegans responds to noxious temperatures exceeding ∼35°C and also senses changes in its environmental temperature in the range between 15 and 25°C. The neural circuits and molecular mechanisms involved in thermotaxis have been successfully studied, whereas details of the thermal avoidance behavior remain elusive. In this work, we investigate neurological and molecular aspects of thermonociception using genetic, cell biological and physiological approaches."
3349695,21994266,Knockout of glial channel ACD-1 exacerbates sensory deficits in a C. elegans mutant by regulating calcium levels of sensory neurons,2012,Journal of Neurophysiology,10.1152/jn.00299.2011,"['Wang, Ying', ""D\\'Urso, Giulia"", 'Bianchi, Laura']","['degenerin/epithelial sodium channel', 'chemotaxis', 'imaging']",24,"{'lsy-6': 0, 'che-1': 0}",0.0,"{'lsy-6': 0.0, 'che-1': 0.0}",0,"Degenerin/epithelial Na+ channels (DEG/ENaCs) are voltage-independent Na+ or Na+/Ca2+ channels expressed in many tissues and are needed for a wide range of physiological functions, including sensory perception and transepithelial Na+ transport. In the nervous system, DEG/ENaCs are expressed in both neurons and glia. However, the role of glial vs. neuronal DEG/ENaCs remains unclear. We recently reported the characterization of a novel DEG/ENaC in Caenorhabditis elegans that we named ACD-1. ACD-1 is expressed in glial amphid sheath cells. The glial ACD-1, together with the neuronal DEG/ENaC DEG-1, is necessary for acid avoidance and attraction to lysine. We report presently that knockout of acd-1 in glia exacerbates sensory deficits caused by another mutant: the hypomorphic allele of the cGMP-gated channel subunit tax-2. Furthermore, sensory deficits caused by mutations in Gi protein odr-3 and guanylate cyclase daf-11, which regulate the activity of TAX-2/TAX-4 channels, are worsened by knockout of acd-1. We also show that sensory neurons of acd-1 tax-2(p694) double mutants fail to undergo changes in intracellular Ca2+ when animals are exposed to low concentrations of attractant. Finally, we show that exogenous expression of TRPV1 in sensory neurons and exposure to capsaicin rescue sensory deficits of acd-1 tax-2(p694) mutants, suggesting that sensory deficits of these mutants are bypassed by increasing neuronal excitability. Our data suggest a role of glial DEG/ENaC channel ACD-1 in supporting neuronal activity."
2800226,19875417,Single-cell transcriptional analysis of taste sensory neuron pair in Caenorhabditis elegans,2010,Nucleic Acids Research,10.1093/nar/gkp868,"['Takayama, Jun', 'Faumont, Serge', 'Kunitomo, Hirofumi', 'Lockery, Shawn R.', 'Iino, Yuichi']",[],18,"{'lsy-6': 9, 'che-1': 17}",11.433790406134928,"{'lsy-6': 0.0015397775876817793, 'che-1': 0.0029084687767322497}",5845,"The nervous system is composed of a wide variety of neurons. A description of the transcriptional profiles of each neuron would yield enormous information about the molecular mechanisms that define morphological or functional characteristics. Here we show that RNA isolation from single neurons is feasible by using an optimized mRNA tagging method. This method extracts transcripts in the target cells by co-immunoprecipitation of the complexes of RNA and epitope-tagged poly(A) binding protein expressed specifically in the cells. With this method and genome-wide microarray, we compared the transcriptional profiles of two functionally different neurons in the main C. elegans gustatory neuron class ASE. Eight of the 13 known subtype-specific genes were successfully detected. Additionally, we identified nine novel genes including a receptor guanylyl cyclase, secreted proteins, a TRPC channel and uncharacterized genes conserved among nematodes, suggesting the two neurons are substantially different than previously thought. The expression of these novel genes was controlled by the previously known regulatory network for subtype differentiation. We also describe unique motif organization within individual gene groups classified by the expression patterns in ASE. Our study paves the way to the complete catalog of the expression profiles of individual C. elegans neurons."
316968,11018015,The forkhead domain gene unc-130 generates chemosensory neuron diversity in C. elegans,2000,Genes & Development,10.1101/gad.832300,"['Sarafi-Reinach, Trina R.', 'Sengupta, Piali']","['caenorhabditis elegans', 'chemosensory neuron', 'asymmetric division', 'forkhead']",23,"{'lsy-6': 0, 'che-1': 0}",0.0,"{'lsy-6': 0.0, 'che-1': 0.0}",0,"Caenorhabditis elegans responds to its complex chemical environment using a small number of chemosensory neurons. Each of these neurons exhibits a unique sensory response repertoire. The developmental mechanisms that generate this diversity of function are largely unknown. Many C. elegans chemosensory neurons, including the AWA and ASG neurons, arise as lineal sisters of an asymmetric division. Here we describe the gene unc-130, which plays a role in the generation of the AWA and ASG neurons. In unc-130 mutants, the ASG neurons adopt the fate of the AWA neurons. unc-130 encodes a member of the forkhead domain family of transcription factors, and is expressed in the precursors to AWA and ASG neurons. Misexpression of unc-130 in the AWA neurons is partly sufficient to repress the AWA fate, but not to promote ASG fate. unc-130 also plays a role in the development of additional chemosensory neurons. Our experiments show that the ASG neurons share a developmental default state in common with three types of olfactory neurons. We propose that distinct cell fates and hence diversity of function in the chemosensory neurons of C. elegans are generated in a hierarchical manner, utilizing both lineage-dependent and independent mechanisms."
3593597,22699037,Neuronal microcircuits for decision making in C. elegans,2012,Current opinion in neurobiology,10.1016/j.conb.2012.05.005,"['Faumont, S', 'Lindsay, TH', 'Lockery, SR']",[],37,"{'lsy-6': 0, 'che-1': 0}",0.0,"{'lsy-6': 0.0, 'che-1': 0.0}",0,"The simplicity and genetic tractability of the nervous system of the nematode Caenorhabditis elegans make it an attractive system in which to seek biological mechanisms of decision making. Although work in this area remains at an early stage, four basic types paradigms of behavioral choice, a simple form of decision making, have now been demonstrated in C. elegans. A recent series of pioneering studies, combining genetics and molecular biology with new techniques such as microfluidics and calcium imaging in freely moving animals, has begun to elucidate the neuronal mechanisms underlying behavioral choice. The new research has focussed on choice behaviors in the context of habitat and resource localization, for which the neuronal circuit has been identified. Three main circuit motifs for behavioral choice have been identified. One motif is based mainly on changes in the strength of synaptic connections whereas the other two motifs are based on changes in the basal activity of an interneuron and the sensory neuron to which it is electrically coupled. Peptide signaling seems to play a prominent role in all three motifs, and it may be a general rule that concentrations of various peptides encode the internal states that influence behavioral decisions in C. elegans."
9065084,35504914,Functional identification of microRNA-centered complexes in C. elegans,2022,Scientific Reports,10.1038/s41598-022-10771-2,"['Hebbar, Shilpa', 'Panzade, Ganesh', 'Vashisht, Ajay A.', 'Wohlschlegel, James A.', 'Veksler-Lublinsky, Isana', 'Zinovyeva, Anna Y.']","['genetics', 'gene regulation']",2,"{'lsy-6': 41, 'che-1': 0}",12.162439826073616,"{'lsy-6': 0.005238947099412215, 'che-1': 0.0}",7826,"microRNAs (miRNAs) are crucial for normal development and physiology. To identify factors that might coordinate with miRNAs to regulate gene expression, we used 2′O-methylated oligonucleotides to precipitate Caenorhabditis elegans let-7, miR-58, and miR-2 miRNAs and the associated proteins. A total of 211 proteins were identified through mass-spectrometry analysis of miRNA co-precipitates, which included previously identified interactors of key miRNA pathway components. Gene ontology analysis of the identified interactors revealed an enrichment for RNA binding proteins, suggesting that we captured proteins that may be involved in mRNA lifecycle. To determine which miRNA interactors are important for miRNA activity, we used RNAi to deplete putative miRNA co-factors in animals with compromised miRNA activity and looked for alterations of the miRNA mutant phenotypes. Depletion of 25 of 39 tested genes modified the miRNA mutant phenotypes in three sensitized backgrounds. Modulators of miRNA phenotypes ranged from RNA binding proteins RBD-1 and CEY-1 to metabolic factors such as DLST-1 and ECH-5, among others. The observed functional interactions suggest widespread coordination of these proteins with miRNAs to ultimately regulate gene expression. This study provides a foundation for future investigations aimed at deciphering the molecular mechanisms of miRNA-mediated gene regulation."
6705685,28126744,A Gustatory Neural Circuit of Caenorhabditis elegans Generates Memory-Dependent Behaviors in Na+ Chemotaxis,2017,The Journal of Neuroscience,10.1523/JNEUROSCI.1774-16.2017,"['Wang, Lifang', 'Sato, Hirofumi', 'Satoh, Yohsuke', 'Tomioka, Masahiro', 'Kunitomo, Hirofumi', 'Iino, Yuichi']","['asel', 'calcium imaging', 'klinokinesis', 'neural circuit', 'optogenetics', 'sodium chemotaxis']",18,"{'lsy-6': 0, 'che-1': 0}",0.0,"{'lsy-6': 0.0, 'che-1': 0.0}",0,"Animals show various behaviors in response to environmental chemicals. These behaviors are often plastic depending on previous experiences. Caenorhabditis elegans, which has highly developed chemosensory system with a limited number of sensory neurons, is an ideal model for analyzing the role of each neuron in innate and learned behaviors. Here, we report a new type of memory-dependent behavioral plasticity in Na+ chemotaxis generated by the left member of bilateral gustatory neuron pair ASE (ASEL neuron). When worms were cultivated in the presence of Na+, they showed positive chemotaxis toward Na+, but when cultivated under Na+-free conditions, they showed no preference regarding Na+ concentration. Both channelrhodopsin-2 (ChR2) activation with blue light and up-steps of Na+ concentration activated ASEL only after cultivation with Na+, as judged by increase in intracellular Ca2+. Under cultivation conditions with Na+, photoactivation of ASEL caused activation of its downstream interneurons AIY and AIA, which stimulate forward locomotion, and inhibition of its downstream interneuron AIB, which inhibits the turning/reversal behavior, and overall drove worms toward higher Na+ concentrations. We also found that the Gq signaling pathway and the neurotransmitter glutamate are both involved in the behavioral response generated by ASEL."
6333676,30687001,An Excitatory/Inhibitory Switch From Asymmetric Sensory Neurons Defines Postsynaptic Tuning for a Rapid Response to NaCl in Caenorhabditis elegans,2019,Frontiers in Molecular Neuroscience,10.3389/fnmol.2018.00484,"['Kuramochi, Masahiro', 'Doi, Motomichi']","['synapse integration', 'c. elegans', 'salt-chemotaxis behavior', 'ca2+ imaging', 'glutamate']",5,"{'lsy-6': 0, 'che-1': 9}",2.492388813421602,"{'lsy-6': 0.0, 'che-1': 0.0012203389830508474}",7375,"The neural networks that regulate animal behaviors are encoded in terms of neuronal excitation and inhibition at the synapse. However, how the temporal activity of neural circuits is dynamically and precisely characterized by each signaling interaction via excitatory or inhibitory synapses, and how both synaptic patterns are organized to achieve fine regulation of circuit activities is unclear. Here, we show that in Caenorhabditis elegans, the excitatory/inhibitory switch from asymmetric sensory neurons (ASEL/R) following changes in NaCl concentration is required for a rapid and fine response in postsynaptic interneurons (AIBs). We found that glutamate released by the ASEL neuron inhibits AIBs via a glutamate-gated chloride channel localized at the distal region of AIB neurites. Conversely, glutamate released by the ASER neuron activates AIBs via an AMPA-type ionotropic receptor and a G-protein-coupled metabotropic glutamate receptor. Interestingly, these excitatory receptors are mainly distributed at the proximal regions of the neurite. Our results suggest that these convergent synaptic patterns can tune and regulate the proper behavioral response to environmental changes in NaCl."
7428862,31488706,A lineage-resolved molecular atlas of C. elegans embryogenesis at single cell resolution,2019,"Science (New York, N.Y.)",10.1126/science.aax1971,"['Packer, Jonathan S.', 'Zhu, Qin', 'Huynh, Chau', 'Sivaramakrishnan, Priya', 'Preston, Elicia', 'Dueck, Hannah', 'Stefanik, Derek', 'Tan, Kai', 'Trapnell, Cole', 'Kim, Junhyong', 'Waterston, Robert H.', 'Murray, John I.']",[],274,"{'lsy-6': 0, 'che-1': 0}",0.0,"{'lsy-6': 0.0, 'che-1': 0.0}",0,"C. elegans is an animal with few cells, but a striking diversity of cell types. Here, we characterize the molecular basis for their specification by profiling the transcriptomes of 86,024 single embryonic cells. We identify 502 terminal and pre-terminal cell types, mapping most single cell transcriptomes to their exact position in C. elegans’ invariant lineage. Using these annotations, we find that: 1) the correlation between a cell’s lineage and its transcriptome increases from mid to late gastrulation, then falls dramatically as cells in the nervous system and pharynx adopt their terminal fates; 2) multilineage priming contributes to the differentiation of sister cells at dozens of lineage branches; and 3) most distinct lineages that produce the same anatomical cell type converge to a homogenous transcriptomic state."
1461427,16547101,Searching for Neuronal Left/Right Asymmetry: Genomewide Analysis of Nematode Receptor-Type Guanylyl Cyclases,2006,Genetics,10.1534/genetics.106.055749,"['Ortiz, Christopher O.', 'Etchberger, John F.', 'Posy, Shoshana L.', 'Frøkjær-Jensen, Christian', 'Lockery, Shawn', 'Honig, Barry', 'Hobert, Oliver']",[],87,"{'lsy-6': 0, 'che-1': 0}",0.0,"{'lsy-6': 0.0, 'che-1': 0.0}",0,"Functional left/right asymmetry (“laterality”) is a fundamental feature of many nervous systems, but only very few molecular correlates to functional laterality are known. At least two classes of chemosensory neurons in the nematode Caenorhabditis elegans are functionally lateralized. The gustatory neurons ASE left (ASEL) and ASE right (ASER) are two bilaterally symmetric neurons that sense distinct chemosensory cues and express a distinct set of four known chemoreceptors of the guanylyl cyclase (gcy) gene family. To examine the extent of lateralization of gcy gene expression patterns in the ASE neurons, we have undertaken a genomewide analysis of all gcy genes. We report the existence of a total of 27 gcy genes encoding receptor-type guanylyl cyclases and of 7 gcy genes encoding soluble guanylyl cyclases in the complete genome sequence of C. elegans. We describe the expression pattern of all previously uncharacterized receptor-type guanylyl cyclases and find them to be highly biased but not exclusively restricted to the nervous system. We find that >41% (11/27) of all receptor-type guanylyl cyclases are expressed in the ASE gustatory neurons and that one-third of all gcy genes (9/27) are expressed in a lateral, left/right asymmetric manner in the ASE neurons. The expression of all laterally expressed gcy genes is under the control of a gene regulatory network composed of several transcription factors and miRNAs. The complement of gcy genes in the related nematode C. briggsae differs from C. elegans as evidenced by differences in chromosomal localization, number of gcy genes, and expression patterns. Differences in gcy expression patterns in the ASE neurons of C. briggsae arise from a difference in cis-regulatory elements and trans-acting factors that control ASE laterality. In sum, our results indicate the existence of a surprising multitude of putative chemoreceptors in the gustatory ASE neurons and suggest the existence of a substantial degree of laterality in gustatory signaling mechanisms in nematodes."
4676540,26434723,The Importance of cGMP Signaling in Sensory Cilia for Body Size Regulation in Caenorhabditis elegans,2015,Genetics,10.1534/genetics.115.177543,"['Fujiwara, Manabi', 'Hino, Takahiro', 'Miyamoto, Ryuta', 'Inada, Hitoshi', 'Mori, Ikue', 'Koga, Makoto', 'Miyahara, Koji', 'Ohshima, Yasumi', 'Ishihara, Takeshi']","['body size', 'caenorhabditis elegans', 'guanylyl cyclase', 'cgmp-dependent protein kinase', 'sensory cilia']",17,"{'lsy-6': 0, 'che-1': 0}",0.0,"{'lsy-6': 0.0, 'che-1': 0.0}",0,"The body size of Caenorhabditis elegans is thought to be controlled by sensory inputs because many mutants with sensory cilium structure defects exhibit small body size. The EGL-4 cGMP-dependent protein kinase acts in sensory neurons to reduce body size when animals fail to perceive sensory signals. In addition to body size control, EGL-4 regulates various other behavioral and developmental pathways, including those involved in the regulation of egg laying and chemotaxis behavior. Here we have identified gcy-12, which encodes a receptor-type guanylyl cyclase, as a gene involved in the sensory regulation of body size. Analyses with GFP fusion constructs showed that gcy-12 is expressed in several sensory neurons and localizes to sensory cilia. Genetic analyses indicated that GCY-12 acts upstream of EGL-4 in body size control but does not affect other EGL-4 functions. Our studies indicate that the function of the GCY-12 guanylyl cyclase is to provide cGMP to the EGL-4 cGMP-dependent kinase only for limited tasks including body size regulation. We also found that the PDE-2 cyclic nucleotide phosphodiesterase negatively regulates EGL-4 in controlling body size. Thus, the cGMP level is precisely controlled by GCY-12 and PDE-2 to determine body size through EGL-4, and the defects in the sensory cilium structure may disturb the balanced control of the cGMP level. The large number of guanylyl cyclases encoded in the C. elegans genome suggests that EGL-4 exerts pleiotropic effects by partnering with different guanylyl cyclases for different downstream functions."
5933757,29723289,Monoamines differentially modulate neuropeptide release from distinct sites within a single neuron pair,2018,PLoS ONE,10.1371/journal.pone.0196954,"['Clark, Tobias', 'Hapiak, Vera', 'Oakes, Mitchell', 'Mills, Holly', 'Komuniecki, Richard', 'Wegener, Christian']",[],3,"{'lsy-6': 0, 'che-1': 0}",0.0,"{'lsy-6': 0.0, 'che-1': 0.0}",6421,"Monoamines and neuropeptides often modulate the same behavior, but monoaminergic-peptidergic crosstalk remains poorly understood. In Caenorhabditis elegans, the adrenergic-like ligands, tyramine (TA) and octopamine (OA) require distinct subsets of neuropeptides in the two ASI sensory neurons to inhibit nociception. TA selectively increases the release of ASI neuropeptides encoded by nlp-14 or nlp-18 from either synaptic/perisynaptic regions of ASI axons or the ASI soma, respectively, and OA selectively increases the release of ASI neuropeptides encoded by nlp-9 asymmetrically, from only the synaptic/perisynaptic region of the right ASI axon. The predicted amino acid preprosequences of genes encoding either TA- or OA-dependent neuropeptides differed markedly. However, these distinct preprosequences were not sufficient to confer monoamine-specificity and additional N-terminal peptide-encoding sequence was required. Collectively, our results demonstrate that TA and OA specifically and differentially modulate the release of distinct subsets of neuropeptides from different subcellular sites within the ASIs, highlighting the complexity of monoaminergic/peptidergic modulation, even in animals with a relatively simple nervous system."
10159626,37140557,Principles for coding associative memories in a compact neural network,2023,eLife,10.7554/eLife.74434.sa2,"['Pritz, Christian', 'Itskovits, Eyal', 'Bokman, Eduard', 'Ruach, Rotem', 'Gritsenko, Vladimir', 'Nelken, Tal', 'Menasherof, Mai', 'Azulay, Aharon', 'Zaslaver, Alon', 'Iino, Yuichi', 'Behrens, Timothy E', 'Iino, Yuichi', 'Iino, Yuichi']","['memory coding', 'neural netwrok', 'calcium imaging', 'c. elegans']",12,"{'lsy-6': 0, 'che-1': 0}",0.0,"{'lsy-6': 0.0, 'che-1': 0.0}",20159,"A major goal in neuroscience is to elucidate the principles by which memories are stored in a neural network. Here, we have systematically studied how four types of associative memories (short- and long-term memories, each as positive and negative associations) are encoded within the compact neural network of Caenorhabditis elegans worms. Interestingly, sensory neurons were primarily involved in coding short-term, but not long-term, memories, and individual sensory neurons could be assigned to coding either the conditioned stimulus or the experience valence (or both). Moreover, when considering the collective activity of the sensory neurons, the specific training experiences could be decoded. Interneurons integrated the modulated sensory inputs and a simple linear combination model identified the experience-specific modulated communication routes. The widely distributed memory suggests that integrated network plasticity, rather than changes to individual neurons, underlies the fine behavioral plasticity. This comprehensive study reveals basic memory-coding principles and highlights the central roles of sensory neurons in memory formation."
196454,12952888,"A transcriptional regulatory cascade that controls left/right asymmetry'], b' in': [b'emosensory neurons of C. elegans",2003,Genes & Development,10.1101/gad.1117903,"['Chang, Sarah', 'Johnston, Robert J.', 'Hobert, Oliver']","['c. elegans', 'left/right asymmetry', 'transcription factor', 'homeobox']",91,"{'lsy-6': 0, 'che-1': 1}",0.0,"{'lsy-6': 0.0, 'che-1': 0.0}",0,"The molecular mechanisms of differential pattern formation along the'], b' lef': [b'right (L/R) axis in the nervous system are poorly understood. The nervous'], b' sys': [b'm of the nematode Caenorhabditis elegans displays several'], b' exa': [b'les of L/R asymmetry, including the directional asymmetry displayed by'], b' the': [b'wo ASE taste receptor neurons, ASE left (ASEL) and ASE right (ASER).', b' two neurons display distinct chemosensory capacities that correlate with', b'/R asymmetric expression of three putative sensory receptor genes,', b'inely balanced activity of antagonizing positive and negative regulatory'], b' Alt': [b'ugh bilaterally symmetric in regard to all known morphological criteria,'], b' gcy-5, expressed only in ASER, and gcy-6 and gcy-7,', b'ic>cog-1, ceh-36, and lim-6; and the transcriptional'], b' exp': [b'ssed only in ASEL. In order to understand the genetic basis of L/R', b'ssion to either the left or right ASE cell. These factors include the'], b' asy': [b'etry establishment, we screened for mutants in which patterns of', b'etric gcy gene expression are disrupted, and we identified a'], b' cas': [b'de of several symmetrically and asymmetrically expressed transcription'], b' fac': [b'rs that are sequentially required to restrict gcy gene', b'rs. A key trigger for asymmetry is the L/R differential expression of the'], b' zin': [b'finger transcription factor che-1; the homeobox genes'], b' cof': [b'tors unc-37/Groucho and lin-49. Specific features of'], b' thi': [b'regulatory hierarchy are sequentially acting repressive interactions and'], b' Nkx': [b'type COG-1 homeodomain protein. Our studies have thus identified'], b' tra': [b'criptional mediators of a putative L/R-asymmetric signaling event and'], b' sug': [b'st that vertebrate homologs of these proteins may have similar functions'], b' htt': [b'//www.genesdev.org/cgi/doi/10.1101/gad.1117903."
3088618,21502506,Roles for class IIA phosphatidylinositol transfer protein in neurotransmission and behavioral plasticity at the sensory neuron synapses of Caenorhabditis elegans,2011,Proceedings of the National Academy of Sciences of the United States of America,10.1073/pnas.1016232108,"['Iwata, Ryo', 'Oda, Shigekazu', 'Kunitomo, Hirofumi', 'Iino, Yuichi']","['lipid transport', 'rdgb', 'pitpnm', 'pi3k pathway']",9,"{'lsy-6': 0, 'che-1': 0}",0.0,"{'lsy-6': 0.0, 'che-1': 0.0}",0,"Growing evidence suggests that sensory neuron synapses not merely pass, but actively encode sensory information and convey it to the central nervous system. The chemosensory preferences of Caenorhabditis elegans, as manifested in the direction of chemotaxis, are reversibly regulated by prior experience at the level of sensory neurons; the attractive drive is promoted by diacylglycerol (DAG) signaling, whereas the counteracting repulsive drive requires PtdIns(3,4,5)P3 signaling. Here we report that the two opposing drives require a class IIA phosphatidylinositol transfer protein (PITP), PITP-1, which localizes to the sensory neuron synapses. In pitp-1 mutants, attraction behavior to salt is reduced, whereas conditioned repulsion from salt is eliminated: the mutants inflexibly show weak attraction behavior to salt, irrespective of prior experience. To generate flexible behavioral outputs, attraction and repulsion, PITP-1 acts in the gustatory neuron ASER and likely regulates neurotransmission from ASER, as pitp-1 mutations do not affect the ASER Ca2+ response to sensory stimulus. Furthermore, full attraction to salt is restored in pitp-1 mutants by expression of the phosphatidylinositol transfer domain alone, and also by mutations of a DGK gene that cause accumulation of DAG, suggesting that PITP-1 serves for DAG production via phosphatidylinositol transport and, hence, regulates synaptic transmission. In addition to gustatory behavior, olfactory behaviors and osmotic avoidance are also regulated by PITP-1 in the sensory neurons that detect each sensory stimulus. Thus, PITP-1–dependent phosphatidylinositol transport is essential for sensory neuron synapses to couple sensory inputs to effective behavioral responses."
2887956,20176573,The microRNA miR-124 controls gene expression in the sensory nervous system of Caenorhabditis elegans,2010,Nucleic Acids Research,10.1093/nar/gkq083,"['Clark, Alejandra M.', 'Goldstein, Leonard D.', 'Tevlin, Maya', 'Tavaré, Simon', 'Shaham, Shai', 'Miska, Eric A.']",[],54,"{'lsy-6': 0, 'che-1': 0}",0.0,"{'lsy-6': 0.0, 'che-1': 0.0}",5933,"miR-124 is a highly conserved microRNA (miRNA) whose in vivo function is poorly understood. Here, we identify miR-124 targets based on the analysis of the first mir-124 mutant in any organism. We find that miR-124 is expressed in many sensory neurons in Caenorhabditis elegans and onset of expression coincides with neuronal morphogenesis. We analyzed the transcriptome of miR-124 expressing and nonexpressing cells from wild-type and mir-124 mutants. We observe that many targets are co-expressed with and actively repressed by miR-124. These targets are expressed at reduced relative levels in sensory neurons compared to the rest of the animal. Our data from mir-124 mutant animals show that this effect is due to a large extent to the activity of miR-124. Genes with nonconserved target sites show reduced absolute expression levels in sensory neurons. In contrast, absolute expression levels of genes with conserved sites are comparable to control genes, suggesting a tuning function for many of these targets. We conclude that miR-124 contributes to defining cell-type-specific gene activity by repressing a diverse set of co-expressed genes."
11288434,39024405,Behavioral adjustment of C. elegans to mechanosensory loss requires intact mechanosensory neurons,2024,PLOS Biology,10.1371/journal.pbio.3002729.r008,"['Staum, Michal', 'Abraham, Ayelet-Chen', 'Arbid, Reema', 'Birari, Varun Sanjay', 'Dominitz, Matanel', 'Rabinowitch, Ithai', 'Sengupta, Piali', 'Schnell, PhD, Christian', 'Schnell, PhD, Christian', 'Schnell, PhD, Christian', 'Schnell, PhD, Christian']",[],2,"{'lsy-6': 0, 'che-1': 0}",0.0,"{'lsy-6': 0.0, 'che-1': 0.0}",6128,"Sensory neurons specialize in detecting and signaling the presence of diverse environmental stimuli. Neuronal injury or disease may undermine such signaling, diminishing the availability of crucial information. Can animals distinguish between a stimulus not being present and the inability to sense that stimulus in the first place? To address this question, we studied Caenorhabditis elegans nematode worms that lack gentle body touch sensation due to genetic mechanoreceptor dysfunction. We previously showed that worms can compensate for the loss of touch by enhancing their sense of smell, via an FLP-20 neuropeptide pathway. Here, we find that touch-deficient worms exhibit, in addition to sensory compensation, also cautious-like behavior, as if preemptively avoiding potential undetectable hazards. Intriguingly, these behavioral adjustments are abolished when the touch neurons are removed, suggesting that touch neurons are required for signaling the unavailability of touch information, in addition to their conventional role of signaling touch stimulation. Furthermore, we found that the ASE taste neurons, which similarly to the touch neurons, express the FLP-20 neuropeptide, exhibit altered FLP-20 expression levels in a touch-dependent manner, thus cooperating with the touch circuit. These results imply a novel form of neuronal signaling that enables C. elegans to distinguish between lack of touch stimulation and loss of touch sensation, producing adaptive behavioral adjustments that could overcome the inability to detect potential threats."
4241504,25412913,VAV-1 acts in a single interneuron to inhibit motor circuit activity in Caenorhabditis elegans,2014,Nature Communications,10.1038/ncomms6579,"['Fry, Amanda L.', 'Laboy, Jocelyn T.', 'Norman, Kenneth R.']",[],21,"{'lsy-6': 0, 'che-1': 0}",0.0,"{'lsy-6': 0.0, 'che-1': 0.0}",0,"The complex molecular and cellular mechanisms underlying neuronal control of animal movement are not well understood. Locomotion of Caenorhabditis elegans is mediated by a neuronal circuit that produces coordinated sinusoidal movement. Here we utilize this simple, yet elegant, behaviour to show that VAV-1, a conserved guanine nucleotide exchange factor for Rho-family GTPases, negatively regulates motor circuit activity and the rate of locomotion. While vav-1 is expressed in a small subset of neurons, we find that VAV-1 function is required in a single interneuron, ALA, to regulate motor neuron circuit activity. Furthermore, we show by genetic and optogenetic manipulation of ALA that VAV-1 is required for the excitation and activation of this neuron. We find that ALA signalling inhibits command interneuron activity by abrogating excitatory signalling in the command interneurons, which is responsible for promoting motor neuron circuit activity. Together, our data describe a novel neuromodulatory role for VAV-1-dependent signalling in the regulation of motor circuit activity and locomotion."
5066611,27688400,Neuron type-specific miRNA represses two broadly expressed genes to modulate an avoidance behavior in C. elegans,2016,Genes & Development,10.1101/gad.287904.116,"['Drexel, Tanja', 'Mahofsky, Katharina', 'Latham, Richard', 'Zimmer, Manuel', 'Cochella, Luisa']","['mirnas', 'cell identity', 'c. elegans', 'carbon dioxide']",23,"{'lsy-6': 0, 'che-1': 0}",0.0,"{'lsy-6': 0.0, 'che-1': 0.0}",0,"In this study, Drexel et al. research miRNA-mediated repression of broadly transcribed genes as a strategy for cellular specialization. They show that mir-791, expressed exclusively in the CO2-sensing neurons in C. elegans, represses two otherwise broadly expressed genes, which are needed for normal neuronal function and behavior of the animals toward CO2."
2648548,19204119,Transcriptional regulation and stabilization of left–right neuronal identity in C. elegans,2009,Genes & Development,10.1101/gad.1763509,"['Lesch, Bluma J.', 'Gehrke, Andrew R.', 'Bulyk, Martha L.', 'Bargmann, Cornelia I.']","['homeodomain', 'olfactory development', 'transcriptional maintenance', 'transcriptional repression', 'activity-dependent gene expression', 'cgmp-dependent protein kinase']",39,"{'lsy-6': 0, 'che-1': 0}",0.0,"{'lsy-6': 0.0, 'che-1': 0.0}",0,"At discrete points in development, transient signals are transformed into long-lasting cell fates. For example, the asymmetric identities of two Caenorhabditis elegans olfactory neurons called AWCON and AWCOFF are specified by an embryonic signaling pathway, but maintained throughout the life of an animal. Here we show that the DNA-binding protein NSY-7 acts to convert a transient, partially differentiated state into a stable AWCON identity. Expression of an AWCON marker is initiated in nsy-7 loss-of-function mutants, but subsequently lost, so that most adult animals have two AWCOFF neurons and no AWCON neurons. nsy-7 encodes a protein with distant similarity to a homeodomain. It is expressed in AWCON, and is an early transcriptional target of the embryonic signaling pathway that specifies AWCON and AWCOFF; its expression anticipates future AWC asymmetry. The NSY-7 protein binds a specific optimal DNA sequence that was identified through a complete biochemical survey of 8-mer DNA sequences. This sequence is present in the promoter of an AWCOFF marker and essential for its asymmetric expression. An 11-base-pair (bp) sequence required for AWCOFF expression has two activities: One region activates expression in both AWCs, and the overlapping NSY-7-binding site inhibits expression in AWCON. Our results suggest that NSY-7 responds to transient embryonic signaling by repressing AWCOFF genes in AWCON, thus acting as a transcriptional selector for a randomly specified neuronal identity."
3144738,21624898,A growing molecular toolbox for the functional analysis of microRNAs in Caenorhabditis elegans,2011,Briefings in Functional Genomics,10.1093/bfgp/elr012,"['Jo, Jeanyoung', 'Esquela-Kerscher, Aurora']","['microrna', 'caenorhabditis elegans', 'mirna inhibitors', 'antisense 2′-o-methyl oligoribonucleotides']",2,"{'lsy-6': 0, 'che-1': 0}",0.0,"{'lsy-6': 0.0, 'che-1': 0.0}",0,"With the growing number of microRNAs (miRNAs) being identified each year, more innovative molecular tools are required to efficiently characterize these small RNAs in living animal systems. Caenorhabditis elegans is a powerful model to study how miRNAs regulate gene expression and control diverse biological processes during development and in the adult. Genetic strategies such as large-scale miRNA deletion studies in nematodes have been used with limited success since the majority of miRNA genes do not exhibit phenotypes when individually mutated. Recent work has indicated that miRNAs function in complex regulatory networks with other small RNAs and protein-coding genes, and therefore the challenge will be to uncover these functional redundancies. The use of miRNA inhibitors such as synthetic antisense 2′-O-methyl oligoribonucleotides is emerging as a promising in vivo approach to dissect out the intricacies of miRNA regulation."
5220224,28083560,"Altered Sensory Code Drives Juvenile-to-Adult Behavioral Maturation in Caenorhabditis elegans'], b'Altered Sensory Code Drives Maturation",2016,eNeuro,10.1523/ENEURO.0175-16.2016,"['Hale, Laura A.', 'Lee, Eudoria S.', 'Pantazis, Alexandros K.', 'Chronis, Nikos', 'Chalasani, Sreekanth H.']","['behavior', 'chemotaxis', 'development', 'neural circuits', 'sensory code']",6,"{'lsy-6': 0, 'che-1': 2}",0.5759980023000096,"{'lsy-6': 0.0, 'che-1': 0.0003139717425431711}",6370,"Adults perform better than juveniles in food-seeking tasks. Using the nematode Caenorhabditis elegans to probe the neural mechanisms underlying behavioral maturation, we found that adults and juveniles require different combinations of sensory neurons to generate age-specific food-seeking behavior. We first show that adults and juveniles differ in their response to and preference for food-associated odors, and we analyze genetic mutants to map the neuronal circuits required for those behavioral responses. We developed a novel device to trap juveniles and record their neuronal activity. Activity measurements revealed that adult and juvenile AWA sensory neurons respond to the addition of diacetyl stimulus, whereas AWB, ASK, and AWC sensory neurons encode its removal specifically in adults. Further, we show that reducing neurotransmission from the additional AWB, ASK, and AWC sensory neurons transforms odor preferences from an adult to a juvenile-like state. We also show that AWB and ASK neurons drive behavioral changes exclusively in adults, providing more evidence that age-specific circuits drive age-specific behavior. Collectively, our results show that an odor-evoked sensory code is modified during the juvenile-to-adult transition in animal development to drive age-appropriate behavior. We suggest that this altered sensory code specifically enables adults to extract additional stimulus features and generate robust behavior."
11388161,39262801,Asymmetry in synaptic connectivity balances redundancy and reachability in the Caenorhabditis elegans connectome,2024,iScience,10.1016/j.isci.2024.110713,"['Birari, Varun Sanjay', 'Rabinowitch, Ithai']","['natural sciences', 'biological sciences', 'neuroscience', 'systems neuroscience']",0,"{'lsy-6': 0, 'che-1': 0}",0.0,"{'lsy-6': 0.0, 'che-1': 0.0}",9986,"The brain is overall bilaterally symmetrical, but also exhibits considerable asymmetry. While symmetry may endow neural networks with robustness and resilience, asymmetry may enable parallel information processing and functional specialization. How is this tradeoff between symmetrical and asymmetrical brain architecture balanced? To address this, we focused on the Caenorhabditis elegans connectome, comprising 99 classes of bilaterally symmetrical neuron pairs. We found symmetry in the number of synaptic partners between neuron class members, but pronounced asymmetry in the identity of these synapses. We applied graph theoretical metrics for evaluating Redundancy, the selective reinforcement of specific neural paths by multiple alternative synaptic connections, and Reachability, the extent and diversity of synaptic connectivity of each neuron class. We found Redundancy and Reachability to be stochastically tunable by the level of network asymmetry, driving the C. elegans connectome to favor Redundancy over Reachability. These results elucidate fundamental relations between lateralized neural connectivity and function."
6674598,16971519,"Molecular Physiology of the Neural Circuit for Calcineurin-Dependent Associative Learning in Caenorhabditis elegans'], b'",2006,The Journal of Neuroscience,10.1523/JNEUROSCI.0517-06.2006,"['Kuhara, Atsushi', 'Mori, Ikue']","['c. elegans', 'thermotaxis', 'learning and memory', 'associative learning', 'calcineurin', 'neural circuit', 'calcium imaging']",27,"{'lsy-6': 0, 'che-1': 0}",0.0,"{'lsy-6': 0.0, 'che-1': 0.0}",0,"How learning and memory is controlled at the neural circuit level is a fundamental question in neuroscience. However, molecular and cellular dissection of the neural circuits underlying learning and memory is extremely complicated in higher animals. Here, we report a simple neural circuit for learning behavior in Caenorhabditis elegans, where the calcium-activated phosphatase, calcineurin, acts as an essential modulator. The calcineurin mutant tax-6 showed defective feeding state-dependent learning behavior for temperature and salt. Surprisingly, defective associative learning between temperature and feeding state was caused by malfunctions of two pairs of directly connected interneurons, AIZ and RIA, in the mature nervous system. Monitoring temperature-evoked Ca2+ concentration changes in the AIZ–RIA neural pathway revealed that starvation, a conditioning factor, downregulated AIZ activity through calcineurin during associative learning between temperature and feeding state. Our results demonstrate the molecular and physiological mechanisms of a simple neural circuit for calcineurin-mediated associative learning behavior."
6608435,25411491,Regulation of Experience-Dependent Bidirectional Chemotaxis by a Neural Circuit Switch in Caenorhabditis elegans,2014,The Journal of Neuroscience,10.1523/JNEUROSCI.1757-14.2014,"['Satoh, Yohsuke', 'Sato, Hirofumi', 'Kunitomo, Hirofumi', 'Fei, Xianfeng', 'Hashimoto, Koichi', 'Iino, Yuichi']","['c. elegans', 'chemotaxis', 'klinotaxis', 'plasticity']",24,"{'lsy-6': 0, 'che-1': 0}",0.0,"{'lsy-6': 0.0, 'che-1': 0.0}",0,"The nematode Caenorhabditis elegans changes its chemotaxis to NaCl depending on previous experience. At the behavioral level, this chemotactic plasticity is generated by reversing the elementary behaviors for chemotaxis, klinotaxis, and klinokinesis. Here, we report that bidirectional klinotaxis is achieved by the proper use of at least two different neural subcircuits. We simulated an NaCl concentration change by activating an NaCl-sensitive chemosensory neuron in phase with head swing and successfully induced klinotaxis-like curving. The curving direction reversed depending on preconditioning, which was consistent with klinotaxis plasticity under a real concentration gradient. Cell-specific ablation and activation of downstream interneurons revealed that ASER-evoked curving toward lower concentration was mediated by AIY interneurons, whereas curving to the opposite direction was not. These results suggest that the experience-dependent bidirectionality of klinotaxis is generated by a switch between different neural subcircuits downstream of the chemosensory neuron."
3878553,24341457,The Caenorhabditis elegans interneuron ALA is (also) a high-threshold mechanosensor,2013,BMC Neuroscience,10.1186/1471-2202-14-156,"['Sanders, Jarred', 'Nagy, Stanislav', 'Fetterman, Graham', 'Wright, Charles', 'Treinin, Millet', 'Biron, David']","['mechanosensation', 'physiology', 'neuroethology']",22,"{'lsy-6': 0, 'che-1': 0}",0.0,"{'lsy-6': 0.0, 'che-1': 0.0}",0,"To survive dynamic environments, it is essential for all animals to appropriately modulate their behavior in response to various stimulus intensities. For instance, the nematode Caenorhabditis elegans suppresses the rate of egg-laying in response to intense mechanical stimuli, in a manner dependent on the mechanosensory neurons FLP and PVD. We have found that the unilaterally placed single interneuron ALA acted as a high-threshold mechanosensor, and that it was required for this protective behavioral response."
2984562,18596810,Functional asymmetry in C. elegans taste neurons and its computational role in chemotaxis,2008,Nature,10.1038/nature06927,"['Suzuki, Hiroshi', 'Thiele, Tod R.', 'Faumont, Serge', 'Ezcurra, Marina', 'Lockery, Shawn R.', 'Schafer, William R.']",[],137,"{'lsy-6': 0, 'che-1': 0}",0.0,"{'lsy-6': 0.0, 'che-1': 0.0}",0,"Chemotaxis in C. elegans, like chemotaxis in bacteria1, involves a random walk biased by the time derivative of attractant concentration2,3, but how the derivative is computed is unknown. Laser ablations have shown that the strongest deficits in chemotaxis to salts are obtained when the ASE neurons (ASEL and ASER) are killed, indicating that this pair plays a dominant role4. Although these neurons are left-right homologs anatomically, they exhibit marked asymmetries in gene expression and ion preference5–7. Here, using optical recordings of calcium transients in ASE neurons in intact animals, we demonstrate an additional asymmetry: ASEL is an ON-cell, stimulated by increases in NaCl concentration, whereas ASER is an OFF-cell, stimulated by decreases in NaCl concentration. Both responses are reliable yet transient, indicating that ASE neurons report changes in concentration rather than absolute levels. Recordings from synaptic and sensory transduction mutants show that the ON-OFF asymmetry is the result of intrinsic differences between ASE neurons. Unilateral activation experiments indicate that the asymmetry extends to the level of behavioral output: ASEL lengthens bouts of forward locomotion (runs) whereas ASER promotes direction changes (turns). Strikingly, the input and output asymmetries of ASE neurons are precisely those of a simple yet novel neuronal motif for computing the time derivative of chemosensory information, which is the fundamental computation of C. elegans chemotaxis3,8. Evidence for ON and OFF cells in other chemosensory networks9–12 suggests that this motif may be common in animals that navigate by taste and smell."
2213652,17986337,Left-right olfactory asymmetry results from antagonistic functions of voltage-activated calcium channels and the Raw repeat protein OLRN-1 in C. elegans,2007,Neural Development,10.1186/1749-8104-2-24,"['Bauer Huang, Sarah L', 'Saheki, Yasunori', 'VanHoven, Miri K', 'Torayama, Ichiro', 'Ishihara, Takeshi', 'Katsura, Isao', 'van der Linden, Alexander', 'Sengupta, Piali', 'Bargmann, Cornelia I']",[],49,"{'lsy-6': 0, 'che-1': 0}",0.0,"{'lsy-6': 0.0, 'che-1': 0.0}",0,"The left and right AWC olfactory neurons in Caenorhabditis elegans differ in their functions and in their expression of chemosensory receptor genes; in each animal, one AWC randomly takes on one identity, designated AWCOFF, and the contralateral AWC becomes AWCON. Signaling between AWC neurons induces left-right asymmetry through a gap junction network and a claudin-related protein, which inhibit a calcium-regulated MAP kinase pathway in the neuron that becomes AWCON."
2864223,20359322,Inhibiting miRNA in Caenorhabditis elegans using a potent and selective antisense reagent,2010,Silence,10.1186/1758-907X-1-9,"['Zheng, Genhua', 'Ambros, Victor', 'Li, Wen-hong']",[],11,"{'lsy-6': 0, 'che-1': 0}",0.0,"{'lsy-6': 0.0, 'che-1': 0.0}",0,"Antisense reagents can serve as efficient and versatile tools for studying gene function by inhibiting nucleic acids in vivo. Antisense reagents have particular utility for the experimental manipulation of the activity of microRNAs (miRNAs), which are involved in the regulation of diverse developmental and physiological pathways in animals. Even in traditional genetic systems, such as the nematode Caenorhabditis elegans, antisense reagents can provide experimental strategies complementary to mutational approaches. Presently no antisense reagents are available for inhibiting miRNAs in the nematode C. elegans."
3422662,20881110,Evolution and Analysis of Minimal Neural Circuits for Klinotaxis in Caenorhabditis elegans,2010,The Journal of Neuroscience,10.1523/JNEUROSCI.2606-10.2010,"['Izquierdo, Eduardo J.', 'Lockery, Shawn R.']",[],44,"{'lsy-6': 0, 'che-1': 0}",0.0,"{'lsy-6': 0.0, 'che-1': 0.0}",0,"Chemotaxis during sinusoidal locomotion in nematodes captures in simplified form the general problem of how dynamical interactions between the nervous system, body, and environment are exploited in the generation of adaptive behavior. We used an evolutionary algorithm to generate neural networks that exhibit klinotaxis, a common form of chemotaxis in which the direction of locomotion in a chemical gradient closely follows the line of steepest ascent. Sensory inputs and motor outputs of the model networks were constrained to match the inputs and outputs of the Caenorhabditis elegans klinotaxis network. We found that a minimalistic neural network, comprised of an ON-OFF pair of chemosensory neurons and a pair of neck muscle motor neurons, is sufficient to generate realistic klinotaxis behavior. Importantly, emergent properties of model networks reproduced two key experimental observations that they were not designed to fit, suggesting that the model may be operating according to principles similar to those of the biological network. A dynamical systems analysis of 77 evolved networks revealed a novel neural mechanism for spatial orientation behavior. This mechanism provides a testable hypothesis that is likely to accelerate the discovery and analysis of the biological circuitry for chemotaxis in C. elegans."
4313814,25583501,Hierarchical sparse coding in the sensory system of Caenorhabditis elegans,2015,Proceedings of the National Academy of Sciences of the United States of America,10.1073/pnas.1423656112,"['Zaslaver, Alon', 'Liani, Idan', 'Shtangel, Oshrat', 'Ginzburg, Shira', 'Yee, Lisa', 'Sternberg, Paul W.']","['neural circuits', 'calcium imagaing', 'sensory coding']",63,"{'lsy-6': 0, 'che-1': 0}",0.0,"{'lsy-6': 0.0, 'che-1': 0.0}",0,"We investigated how a numerically and spatially compact nematode nervous system encodes information about the world. A library of transgenic worms expressing a genetically encoded calcium indicator in each type of sensory neuron was constructed and used to assay neural activity in response to various chemical stimuli to compile a functional map of a sensory system. We find that the sensory system uses hierarchical sparse coding, a strategy that mitigates the limited size and the shallow structure of the neural network. Also, this is a timely study that significantly adds to the communal effort and enthusiasm in obtaining functional maps of the connectome."
6623760,21414922,"Behavioral Choice between Conflicting Alternatives Is Regulated by a Receptor Guanylyl Cyclase, GCY-28, and a Receptor Tyrosine Kinase, SCD-2, in AIA Interneurons of Caenorhabditis elegans",2011,The Journal of Neuroscience,10.1523/JNEUROSCI.4691-10.2011,"['Shinkai, Yoichi', 'Yamamoto, Yuta', 'Fujiwara, Manabi', 'Tabata, Takashi', 'Murayama, Takashi', 'Hirotsu, Takaaki', 'Ikeda, Daisuke D.', 'Tsunozaki, Makoto', 'Iino, Yuichi', 'Bargmann, Cornelia I.', 'Katsura, Isao', 'Ishihara, Takeshi']",[],66,"{'lsy-6': 0, 'che-1': 0}",0.0,"{'lsy-6': 0.0, 'che-1': 0.0}",0,"Animals facing conflicting sensory cues make a behavioral choice between competing alternatives through integration of the sensory cues. Here, we performed a genetic screen to identify genes important for the sensory integration of two conflicting cues, the attractive odorant diacetyl and the aversive stimulus Cu2+, and found that the membrane-bound guanylyl cyclase GCY-28 and the receptor tyrosine kinase SCD-2 regulate the behavioral choice between these alternatives in Caenorhabditis elegans. The gcy-28 mutants and scd-2 mutants show an abnormal bias in the behavioral choice between the cues, although their responses to each individual cue are similar to those in wild-type animals. Mutants in a gene encoding a cyclic nucleotide gated ion channel, cng-1, also exhibit the defect in sensory integration. Molecular genetic analyses suggested that GCY-28 and SCD-2 regulate sensory integration in AIA interneurons, where the conflicting sensory cues may converge. Genetic ablation or hyperpolarization of AIA interneurons showed nearly the same phenotype as gcy-28 or scd-2 mutants in the sensory integration, although this did not affect the sensory response to each individual cue. In gcy-28 or scd-2 mutants, activation of AIA interneurons is sufficient to restore normal sensory integration. These results suggest that the activity of AIA interneurons regulates the behavioral choice between the alternatives. We propose that GCY-28 and SCD-2 regulate sensory integration by modulating the activity of AIA interneurons."
4109004,25026983,Rewiring neural circuits by the insertion of ectopic electrical synapses in transgenic C. elegans,2014,Nature Communications,10.1038/ncomms5442,"['Rabinowitch, Ithai', 'Chatzigeorgiou, Marios', 'Zhao, Buyun', 'Treinin, Millet', 'Schafer, William R.']",[],29,"{'lsy-6': 0, 'che-1': 0}",0.0,"{'lsy-6': 0.0, 'che-1': 0.0}",0,"Neural circuits are functional ensembles of neurons that are selectively interconnected by chemical or electrical synapses. Here we describe a synthetic biology approach to the study of neural circuits, whereby new electrical synapses can be introduced in novel sites in the neuronal circuitry to reprogram behaviour. We added electrical synapses composed of the vertebrate gap junction protein Cx36 between Caenorhabditis elegans chemosensory neurons with opposite intrinsic responses to salt. Connecting these neurons by an ectopic electrical synapse led to a loss of lateral asymmetry and altered chemotaxis behaviour. In a second example, introducing Cx36 into an inhibitory chemical synapse between an olfactory receptor neuron and an interneuron changed the sign of the connection from negative to positive, and abolished the animal’s behavioural response to benzaldehyde. These data demonstrate a synthetic strategy to rewire behavioural circuits by engineering synaptic connectivity in C. elegans."
4102445,25032706,"LIN-42, the Caenorhabditis elegans PERIOD homolog, Negatively Regulates MicroRNA Transcription",2014,PLoS Genetics,10.1371/journal.pgen.1004486,"['Perales, Roberto', 'King, Dana M.', 'Aguirre-Chen, Cristina', 'Hammell, Christopher M.', 'Ruvkun, Gary']",[],29,"{'lsy-6': 21, 'che-1': 0}",12.020242960400234,"{'lsy-6': 0.002573529411764706, 'che-1': 0.0}",8160,"During C. elegans development, microRNAs (miRNAs) function as molecular switches that define temporal gene expression and cell lineage patterns in a dosage-dependent manner. It is critical, therefore, that the expression of miRNAs be tightly regulated so that target mRNA expression is properly controlled. The molecular mechanisms that function to optimize or control miRNA levels during development are unknown. Here we find that mutations in lin-42, the C. elegans homolog of the circadian-related period gene, suppress multiple dosage-dependent miRNA phenotypes including those involved in developmental timing and neuronal cell fate determination. Analysis of mature miRNA levels in lin-42 mutants indicates that lin-42 functions to attenuate miRNA expression. Through the analysis of transcriptional reporters, we show that the upstream cis-acting regulatory regions of several miRNA genes are sufficient to promote highly dynamic transcription that is coupled to the molting cycles of post-embryonic development. Immunoprecipitation of LIN-42 complexes indicates that LIN-42 binds the putative cis-regulatory regions of both non-coding and protein-coding genes and likely plays a role in regulating their transcription. Consistent with this hypothesis, analysis of miRNA transcriptional reporters in lin-42 mutants indicates that lin-42 regulates miRNA transcription. Surprisingly, strong loss-of-function mutations in lin-42 do not abolish the oscillatory expression patterns of lin-4 and let-7 transcription but lead to increased expression of these genes. We propose that lin-42 functions to negatively regulate the transcriptional output of multiple miRNAs and mRNAs and therefore coordinates the expression levels of genes that dictate temporal cell fate with other regulatory programs that promote rhythmic gene expression."
4349592,25738873,The Bicoid Class Homeodomain Factors ceh-36/OTX and unc-30/PITX Cooperate in C. elegans Embryonic Progenitor Cells to Regulate Robust Development,2015,PLoS Genetics,10.1371/journal.pgen.1005003,"['Walton, Travis', 'Preston, Elicia', 'Nair, Gautham', 'Zacharias, Amanda L.', 'Raj, Arjun', 'Murray, John Isaac', 'Ahringer, Julie']",[],25,"{'lsy-6': 0, 'che-1': 0}",0.0,"{'lsy-6': 0.0, 'che-1': 0.0}",9127,"While many transcriptional regulators of pluripotent and terminally differentiated states have been identified, regulation of intermediate progenitor states is less well understood. Previous high throughput cellular resolution expression studies identified dozens of transcription factors with lineage-specific expression patterns in C. elegans embryos that could regulate progenitor identity. In this study we identified a broad embryonic role for the C. elegans OTX transcription factor ceh-36, which was previously shown to be required for the terminal specification of four neurons. ceh-36 is expressed in progenitors of over 30% of embryonic cells, yet is not required for embryonic viability. Quantitative phenotyping by computational analysis of time-lapse movies of ceh-36 mutant embryos identified cell cycle or cell migration defects in over 100 of these cells, but most defects were low-penetrance, suggesting redundancy. Expression of ceh-36 partially overlaps with that of the PITX transcription factor unc-30. unc-30 single mutants are viable but loss of both ceh-36 and unc-30 causes 100% lethality, and double mutants have significantly higher frequencies of cellular developmental defects in the cells where their expression normally overlaps. These factors are also required for robust expression of the downstream developmental regulator mls-2/HMX. This work provides the first example of genetic redundancy between the related yet evolutionarily distant OTX and PITX families of bicoid class homeodomain factors and demonstrates the power of quantitative developmental phenotyping in C. elegans to identify developmental regulators acting in progenitor cells."
4335502,25671546,"Tissue Expression Pattern of PMK-2 p38 MAPK Is Established by the miR-58 Family in C. elegans'], b'Tissue Expression Established by the miR-58 Family",2015,PLoS Genetics,10.1371/journal.pgen.1004997,"['Pagano, Daniel J.', 'Kingston, Elena R.', 'Kim, Dennis H.', 'Barsh, Gregory S.']",[],25,"{'lsy-6': 2, 'che-1': 0}",1.4844041118564046,"{'lsy-6': 0.0003372681281618887, 'che-1': 0.0}",5930,"Analyses of gene expression profiles in evolutionarily diverse organisms have revealed a role for microRNAs in tuning tissue-specific gene expression. Here, we show that the relatively abundant and constitutively expressed miR-58 family of microRNAs sharply defines the tissue-specific expression of the broadly transcribed gene encoding PMK-2 p38 MAPK in Caenorhabditis elegans. Whereas PMK-2 functions redundantly with PMK-1 in the nervous system to regulate neuronal development and behavioral responses to pathogenic bacteria, the miR-58, miR-80, miR-81, and miR-82 microRNAs function redundantly to destabilize pmk-2 mRNA in non-neuronal cells with switch-like potency. Our data suggest a role for the miR-58 family in the establishment of neuronal-specific gene expression in C. elegans, and support a more general role for microRNAs in the establishment of tissue-specific gene expression."
3879703,24296782,You are what you eat: multifaceted functions of autophagy during C. elegans development,2014,Cell Research,10.1038/cr.2013.154,"['Yang, Peiguo', 'Zhang, Hong']","['autophagy', 'scaffold protein', 'aggrephagy', 'lipophagy', 'c. elegans']",20,"{'lsy-6': 0, 'che-1': 0}",0.0,"{'lsy-6': 0.0, 'che-1': 0.0}",0,"Autophagy involves the sequestration of a portion of the cytosolic contents in an enclosed double-membrane autophagosomal structure and its subsequent delivery to lysosomes for degradation. Autophagy activity functions in multiple biological processes during Caenorhabditis elegans development. The basal level of autophagy in embryos removes aggregate-prone proteins, paternal mitochondria and spermatid-specific membranous organelles (MOs). Autophagy also contributes to the efficient removal of embryonic apoptotic cell corpses by promoting phagosome maturation. During larval development, autophagy modulates miRNA-mediated gene silencing by selectively degrading AIN-1, a component of miRNA-induced silencing complex, and thus participates in the specification of multiple cell fates controlled by miRNAs. During development of the hermaphrodite germline, autophagy acts coordinately with the core apoptotic machinery to execute genotoxic stress-induced germline cell death and also cell death when caspase activity is partially compromised. Autophagy is also involved in the utilization of lipid droplets in the aging process in adult animals. Studies in C. elegans provide valuable insights into the physiological functions of autophagy in the development of multicellular organisms."
7704111,33002421,Combinatorial Action of Temporally Segregated Transcription Factors,2020,Developmental Cell,10.1016/j.devcel.2020.09.002,"['Charest, Julien', 'Daniele, Thomas', 'Wang, Jingkui', 'Bykov, Aleksandr', 'Mandlbauer, Ariane', 'Asparuhova, Mila', 'Röhsner, Josef', 'Gutiérrez-Pérez, Paula', 'Cochella, Luisa']","['competence', 'priming', 'transcription factors', 'combinatorial transcription', 'neuronal asymmetry', 'neuron diversification', 'c.\xa0elegans', 'mirna', 'epigenetics', 't-box']",27,"{'lsy-6': 180, 'che-1': 55}",112.51823068172546,"{'lsy-6': 0.01434148673412477, 'che-1': 0.0043821209465381246}",12551,"Combinatorial action of transcription factors (TFs) with partially overlapping expression is a widespread strategy to generate novel gene-expression patterns and, thus, cellular diversity. Known mechanisms underlying combinatorial activity require co-expression of TFs within the same cell. Here, we describe the mechanism by which two TFs that are never co-expressed generate a new, intersectional expression pattern in C. elegans embryos: lineage-specific priming of a gene by a transiently expressed TF generates a unique intersection with a second TF acting on the same gene four cell divisions later; the second TF is expressed in multiple cells but only activates transcription in those where priming occurred. Early induction of active transcription is necessary and sufficient to establish a competent state, maintained by broadly expressed regulators in the absence of the initial trigger. We uncover additional cells diversified through this mechanism. Our findings define a mechanism for combinatorial TF activity with important implications for generation of cell-type diversity."
2441980,18463285,Molecular architecture of a miRNA-regulated 3′ UTR,2008,RNA,10.1261/rna.1082708,"['Didiano, Dominic', 'Hobert, Oliver']","['c. elegans', 'mirna', 'lsy-6', 'cog-1', '3′ utr']",103,"{'lsy-6': 5, 'che-1': 0}",0.0,"{'lsy-6': 0.0, 'che-1': 0.0}",0,"Animal genomes contain hundreds of microRNAs (miRNAs), small regulatory RNAs that control gene expression by binding to complementary sites in target mRNAs. Some rules that govern miRNA/target interaction have been elucidated but their general applicability awaits further experimentation on a case-by-case basis. We use here an assay system in transgenic nematodes to analyze the interaction of the Caenorhabditis elegans lsy-6 miRNA with 3′ UTR sequences. In contrast to many previously described assay systems used to analyze miRNA/target interactions, our assay system operates within the cellular context in which lsy-6 normally functions, a single neuron in the nervous system of C. elegans. Through extensive mutational analysis, we define features in the known and experimentally validated target of lsy-6, the 3′ UTR of the cog-1 homeobox gene, that are required for a functional miRNA/target interaction. We describe that both in the context of the cog-1 3′ UTR and in the context of heterologous 3′ UTRs, one or more seed matches are not a reliable predictor for a functional miRNA/target interaction. We rather find that two nonsequence specific contextual features beyond miRNA target sites are critical determinants of miRNA-mediated 3′ UTR regulation. The contextual features reside 3′ of lsy-6 binding sites in the 3′ UTR and act in a combinatorial manner; mutation of each results in limited defects in 3′ UTR regulation, but a combinatorial deletion results in complete loss of 3′ UTR regulation. Together with two lsy-6 sites, these two contextual features are capable of imparting regulation on a heterologous 3′ UTR. Moreover, the contextual features need to be present in a specific configuration relative to miRNA binding sites and could either represent protein binding sites or provide an appropriate structural context. We conclude that a given target site resides in a 3′ UTR context that evolved beyond target site complementarity to support regulation by a specific miRNA. The large number of 3′ UTRs that we analyzed in this study will also be useful to computational biologists in designing the next generation of miRNA/target prediction algorithms."
3965213,24668170,A high-resolution morphological and ultrastructural map of anterior sensory cilia and glia in Caenorhabditis elegans,2014,eLife,10.7554/eLife.01948.039,"['Doroquez, David B', 'Berciu, Cristina', 'Anderson, James R', 'Sengupta, Piali', 'Nicastro, Daniela', 'Hobert, Oliver', 'Hobert, Oliver']","['cilia', 'electron microscopy', 'electron tomography', 'c. elegans']",134,"{'lsy-6': 0, 'che-1': 0}",0.0,"{'lsy-6': 0.0, 'che-1': 0.0}",14528,"Many primary sensory cilia exhibit unique architectures that are critical for transduction of specific sensory stimuli. Although basic ciliogenic mechanisms are well described, how complex ciliary structures are generated remains unclear. Seminal work performed several decades ago provided an initial but incomplete description of diverse sensory cilia morphologies in C. elegans. To begin to explore the mechanisms that generate these remarkably complex structures, we have taken advantage of advances in electron microscopy and tomography, and reconstructed three-dimensional structures of fifty of sixty sensory cilia in the C. elegans adult hermaphrodite at high resolution. We characterize novel axonemal microtubule organization patterns, clarify structural features at the ciliary base, describe new aspects of cilia–glia interactions, and identify structures suggesting novel mechanisms of ciliary protein trafficking. This complete ultrastructural description of diverse cilia in C. elegans provides the foundation for investigations into underlying ciliogenic pathways, as well as contributions of defined ciliary structures to specific neuronal functions."
5743440,28940676,Asymmetric development of the nervous system,2017,Developmental dynamics : an official publication of the American Association of Anatomists,10.1002/dvdy.24595,"['Alqadah, Amel', 'Hsieh, Yi-Wen', 'Morrissey, Zachery D.', 'Chuang, Chiou-Fen']","['asymmetry', 'human', 'rodent', 'zebrafish', 'drosophila', 'chicken', 'c. elegans']",16,"{'lsy-6': 0, 'che-1': 0}",0.0,"{'lsy-6': 0.0, 'che-1': 0.0}",0,"The human nervous system consists of seemingly symmetric left and right halves. However, closer observation of the brain reveals anatomical and functional lateralization. Defects in brain asymmetry correlate with several neurological disorders, yet our understanding of the mechanisms used to establish lateralization in the human central nervous system is extremely limited. Here, we review left-right asymmetries within the nervous system of humans and several model organisms, including rodents, zebrafish, chickens, Xenopus, Drosophila, and the nematode Caenorhabditis elegans. Comparing and contrasting mechanisms used to develop left-right asymmetry in the nervous system can provide insight into how the human brain is lateralized."
4502811,25569839,Guidelines for monitoring autophagy in Caenorhabditis elegans,2015,Autophagy,10.1080/15548627.2014.1003478,"['Zhang, Hong', 'Chang, Jessica T', 'Guo, Bin', 'Hansen, Malene', 'Jia, Kailiang', 'Kovács, Attila L', 'Kumsta, Caroline', 'Lapierre, Louis R', 'Legouis, Renaud', 'Lin, Long', 'Lu, Qun', 'Meléndez, Alicia', ""O\\'Rourke, Eyleen J"", 'Sato, Ken', 'Sato, Miyuki', 'Wang, Xiaochen', 'Wu, Fan']","['autophagy', 'c. elegans', 'development', 'lc3', 'sqstm1', 'asel, ase left', 'aser, ase right', 'atg, autophagy-related', 'epg, ectopic pgl granules', 'er, endoplasmic reticulum', 'gfp, green fluorescent protein', 'lgg-1, lc3, gabarap and gate-16 family', 'mo, membranous organelle', 'pgl, p-granule abnormality', 'rer, rough endoplasmic reticulum', 'sqst, sequestosome related protein', 'tem, transmission electron microscopy']",98,"{'lsy-6': 5, 'che-1': 0}",6.666515451160668,"{'lsy-6': 0.0004908698213233851, 'che-1': 0.0}",10186,"The cellular recycling process of autophagy has been extensively characterized with standard assays in yeast and mammalian cell lines. In multicellular organisms, numerous external and internal factors differentially affect autophagy activity in specific cell types throughout the stages of organismal ontogeny, adding complexity to the analysis of autophagy in these metazoans. Here we summarize currently available assays for monitoring the autophagic process in the nematode C. elegans. A combination of measuring levels of the lipidated Atg8 ortholog LGG-1, degradation of well-characterized autophagic substrates such as germline P granule components and the SQSTM1/p62 ortholog SQST-1, expression of autophagic genes and electron microscopy analysis of autophagic structures are presently the most informative, yet steady-state, approaches available to assess autophagy levels in C. elegans. We also review how altered autophagy activity affects a variety of biological processes in C. elegans such as L1 survival under starvation conditions, dauer formation, aging, and cell death, as well as neuronal cell specification. Taken together, C. elegans is emerging as a powerful model organism to monitor autophagy while evaluating important physiological roles for autophagy in key developmental events as well as during adulthood."
3708839,23874221,The C. elegans cGMP-Dependent Protein Kinase EGL-4 Regulates Nociceptive Behavioral Sensitivity,2013,PLoS Genetics,10.1371/journal.pgen.1003619,"['Krzyzanowski, Michelle C.', 'Brueggemann, Chantal', 'Ezak, Meredith J.', 'Wood, Jordan F.', 'Michaels, Kerry L.', 'Jackson, Christopher A.', 'Juang, Bi-Tzen', 'Collins, Kimberly D.', 'Yu, Michael C.', ""L\\'Etoile, Noelle D."", 'Ferkey, Denise M.', 'Goodman, Miriam B.']",[],23,"{'lsy-6': 0, 'che-1': 0}",0.0,"{'lsy-6': 0.0, 'che-1': 0.0}",8828,"Signaling levels within sensory neurons must be tightly regulated to allow cells to integrate information from multiple signaling inputs and to respond to new stimuli. Herein we report a new role for the cGMP-dependent protein kinase EGL-4 in the negative regulation of G protein-coupled nociceptive chemosensory signaling. C. elegans lacking EGL-4 function are hypersensitive in their behavioral response to low concentrations of the bitter tastant quinine and exhibit an elevated calcium flux in the ASH sensory neurons in response to quinine. We provide the first direct evidence for cGMP/PKG function in ASH and propose that ODR-1, GCY-27, GCY-33 and GCY-34 act in a non-cell-autonomous manner to provide cGMP for EGL-4 function in ASH. Our data suggest that activated EGL-4 dampens quinine sensitivity via phosphorylation and activation of the regulator of G protein signaling (RGS) proteins RGS-2 and RGS-3, which in turn downregulate Gα signaling and behavioral sensitivity."
2922507,20713521,The homeodomain protein hmbx-1 maintains asymmetric gene expression in adult C. elegans olfactory neurons,2010,Genes & Development,10.1101/gad.1932610,"['Lesch, Bluma J.', 'Bargmann, Cornelia I.']","['chemoreceptor, olfactory receptor', 'homeostasis', 'neuronal development', 'olfactory neuron']",24,"{'lsy-6': 0, 'che-1': 0}",0.0,"{'lsy-6': 0.0, 'che-1': 0.0}",0,"Differentiated neurons balance the need to maintain a stable identity with their flexible responses to dynamic environmental inputs. Here we characterize these opposing influences on gene expression in Caenorhabditis elegans olfactory neurons. Using transcriptional reporters that are expressed differentially in two olfactory neurons, AWCON and AWCOFF, we identify mutations that affect the long-term maintenance of appropriate chemoreceptor expression. A newly identified gene from this screen, the conserved transcription factor hmbx-1, stabilizes AWC gene expression in adult animals through dosage-sensitive interactions with its transcriptional targets. The late action of hmbx-1 complements the early role of the transcriptional repressor gene nsy-7: Both repress expression of multiple AWCOFF genes in AWCON neurons, but they act at different developmental stages. Environmental signals are superimposed onto this stable cell identity through at least two different transcriptional pathways that regulate individual chemoreceptor genes: a cGMP pathway regulated by sensory activity, and a daf-7 (TGF-β)/daf-3 (SMAD repressor) pathway regulated by specific components of the density-dependent C. elegans dauer pheromone."
5501174,28273525,Multisensory integration in C. elegans,2017,Current opinion in neurobiology,10.1016/j.conb.2017.01.005,"['Ghosh, D. Dipon', 'Nitabach, Michael N.', 'Zhang, Yun', 'Harris, Gareth']",[],29,"{'lsy-6': 0, 'che-1': 0}",0.0,"{'lsy-6': 0.0, 'che-1': 0.0}",0,"Multisensory integration is a neural process by which signals from two or more distinct sensory channels are simultaneously processed to form a more coherent representation of the environment. Multisensory integration, especially when combined with a survey of internal states, provides selective advantages for animals navigating complex environments. Despite appreciation of the importance of multisensory integration in behavior, the underlying molecular and cellular mechanisms remain poorly understood. Recent work looking at how Caenorhabditis elegans makes multisensory decisions has yielded mechanistic insights into how a relatively simple and well-defined nervous system employs circuit motifs of defined features, synaptic signals and extrasynaptic neurotransmission, as well as neuromodulators in processing and integrating multiple sensory inputs to generate flexible and adaptive behavioral outputs."
5320989,28143932,Dissection of neuronal gap junction circuits that regulate social behavior in Caenorhabditis elegans,2017,Proceedings of the National Academy of Sciences of the United States of America,10.1073/pnas.1621274114,"['Jang, Heeun', 'Levy, Sagi', 'Flavell, Steven W.', 'Mende, Fanny', 'Latham, Richard', 'Zimmer, Manuel', 'Bargmann, Cornelia I.']","['innexin', 'neural circuits', 'electrical synapses', 'stomatin', 'sensory behavior']",33,"{'lsy-6': 0, 'che-1': 0}",0.0,"{'lsy-6': 0.0, 'che-1': 0.0}",0,"Electrical coupling through gap junctions is an important form of neuronal communication, but methods to interrogate electrical coupling are limited. We identified the UNC-9 gap junction protein (innexin) as an essential component of a circuit that regulates social aggregation and related behaviors in Caenorhabditis elegans. By transgenic expression of dominant-negative UNC-1 stomatin and rescue with gain-of-function UNC-9::GFP, we selectively interrogated and restored gap junction coupling between neurons, allowing fine dissection of the neuronal circuit for social behavior."
5388422,28180320,TEG-1 CD2BP2 controls miRNA levels by regulating miRISC stability in C. elegans and human cells,2017,Nucleic Acids Research,10.1093/nar/gkw836,"['Wang, Chris', 'Gupta, Pratyush', 'Fressigne, Lucile', 'Bossé, Gabriel D.', 'Wang, Xin', 'Simard, Martin J.', 'Hansen, Dave']",[],8,"{'lsy-6': 14, 'che-1': 0}",5.019253817994857,"{'lsy-6': 0.0019957234497505346, 'che-1': 0.0}",7015,"MiRNAs post-transcriptionally regulate gene expression by recruiting the miRNA-induced silencing complex (miRISC) to target mRNAs. However, the mechanisms by which miRISC components are maintained at appropriate levels for proper function are largely unknown. Here, we demonstrate that Caenorhabditis elegans TEG-1 regulates the stability of two miRISC effectors, VIG-1 and ALG-1, which in turn affects the abundance of miRNAs in various families. We demonstrate that TEG-1 physically interacts with VIG-1, and complexes with mature let-7 miRNA. Also, loss of teg-1 in vivo phenocopies heterochronic defects observed in let-7 mutants, suggesting the association of TEG-1 with miRISC is necessary for let-7 to function properly during development. Loss of TEG-1 function also affects the abundance and function of other microRNAs, suggesting that TEG-1\'s role is not specific to let-7. We further demonstrate that the human orthologs of TEG-1, VIG-1 and ALG-1 (CD2BP2, SERBP1/PAI-RBP1 and AGO2) are found in a complex in HeLa cells, and knockdown of CD2BP2 results in reduced miRNA levels; therefore, TEG-1\'s role in affecting miRNA levels and function is likely conserved. Together, these data demonstrate that TEG-1 CD2BP2 stabilizes miRISC and mature miRNAs, maintaining them at levels necessary to properly regulate target gene expression."
2670343,19269369,nhl-2 modulates microRNA activity in Caenorhabditis elegans,2009,Cell,10.1016/j.cell.2009.01.053,"['Hammell, Christopher M.', 'Lubin, Isabella', 'Boag, Peter R.', 'Blackwell, T. Keith', 'Ambros, Victor']",[],110,"{'lsy-6': 1, 'che-1': 0}",0.0,"{'lsy-6': 0.0, 'che-1': 0.0}",0,"The C. elegans TRIM-NHL protein NHL-2 functions as a co-factor for the microRNA Induced Silencing Complex (miRISC) and thereby enhances the post-transcriptional repression of several genetically verified microRNA targets, including hbl-1 and let-60/Ras (by the let-7-family of microRNAs) and cog-1 (by the lsy-6 microRNA). NHL-2 is localized to cytoplasmic processing bodies (P-bodies) and physically associates with the P-body protein CGH-1 and the core miRISC components ALG-1/2 and AIN-1. nhl-2 and cgh-1 mutations compromise the repression of microRNA targets in vivo, but do not affect microRNA biogenesis, indicating a role for a NHL-2-CGH-1 complex in the effector phase of miRISC activity. We propose that the NHL-2-CGH-1 complex functions in association with mature miRISC to modulate the efficacy of microRNA:target interactions in response to physiological and developmental signals, and thereby helps ensure the robustness of genetic regulatory pathways regulated by microRNAs."
3701651,23861933,"A Sexually Conditioned Switch of Chemosensory Behavior in C. elegans'], b'A Sexually Conditioned Switch of Chemoattraction",2013,PLoS ONE,10.1371/journal.pone.0068676,"['Sakai, Naoko', 'Iwata, Ryo', 'Yokoi, Saori', 'Butcher, Rebecca A.', 'Clardy, Jon', 'Tomioka, Masahiro', 'Iino, Yuichi', 'Hendricks, Michael']",[],24,"{'lsy-6': 0, 'che-1': 0}",0.0,"{'lsy-6': 0.0, 'che-1': 0.0}",2341,"In sexually reproducing animals, mating is essential for transmitting genetic information to the next generation and therefore animals have evolved mechanisms for optimizing the chance of successful mate location. In the soil nematode C. elegans, males approach hermaphrodites via the ascaroside pheromones, recognize hermaphrodites when their tails contact the hermaphrodites\' body, and eventually mate with them. These processes are mediated by sensory signals specialized for sexual communication, but other mechanisms may also be used to optimize mate location. Here we describe associative learning whereby males use sodium chloride as a cue for hermaphrodite location. Both males and hermaphrodites normally avoid sodium chloride after associative conditioning with salt and starvation. However, we found that males become attracted to sodium chloride after conditioning with salt and starvation if hermaphrodites are present during conditioning. For this conditioning, which we call sexual conditioning, hermaphrodites are detected by males through pheromonal signaling and additional cue(s). Sex transformation experiments suggest that neuronal sex of males is essential for sexual conditioning. Altogether, these results suggest that C. elegans males integrate environmental, internal and social signals to determine the optimal strategy for mate location."
10836760,37607537,Brain-wide representations of behavior spanning multiple timescales and states in C. elegans,2023,Cell,10.1016/j.cell.2023.07.035,"['Atanas, Adam A.', 'Kim, Jungsoo', 'Wang, Ziyu', 'Bueno, Eric', 'Becker, McCoy', 'Kang, Di', 'Park, Jungyeon', 'Kramer, Talya S.', 'Wan, Flossie K.', 'Baskoylu, Saba', 'Dag, Ugur', 'Kalogeropoulou, Elpiniki', 'Gomes, Matthew A.', 'Estrem, Cassi', 'Cohen, Netta', 'Mansinghka, Vikash K.', 'Flavell, Steven W.']",[],46,"{'lsy-6': 0, 'che-1': 0}",0.0,"{'lsy-6': 0.0, 'che-1': 0.0}",0,"Changes in an animal’s behavior and internal state are accompanied by widespread changes in activity across its brain. However, how neurons across the brain encode behavior and how this is impacted by state is poorly understood. We recorded brain-wide activity and the diverse motor programs of freely-moving C. elegans and built probabilistic models that explain how each neuron encodes quantitative behavioral features. By determining the identities of the recorded neurons, we created an atlas of how the defined neuron classes in the C. elegans connectome encode behavior. Many neuron classes have conjunctive representations of multiple behaviors. Moreover, while many neurons encode current motor actions, others integrate recent actions. Changes in behavioral state are accompanied by widespread changes in how neurons encode behavior, and we identify these flexible nodes in the connectome. Our results provide a global map of how the cell types across an animal’s brain encode its behavior."
2134938,18085825,Most Caenorhabditis elegans microRNAs Are Individually Not Essential for Development or Viability,2007,PLoS Genetics,10.1371/journal.pgen.0030215,"['Miska, Eric A', 'Alvarez-Saavedra, Ezequiel', 'Abbott, Allison L', 'Lau, Nelson C', 'Hellman, Andrew B', 'McGonagle, Shannon M', 'Bartel, David P', 'Ambros, Victor R', 'Horvitz, H. Robert', 'McManus, Michael T']",[],297,"{'lsy-6': 4, 'che-1': 0}",34.308217598320425,"{'lsy-6': 0.001244167962674961, 'che-1': 0.0}",3215,"MicroRNAs (miRNAs), a large class of short noncoding RNAs found in many plants and animals, often act to post-transcriptionally inhibit gene expression. We report the generation of deletion mutations in 87 miRNA genes in Caenorhabditis elegans, expanding the number of mutated miRNA genes to 95, or 83% of known C. elegans miRNAs. We find that the majority of miRNAs are not essential for the viability or development of C. elegans, and mutations in most miRNA genes do not result in grossly abnormal phenotypes. These observations are consistent with the hypothesis that there is significant functional redundancy among miRNAs or among gene pathways regulated by miRNAs. This study represents the first comprehensive genetic analysis of miRNA function in any organism and provides a unique, permanent resource for the systematic study of miRNAs."
2691723,19386265,Linking asymmetric cell division to the terminal differentiation program of postmitotic neurons in C. elegans,2009,Developmental cell,10.1016/j.devcel.2009.02.011,"['Bertrand, Vincent', 'Hobert, Oliver']",[],60,"{'lsy-6': 0, 'che-1': 0}",0.0,"{'lsy-6': 0.0, 'che-1': 0.0}",0,"How asymmetric divisions are connected to the terminal differentiation program of neuronal subtypes is poorly understood. In C. elegans, two homeodomain transcription factors, TTX-3 (a LHX2/9 orthologue) and CEH-10 (a CHX10 orthologue), directly activate a large battery of terminal differentiation genes in the cholinergic interneuron AIY. We establish here a transcriptional cascade linking asymmetric division to this differentiation program. A transient lineage-specific input formed by the Zic factor REF-2 and the bHLH factor HLH-2 directly activates ttx-3 expression in the AIY mother. During the terminal division of the AIY mother, an asymmetric Wnt/β-catenin pathway cooperates with TTX-3 to directly restrict ceh-10 expression to only one of the two daughter cells. TTX-3 and CEH-10 automaintain their expression, thereby locking in the differentiation state. Our study establishes how transient lineage and asymmetric division inputs are integrated and suggests that the Wnt/β-catenin pathway is widely used to control the identity of neuronal lineages."
8710130,34237253,Molecular topography of an entire nervous system,2021,Cell,10.1016/j.cell.2021.06.023,"['Taylor, Seth R.', 'Santpere, Gabriel', 'Weinreb, Alexis', 'Barrett, Alec', 'Reilly, Molly B.', 'Xu, Chuan', 'Varol, Erdem', 'Oikonomou, Panos', 'Glenwinkel, Lori', 'McWhirter, Rebecca', 'Poff, Abigail', 'Basavaraju, Manasa', 'Rafi, Ibnul', 'Yemini, Eviatar', 'Cook, Steven J.', 'Abrams, Alexander', 'Vidal, Berta', 'Cros, Cyril', 'Tavazoie, Saeed', 'Sestan, Nenad', 'Hammarlund, Marc', 'Hobert, Oliver', 'Miller, David M.']",[],371,"{'lsy-6': 0, 'che-1': 0}",0.0,"{'lsy-6': 0.0, 'che-1': 0.0}",0,"We have produced expression profiles of all 302 neurons of the C. elegans nervous system that match the single cell resolution of its anatomy and wiring diagram. Our results suggest that individual neuron classes can be solely identified by combinatorial expression of specific gene families. For example, each neuron class expresses distinct codes of ~23 neuropeptide genes and ~36 neuropeptide receptors, delineating a complex and expansive “wireless” signaling network. To demonstrate the utility of this comprehensive gene expression catalog, we used computational approaches to (1) identify cis-regulatory elements for neuron-specific gene expression and (2) reveal adhesion proteins with potential roles in process placement and synaptic specificity. Our expression data are available at cengen.org and can be interrogated at the web application CengenApp. We expect that this neuron-specific directory of gene expression will spur investigations of underlying mechanisms that define anatomy, connectivity and function throughout the C. elegans nervous system."
5170555,27654945,The tubulin repertoire of Caenorhabditis elegans sensory neurons and its context‑dependent role in process outgrowth,2016,Molecular Biology of the Cell,10.1091/mbc.E16-06-0473,"['Lockhead, Dean', 'Schwarz, Erich M.', 'O’Hagan, Robert', 'Bellotti, Sebastian', 'Krieg, Michael', 'Barr, Maureen M.', 'Dunn, Alexander R.', 'Sternberg, Paul W.', 'Goodman, Miriam B.', 'Strome, Susan']",[],39,"{'lsy-6': 0, 'che-1': 0}",0.0,"{'lsy-6': 0.0, 'che-1': 0.0}",8244,Microtubules contribute to key cellular processes and are composed of αβ-tubulin heterodimers. Neurons in Caenorhabditis elegans express cell type–specific isoforms in addition to a shared repertoire and rely on tubulins for neurite outgrowth. Isoform function varies between in vivo and in vitro contexts.
11398344,39282255,Evolution of lateralized gustation in nematodes,2025,bioRxiv,10.1101/2024.08.31.610597,"['Mackie, Marisa', 'Le, Vivian Vy', 'Carstensen, Heather R.', 'Kushnir, Nicole R.', 'Castro, Dylan L.', 'Dimov, Ivan M.', 'Quach, Kathleen T.', 'Cook, Steven J.', 'Hobert, Oliver', 'Chalasani, Sreekanth H.', 'Hong, Ray L.']","['calcium imaging', 'lateral asymmetry', 'chemosensory neurons', 'pristionchus pacificus']",0,"{'lsy-6': 5, 'che-1': 80}",29.510047212673996,"{'lsy-6': 0.0007896399241945673, 'che-1': 0.012634238787113077}",6332,"Animals with small nervous systems have a limited number of sensory neurons that must encode information from a changing environment. This problem is particularly exacerbated in nematodes that populate a wide variety of distinct ecological niches but only have a few sensory neurons available to encode multiple modalities. How does sensory diversity prevail within this constraint in neuron number? To identify the genetic basis for patterning different nervous systems, we demonstrate that sensory neurons in Pristionchus pacificus respond to various salt sensory cues in a manner that is partially distinct from that of the distantly related nematode Caenorhabditis elegans. By visualizing neuronal activity patterns, we show that contrary to previous expectations based on its genome sequence, the salt responses of P. pacificus are encoded in a left/right asymmetric manner in the bilateral ASE neuron pair. Our study illustrates patterns of evolutionary stability and change in the gustatory system of nematodes."
2586605,18817734,A behavioral switch: cGMP and PKC signaling in olfactory neurons reverses odor preference in C. elegans,2008,Neuron,10.1016/j.neuron.2008.07.038,"['Tsunozaki, Makoto', 'Chalasani, Sreekanth H.', 'Bargmann, Cornelia I.']",[],93,"{'lsy-6': 0, 'che-1': 0}",0.0,"{'lsy-6': 0.0, 'che-1': 0.0}",0,"Innate chemosensory preferences are often encoded by sensory neurons that are specialized for attractive or avoidance behaviors. Here we show that one olfactory neuron in Caenorhabditis elegans, AWCON, has the potential to direct both attraction and repulsion. Attraction, the typical AWCON behavior, requires a receptor-like guanylate cyclase GCY-28 that acts in adults and localizes to AWCON axons. gcy-28 mutants avoid AWCON–sensed odors; they have normal odor-evoked calcium responses in AWCON, but reversed turning biases in odor gradients. In addition to gcy-28, a diacylglycerol/protein kinase C pathway that regulates neurotransmission switches AWCON odor preferences. A behavioral switch in AWCON may be part of normal olfactory plasticity, as odor conditioning can induce odor avoidance in wild-type animals. Genetic interactions, acute rescue, and calcium imaging suggest that the behavioral reversal results from presynaptic changes in AWCON. These results suggest that alternative modes of neurotransmission can couple one sensory neuron to opposite behavioral outputs."
3311396,22396595,The mevalonate pathway regulates microRNA activity in Caenorhabditis elegans,2012,Proceedings of the National Academy of Sciences of the United States of America,10.1073/pnas.1202421109,"['Shi, Zhen', 'Ruvkun, Gary']",[],21,"{'lsy-6': 0, 'che-1': 0}",0.0,"{'lsy-6': 0.0, 'che-1': 0.0}",0,"The mevalonate pathway is highly conserved and mediates the production of isoprenoids, which feed into biosynthetic pathways for sterols, dolichol, ubiquinone, heme, isopentenyl adenine, and prenylated proteins. We found that in Caenorhabditis elegans, the nonsterol biosynthetic outputs of the mevalonate pathway are required for the activity of microRNAs (miRNAs) in silencing their target mRNAs. Inactivation of genes that mediate multiple steps of the mevalonate pathway causes derepression of several miRNA target genes, with no disruption of the miRNA levels, suggesting a role in miRNA-induced silencing complex activity. Dolichol phosphate, synthesized from the mevalonate pathway, functions as a lipid carrier of the oligosaccharide moiety destined for protein N-linked glycosylation. Inhibition of the dolichol pathway of protein N-glycosylation also causes derepression of miRNA target mRNAs. The proteins that mediate miRNA repression are therefore likely to be regulated by N-glycosylation. Conversely, drugs such as statins, which inhibit the mevalonate pathway, may compromise miRNA repression as well as the more commonly considered cholesterol biosynthesis."
125897,11867526,The G-protein γ subunit gpc-1 of the nematode C.elegans is involved in taste adaptation,2002,The EMBO Journal,10.1093/emboj/21.5.986,"['Jansen, Gert', 'Weinkove, David', 'Plasterk, Ronald H.A.']",['adaptation/caenorhabditis elegans/ g proteins/taste'],49,"{'lsy-6': 0, 'che-1': 0}",0.0,"{'lsy-6': 0.0, 'che-1': 0.0}",0,"Caenorhabditis elegans has two heterotrimeric G-protein γ subunits, gpc-1 and gpc-2. Although GPC-1 is specifically expressed in sensory neurons, it is not essential for the detection of odorants or salts. To test whether GPC-1 is involved in sensory plasticity, we developed a water soluble compound adaptation assay. The behaviour of wild-type animals in this assay confirms that prolonged exposure to salts can abolish chemo-attraction to these compounds. This process is time and concentration dependent, partly salt specific and reversible. In contrast, gpc-1 mutant animals show clear deficits in their ability to adapt to NaAc, NaCl and NH4Cl, but normal wild-type adaptation to odorants. Two other loci previously implicated in odorant adaptation, adp-1 and osm-9, are also involved in adaptation to salts. Our finding that G proteins, OSM-9 and ADP-1 are involved in taste adaptation offer the first molecular insight into this process."
2766936,19589887,Rapid Sequence Evolution of Transcription Factors Controlling Neuron Differentiation in Caenorhabditis,2009,Molecular Biology and Evolution,10.1093/molbev/msp142,"['Jovelin, Richard']","['caenorhabditis', 'transcription factors', 'nucleotide variation', 'molecular evolution', 'chemosensory genes', 'neurons']",15,"{'lsy-6': 0, 'che-1': 0}",0.0,"{'lsy-6': 0.0, 'che-1': 0.0}",0,"Whether phenotypic evolution proceeds predominantly through changes in regulatory sequences is a controversial issue in evolutionary genetics. Ample evidence indicates that the evolution of gene regulatory networks via changes in cis-regulatory sequences is an important determinant of phenotypic diversity. However, recent experimental work suggests that the role of transcription factor (TF) divergence in developmental evolution may be underestimated. In order to help understand what levels of constraints are acting on the coding sequence of developmental regulatory genes, evolutionary rates were investigated among 48 TFs required for neuronal development in Caenorhabditis elegans. Allelic variation was then sampled for 28 of these genes within a population of the related species Caenorhabditis remanei. Neuronal TFs are more divergent, both within and between species, than structural genes. TFs affecting different neuronal classes are under different levels of selective constraints. The regulatory genes controlling the differentiation of chemosensory neurons evolve particularly fast and exhibit higher levels of within- and between-species nucleotide variation than TFs required for the development of several neuronal classes and TFs required for motorneuron differentiation. The TFs affecting chemosensory neuron development are also more divergent than chemosensory genes expressed in the neurons they differentiate. These results illustrate that TFs are not as highly constrained as commonly thought and suggest that the role of divergence in developmental regulatory genes during the evolution of gene regulatory networks requires further attention."
2665784,19181841,Massively parallel sequencing of the polyadenylated transcriptome of C. elegans,2009,Genome Research,10.1101/gr.088112.108,"['Hillier, LaDeana W.', 'Reinke, Valerie', 'Green, Philip', 'Hirst, Martin', 'Marra, Marco A.', 'Waterston, Robert H.']",[],135,"{'lsy-6': 0, 'che-1': 0}",0.0,"{'lsy-6': 0.0, 'che-1': 0.0}",0,"Using massively parallel sequencing by synthesis methods, we have surveyed the polyA+ transcripts from four stages of the nematode Caenorhabditis elegans to an unprecedented depth. Using novel statistical approaches, we evaluated the coverage of annotated features of the genome and of candidate processed transcripts, including splice junctions, trans-spliced leader sequences, and polyadenylation tracts. The data provide experimental support for >85% of the annotated protein-coding transcripts in WormBase (WS170) and confirm additional details of processing. For example, the total number of confirmed splice junctions was raised from 70,911 to over 98,000. The data also suggest thousands of modifications to WormBase annotations and identify new spliced junctions and genes not part of any WormBase annotation, including at least 80 putative genes not found in any of three predicted gene sets. The quantitative nature of the data also suggests that mRNA levels may be measured by this approach with unparalleled precision. Although most sequences align with protein-coding genes, a small fraction falls in introns and intergenic regions. One notable region on the X chromosome encodes a noncoding transcript of >10 kb localized to somatic nuclei."
3396369,22508763,Multidimensional regulation of gene expression in the C. elegans embryo,2012,Genome Research,10.1101/gr.131920.111,"['Murray, John Isaac', 'Boyle, Thomas J.', 'Preston, Elicia', 'Vafeados, Dionne', 'Mericle, Barbara', 'Weisdepp, Peter', 'Zhao, Zhongying', 'Bao, Zhirong', 'Boeck, Max', 'Waterston, Robert H.']",[],110,"{'lsy-6': 0, 'che-1': 0}",0.0,"{'lsy-6': 0.0, 'che-1': 0.0}",0,"How cells adopt different expression patterns is a fundamental question of developmental biology. We quantitatively measured reporter expression of 127 genes, primarily transcription factors, in every cell and with high temporal resolution in C. elegans embryos. Embryonic cells are highly distinct in their gene expression; expression of the 127 genes studied here can distinguish nearly all pairs of cells, even between cells of the same tissue type. We observed recurrent lineage-regulated expression patterns for many genes in diverse contexts. These patterns are regulated in part by the TCF-LEF transcription factor POP-1. Other genes\' reporters exhibited patterns correlated with tissue, position, and left–right asymmetry. Sequential patterns both within tissues and series of sublineages suggest regulatory pathways. Expression patterns often differ between embryonic and larval stages for the same genes, emphasizing the importance of profiling expression in different stages. This work greatly expands the number of genes in each of these categories and provides the first large-scale, digitally based, cellular resolution compendium of gene expression dynamics in live animals. The resulting data sets will be a useful resource for future research."
11094273,38751431,"Neuronal basis and diverse mechanisms of pathogen avoidance in Caenorhabditis elegans'], b'",2024,Frontiers in Immunology,10.3389/fimmu.2024.1353747,"['Lei, Ming', 'Tan, Yanheng', 'Tu, Haijun', 'Tan, Weihong']","['pathogen avoidance', 'aerotaxis', 'metabolites', 'neural circuit', 'reactive oxygen species', 'innate immunity']",5,"{'lsy-6': 0, 'che-1': 0}",0.0,"{'lsy-6': 0.0, 'che-1': 0.0}",4449,"Pathogen avoidance behaviour has been observed across animal taxa as a vital host-microbe interaction mechanism. The nematode Caenorhabditis elegans has evolved multiple diverse mechanisms for pathogen avoidance under natural selection pressure. We summarise the current knowledge of the stimuli that trigger pathogen avoidance, including alterations in aerotaxis, intestinal bloating, and metabolites. We then survey the neural circuits involved in pathogen avoidance, transgenerational epigenetic inheritance of pathogen avoidance, signalling crosstalk between pathogen avoidance and innate immunity, and C. elegans avoidance of non-Pseudomonas bacteria. In this review, we highlight the latest advances in understanding host-microbe interactions and the gut-brain axis."
9593764,36304123,Positive interaction between ASH and ASK sensory neurons accelerates nociception and inhibits behavioral adaptation,2022,iScience,10.1016/j.isci.2022.105287,"['Wu, Jing-Jing', 'Yin, Sheng-Wu', 'Liu, Hui', 'Li, Rong', 'Huang, Jia-Hao', 'Wang, Ping-Zhou', 'Xu, Yu', 'Zhao, Jia-Lu', 'Wu, Piao-Ping', 'Wu, Zheng-Xing']","['behavioral neuroscience', 'molecular neuroscience', 'cellular neuroscience']",5,"{'lsy-6': 0, 'che-1': 0}",0.0,"{'lsy-6': 0.0, 'che-1': 0.0}",11248,"Central and peripheral sensory neurons tightly regulate nociception and avoidance behavior. The peripheral modulation of nociception provides more veridical and instantaneous information for animals to achieve rapid, more fine-tuned and concentrated behavioral responses. In this study, we find that positive interaction between ASH and ASK sensory neurons is essential for the fast-rising phase of ASH Ca2+ responses to noxious copper ions and inhibits the adaption of avoiding Cu2+. We reveal the underlying neuronal circuit mechanism. ASK accelerates the ASH Ca2+ responses by transferring cGMP through gap junctions. ASH excites ASK via a disinhibitory neuronal circuit composed of ASH, AIA, and ASK. Avoidance adaptation depends on the slope rate of the rising phase of ASH Ca2+ responses. Thus, in addition to amplitude, sensory kinetics is significant for sensations and behaviors, especially for sensory and behavioral adaptations."
2730525,19523832,Lateralized gustatory behavior of C. elegans is controlled by specific receptor-type guanylyl cyclases,2009,Current biology : CB,10.1016/j.cub.2009.05.043,"['Ortiz, Christopher O.', 'Faumont, Serge', 'Takayama, Jun', 'Ahmed, Heidi K.', 'Goldsmith, Andrew D.', 'Pocock, Roger', 'McCormick, Kathryn E.', 'Kunimoto, Hirofumi', 'Iino, Yuichi', 'Lockery, Shawn', 'Hobert, Oliver']",[],64,"{'lsy-6': 0, 'che-1': 0}",0.0,"{'lsy-6': 0.0, 'che-1': 0.0}",0,"Even though functional lateralization is a predominant feature of many nervous systems, it is poorly understood how lateralized neural function is linked to lateralized gene activity. A bilaterally symmetric pair of gustatory neurons in the nematode C. elegans, ASEL and ASER, serves as a model to study the genetic basis of functional lateralization as this pair senses a number of chemicals in a left/right asymmetric manner. The extent of functional lateralization of the ASE neurons and genes responsible for the left/right asymmetric activity of ASEL/R are unknown."
4545498,26291158,Regulatory logic of pan-neuronal gene expression in C. elegans,2015,Neuron,10.1016/j.neuron.2015.07.031,"['Stefanakis, Nikolaos', 'Carrera, Ines', 'Hobert, Oliver']",[],97,"{'lsy-6': 0, 'che-1': 0}",0.0,"{'lsy-6': 0.0, 'che-1': 0.0}",0,"While neuronal cell types display an astounding degree of phenotypic diversity, most if not all neuron types share a core panel of terminal features. However, little is known about how pan-neuronal expression patterns are genetically programmed. Through an extensive analysis of the cis-regulatory control regions of a battery of pan-neuronal C.elegans genes, including genes involved in synaptic vesicle biology and neuropeptide signaling, we define a common organizational principle in the regulation of pan-neuronal genes in the form of a surprisingly complex array of seemingly redundant, parallel-acting cis-regulatory modules that direct expression to broad, overlapping domains throughout the nervous system. These parallel-acting cis-regulatory modules are responsive to a multitude of distinct trans-acting factors. Neuronal gene expression programs therefore fall into two fundamentally distinct classes. Neuron type-specific genes are generally controlled by discrete and non-redundantly acting regulatory inputs, while pan-neuronal gene expression is controlled by diverse, coincident and seemingly redundant regulatory inputs."
2629285,19104055,Regulatory logic of neuronal diversity: Terminal selector genes and selector motifs,2008,Proceedings of the National Academy of Sciences of the United States of America,10.1073/pnas.0806070105,"['Hobert, Oliver']","['caenorhabditis elegans', 'neuronal differentiation', 'gene regulation', 'transcription factors', 'cis-regulatory motifs']",159,"{'lsy-6': 0, 'che-1': 0}",0.0,"{'lsy-6': 0.0, 'che-1': 0.0}",0,"Individual neuronal cell types are defined by the expression of unique batteries of terminal differentiation genes. The elucidation of the cis-regulatory architecture of several distinct, single neuron type-specific gene batteries in Caenorhabditis elegans has revealed a strikingly simple cis-regulatory logic, in which small cis-regulatory motifs are activated in postmitotic neurons by autoregulating transcription factors (TFs). Loss of the TFs results in the loss of the identity of the individual neuron type. I propose to term these TFs “terminal selector genes” and their cognate cis-regulatory target sites “terminal selector motifs.” Terminal selector genes assign individual neuronal identities by directly controlling the expression of downstream, terminal differentiation genes and act in specific regulatory network configurations. The simplicity of the cis-regulatory logic on which the terminal selector gene concept is based may contribute to the evolvability of neuronal diversity."
2685168,19330004,Oxidation of a potassium channel causes progressive sensory function loss during ageing,2009,Nature neuroscience,10.1038/nn.2291,"['Cai, Shi-Qing', 'Sesti, Federico']",[],39,"{'lsy-6': 0, 'che-1': 0}",0.0,"{'lsy-6': 0.0, 'che-1': 0.0}",4466,"A central question is whether potassium (K+) channels, which are key regulators of neuronal excitability, are targets of reactive oxygen species (ROS) and whether these interactions have a role in the mechanisms underlying neurodegeneration. Here, we show that oxidation of K+ channel KVS-1 during ageing causes sensory function loss in Caenorhabditis elegans, and that protection of this channel from oxidation preserves neuronal function. Chemotaxis, a function controlled by KVS-1, was significantly impaired in worms exposed to oxidizing agents, but only moderately affected in worms harboring an oxidation-resistant KVS-1 mutant (C113S). In ageing C113S transgenic worms, the effects of free radical accumulation were significantly attenuated compared to wild type. Electrophysiological analyses showed that both ROS accumulation during ageing, or acute exposure to oxidizing agents, acted primarily to alter the excitability of the neurons that mediate chemotaxis. Together, these findings establish a pivotal role for ROS-mediated oxidation of voltage-gated K+ channels in sensorial decline during ageing in invertebrates."
5225109,28123378,Receptor Guanylyl Cyclases in Sensory Processing,2017,Frontiers in Endocrinology,10.3389/fendo.2016.00173,"['Maruyama, Ichiro N.']","['behavior', 'c. elegans', 'dauer formation', 'gustation', 'olfaction', 'phototransduction', 'thermosensation']",17,"{'lsy-6': 0, 'che-1': 0}",0.0,"{'lsy-6': 0.0, 'che-1': 0.0}",5326,"Invertebrate models have generated many new insights into transmembrane signaling by cell-surface receptors. This review focuses on receptor guanylyl cyclases (rGCs) and describes recent advances in understanding their roles in sensory processing in the nematode, Caenorhabditis elegans. A complete analysis of the C. elegans genome elucidated 27 rGCs, an unusually large number compared with mammalian genomes, which encode 7 rGCs. Most C. elegans rGCs are expressed in sensory neurons and play roles in sensory processing, including gustation, thermosensation, olfaction, and phototransduction, among others. Recent studies have found that by producing a second messenger, guanosine 3′,5′-cyclic monophosphate, some rGCs act as direct sensor molecules for ions and temperatures, while others relay signals from G protein-coupled receptors. Interestingly, genetic and biochemical analyses of rGCs provide the first example of an obligate heterodimeric rGC. Based on recent structural studies of rGCs in mammals and other organisms, molecular mechanisms underlying activation of rGCs are also discussed in this review."
2750866,19003904,"Three-Dimensional Reconstruction of the Amphid Sensilla in the Microbial Feeding Nematode, Acrobeles complexus (Nematoda: Rhabditida)",2009,The Journal of comparative neurology,10.1002/cne.21882,"['Bumbarger, Daniel J.', 'Wijeratne, Sitara', 'Carter, Cale', 'Crum, John', 'Ellisman, Mark H.', 'Baldwin, James G.']","['3d-visualization', 'acrobeles complexus', 'caenorhabditis elegans', 'cephalobina', 'sensory anatomy', 'transmission electron microscopy']",21,"{'lsy-6': 0, 'che-1': 0}",0.0,"{'lsy-6': 0.0, 'che-1': 0.0}",0,"Amphid sensilla are the primary olfactory, chemoreceptive, and thermoreceptive organs in nematodes. Their function is well described for the model organism Caenorhabditis elegans, but it is not clear to what extent we can generalize these findings to distantly related nematodes of medical, economic, and agricultural importance. Current detailed descriptions of anatomy and sensory function are limited to nematodes that recent molecular phylogenies would place in the same taxonomic family, the Rhabditidae. Using serial thin-section transmission electron microscopy, we reconstructed the anatomy of the amphid sensilla in the more distantly related nematode, Acrobeles complexus (Cephalobidae). Amphid structure is broadly conserved in number and arrangement of cells. Details of cell anatomy differ, particularly for the sensory neurite termini. We identify an additional sensory neuron not found in the amphid of C. elegans and propose homology with the C. elegans interneuron AUA. Hypotheses of homology for the remaining sensory neurons are also proposed based on comparisons between C. elegans, Strongyloides stercoralis, and Haemonchus contortus."
546636,15689400,A circuit for navigation in Caenorhabditis elegans,2005,Proceedings of the National Academy of Sciences of the United States of America,10.1073/pnas.0409009101,"['Gray, Jesse M.', 'Hill, Joseph J.', 'Bargmann, Cornelia I.']","['chemosensation', 'exploratory behavior', 'neural circuit']",432,"{'lsy-6': 0, 'che-1': 0}",0.0,"{'lsy-6': 0.0, 'che-1': 0.0}",0,"Caenorhabditis elegans explores its environment by interrupting its forward movement with occasional turns and reversals. Turns and reversals occur at stable frequencies but irregular intervals, producing probabilistic exploratory behaviors. Here we dissect the roles of individual sensory neurons, interneurons, and motor neurons in exploratory behaviors under different conditions. After animals are removed from bacterial food, they initiate a local search behavior consisting of reversals and deep omega-shaped turns triggered by AWC olfactory neurons, ASK gustatory neurons, and AIB interneurons. Over the following 30 min, the animals disperse as reversals and omega turns are suppressed by ASI gustatory neurons and AIY interneurons. Interneurons and motor neurons downstream of AIB and AIY encode specific aspects of reversal and turn frequency, amplitude, and directionality. SMD motor neurons help encode the steep amplitude of omega turns, RIV motor neurons specify the ventral bias of turns that follow a reversal, and SMB motor neurons set the amplitude of sinusoidal movement. Many of these sensory neurons, interneurons, and motor neurons are also implicated in chemotaxis and thermotaxis. Thus, this circuit may represent a common substrate for multiple navigation behaviors."
3917959,24563708,Decision making in C. elegans chemotaxis to alkaline pH,2013,Communicative & Integrative Biology,10.4161/cib.26633,"['Murayama, Takashi', 'Maruyama, Ichi N']","['c. elegans', 'alkalinity sensing', 'gcy-14', 'ocr-2', 'osm-9']",2,"{'lsy-6': 0, 'che-1': 0}",0.0,"{'lsy-6': 0.0, 'che-1': 0.0}",0,"Monitoring of environmental and tissue pH is critical for animal survival. The nematode, Caenorhabditis elegans (C. elegans), is attracted to mildly alkaline pH, but avoids strongly alkaline pH. However, little is known about how the behavioral switching or decision making occurs. Genetic dissection and Ca2+ imaging have previously demonstrated that ASEL and ASH are the major sensory neurons responsible for attraction and repulsion, respectively. Here we report that unlike C. elegans wild type, mutants deficient in ASEL or ASH were repelled by mildly alkaline pH, or were attracted to strongly alkaline pH, respectively. These results suggest that signals through ASEL and ASH compete to determine the animal’s alkaline-pH chemotaxis. Furthermore, mutants with 2 ASEL neurons were more efficiently attracted to mildly alkaline pH than the wild type with a single ASEL neuron, indicating that higher activity of ASEL induces stronger attraction to mildly alkaline pH. This stronger attraction was overridden by normal activity of ASH, suggesting that ASH-mediated avoidance dominates ASEL-mediated attraction. Thus, C. elegans chemotactic behaviors to alkaline pH seems to be determined by signal strengths from the sensory neurons ASEL and ASH, and the behavior decision making seems to be the result of competition between the 2 sensory neurons."
1370292,12088146,The MEP-1 zinc-finger protein acts with MOG DEAH box proteins to control gene expression via the fem-3 3\' untranslated region in Caenorhabditis elegans.,2002,RNA,10.1017/s1355838202028595,"['Belfiore, Marco', 'Mathies, Laura D', 'Pugnale, Paolo', 'Moulder, Gary', 'Barstead, Robert', 'Kimble, Judith', 'Puoti, Alessandro']",[],22,"{'lsy-6': 0, 'che-1': 0}",0.0,"{'lsy-6': 0.0, 'che-1': 0.0}",0,"Cell fates in the Caenorhabditis elegans germline are regulated, at least in part, at the posttranscriptional level. For example, the switch from spermatogenesis to oogenesis in the hermaphrodite relies on posttranscriptional repression of the fem-3 mRNA via its 3\' untranslated region (UTR). Previous studies identified three DEAH box proteins, MOG-1, MOG-4, and MOG-5, that are critical for the fem-3 3\' UTR control. Here we describe MEP-1, a zinc-finger protein that binds specifically to each of these three MOG proteins and that is required for repression by the fem-3 3\' UTR in vivo. To investigate its in vivo function, we generated a mep-1 deletion mutant. The mep-1 null phenotype suggests a broad role for MEP-1 in C. elegans development, as it is associated with early larval arrest. In addition, mep-1 mutants can be defective in gonadogenesis and oocyte production when derived from a heterozygous mother. We suggest that MEP-1 acts together with the MOG proteins to repress fem-3 mRNA and that it also functions in other pathways to control development more broadly."
5894354,28818938,Comprehensive single cell transcriptional profiling of a multicellular organism,2017,"Science (New York, N.Y.)",10.1126/science.aam8940,"['Cao, Junyue', 'Packer, Jonathan S.', 'Ramani, Vijay', 'Cusanovich, Darren A.', 'Huynh, Chau', 'Daza, Riza', 'Qiu, Xiaojie', 'Lee, Choli', 'Furlan, Scott N.', 'Steemers, Frank J.', 'Adey, Andrew', 'Waterston, Robert H.', 'Trapnell, Cole', 'Shendure, Jay']",[],755,"{'lsy-6': 0, 'che-1': 0}",0.0,"{'lsy-6': 0.0, 'che-1': 0.0}",0,"To resolve cellular heterogeneity, we developed a combinatorial indexing strategy to profile the transcriptomes of single cells or nuclei (sci-RNA-seq: Single cell Combinatorial Indexing RNA sequencing). We applied sci-RNA-seq to profile nearly 50,000 cells from the nematode Caenorhabditis elegans at the L2 stage, which is over 50-fold “shotgun cellular coverage” of its somatic cell composition. From these data, we define consensus expression profiles for 27 cell types, and recover rare neuronal cell types corresponding to as few as one or two cells in the L2 worm. We integrate these profiles with whole animal ChIP sequencing data to deconvolve the cell type specific effects of transcription factors. These data generated by sci-RNA-seq constitute a powerful resource for nematode biology, and foreshadow similar atlases for other organisms."
2998328,20923973,"Maintenance of Neuronal Laterality in Caenorhabditis elegans Through MYST Histone Acetyltransferase Complex Components LSY-12, LSY-13 and LIN-49",2010,Genetics,10.1534/genetics.110.123661,"[""O\\'Meara, M. Maggie"", 'Zhang, Feifan', 'Hobert, Oliver']",[],21,"{'lsy-6': 0, 'che-1': 1}",0.0,"{'lsy-6': 0.0, 'che-1': 0.0}",0,"Left/right asymmetrically expressed genes permit an animal to perform distinct tasks with the right vs. left side of its brain. Once established during development, lateralized gene expression patterns need to be maintained during the life of the animal. We show here that a histone modifying complex, composed of the LSY-12 MYST-type histone acetyltransferase, the ING-family PHD domain protein LSY-13, and PHD/bromodomain protein LIN-49, is required to first initiate and then actively maintain lateralized gene expression in the gustatory system of the nematode Caenorhabditis elegans. Similar defects are observed upon postembryonic removal of two C2H2 zinc finger transcription factors, die-1 and che-1, demonstrating that a combination of transcription factors, which recognize DNA in a sequence-specific manner, and a histone modifying enzyme complex are responsible for inducing and maintaining neuronal laterality."
9633640,36329026,The inner junction protein CFAP20 functions in motile and non-motile cilia and is critical for vision,2022,Nature Communications,10.1038/s41467-022-33820-w,"['Chrystal, Paul W.', 'Lambacher, Nils J.', 'Doucette, Lance P.', 'Bellingham, James', 'Schiff, Elena R.', 'Noel, Nicole C. L.', 'Li, Chunmei', 'Tsiropoulou, Sofia', 'Casey, Geoffrey A.', 'Zhai, Yi', 'Nadolski, Nathan J.', 'Majumder, Mohammed H.', 'Tagoe, Julia', 'D’Esposito, Fabiana', 'Cordeiro, Maria Francesca', 'Downes, Susan', 'Clayton-Smith, Jill', 'Ellingford, Jamie', 'Ambrose, J. C.', 'Ambrose, J. C.', 'Arumugam, P.', 'Bevers, R.', 'Bleda, M.', 'Boardman-Pretty, F.', 'Boustred, C. R.', 'Brittain, H.', 'Brown, M. A.', 'Caulfield, M. J.', 'Chan, G. C.', 'Giess, A.', 'Griffin, J. N.', 'Hamblin, A.', 'Henderson, S.', 'Hubbard, T. J. P.', 'Jackson, R.', 'Jones, L. J.', 'Kasperaviciute, D.', 'Kayikci, M.', 'Kousathanas, A.', 'Lahnstein, L.', 'Lakey, A.', 'Leigh, S. E. A.', 'Leong, I. U. S.', 'Lopez, F. J.', 'Maleady-Crowe, F.', 'McEntagart, M.', 'Minneci, F.', 'Mitchell, J.', 'Moutsianas, L.', 'Mueller, M.', 'Murugaesu, N.', 'Need, A. C.', 'O’Donovan, P.', 'Odhams, C. A.', 'Patch, C.', 'Perez-Gil, D.', 'Pereira, M. B.', 'Pullinger, J.', 'Rahim, T.', 'Rendon, A.', 'Rogers, T.', 'Savage, K.', 'Sawant, K.', 'Scott, R. H.', 'Siddiq, A.', 'Sieghart, A.', 'Smith, S. C.', 'Sosinsky, A.', 'Stuckey, A.', 'Tanguy, M.', 'Taylor Tavares, A. L.', 'Thomas, E. R. A.', 'Thompson, S. R.', 'Tucci, A.', 'Welland, M. J.', 'Williams, E.', 'Witkowska, K.', 'Wood, S. M.', 'Zarowiecki, M.', 'Mahroo, Omar A.', 'Hocking, Jennifer C.', 'Cheetham, Michael E.', 'Webster, Andrew R.', 'Jansen, Gert', 'Blacque, Oliver E.', 'Allison, W. Ted', 'Au, Ping Yee Billie', 'MacDonald, Ian M.', 'Arno, Gavin', 'Leroux, Michel R.']","['molecular biology', 'retinal diseases', 'medical genetics', 'mechanisms of disease', 'hereditary eye disease']",16,"{'lsy-6': 0, 'che-1': 21}",6.862548763339895,"{'lsy-6': 0.0, 'che-1': 0.0015750393759843995}",13333,"Motile and non-motile cilia are associated with mutually-exclusive genetic disorders. Motile cilia propel sperm or extracellular fluids, and their dysfunction causes primary ciliary dyskinesia. Non-motile cilia serve as sensory/signalling antennae on most cell types, and their disruption causes single-organ ciliopathies such as retinopathies or multi-system syndromes. CFAP20 is a ciliopathy candidate known to modulate motile cilia in unicellular eukaryotes. We demonstrate that in zebrafish, cfap20 is required for motile cilia function, and in C. elegans, CFAP-20 maintains the structural integrity of non-motile cilia inner junctions, influencing sensory-dependent signalling and development. Human patients and zebrafish with CFAP20 mutations both exhibit retinal dystrophy. Hence, CFAP20 functions within a structural/functional hub centered on the inner junction that is shared between motile and non-motile cilia, and is distinct from other ciliopathy-associated domains or macromolecular complexes. Our findings suggest an uncharacterised pathomechanism for retinal dystrophy, and potentially for motile and non-motile ciliopathies in general."
4972359,27487365,Cell-Autonomous and Non-Cell-Autonomous Regulation of a Feeding State-Dependent Chemoreceptor Gene via MEF-2 and bHLH Transcription Factors,2016,PLoS Genetics,10.1371/journal.pgen.1006237,"['Gruner, Matthew', 'Grubbs, Jeremy', 'McDonagh, Aja', 'Valdes, Dominic', 'Winbush, Ari', 'van der Linden, Alexander M.', 'Ashrafi, Kaveh']",[],14,"{'lsy-6': 0, 'che-1': 0}",0.0,"{'lsy-6': 0.0, 'che-1': 0.0}",12648,"Food and feeding-state dependent changes in chemoreceptor gene expression may allow Caenorhabditis elegans to modify their chemosensory behavior, but the mechanisms essential for these expression changes remain poorly characterized. We had previously shown that expression of a feeding state-dependent chemoreceptor gene, srh-234, in the ADL sensory neuron of C. elegans is regulated via the MEF-2 transcription factor. Here, we show that MEF-2 acts together with basic helix-loop-helix (bHLH) transcription factors to regulate srh-234 expression as a function of feeding state. We identify a cis-regulatory MEF2 binding site that is necessary and sufficient for the starvation-induced down regulation of srh-234 expression, while an E-box site known to bind bHLH factors is required to drive srh-234 expression in ADL. We show that HLH-2 (E/Daughterless), HLH-3 and HLH-4 (Achaete-scute homologs) act in ADL neurons to regulate srh-234 expression. We further demonstrate that the expression levels of srh-234 in ADL neurons are regulated remotely by MXL-3 (Max-like 3 homolog) and HLH-30 (TFEB ortholog) acting in the intestine, which is dependent on insulin signaling functioning specifically in ADL neurons. We also show that this intestine-to-neuron feeding-state regulation of srh-234 involves a subset of insulin-like peptides. These results combined suggest that chemoreceptor gene expression is regulated by both cell-autonomous and non-cell-autonomous transcriptional mechanisms mediated by MEF2 and bHLH factors, which may allow animals to fine-tune their chemosensory responses in response to changes in their feeding state."
2811664,20040592,Neuron-type specific regulation of a 3′UTR through redundant and combinatorially acting cis-regulatory elements,2010,RNA,10.1261/rna.1931510,"['Didiano, Dominic', 'Cochella, Luisa', 'Tursun, Baris', 'Hobert, Oliver']","['c. elegans', '3′utr', 'mirna', 'neuronal cell fate', 'cis-regulatory elements']",14,"{'lsy-6': 0, 'che-1': 0}",0.0,"{'lsy-6': 0.0, 'che-1': 0.0}",0,"3′ Untranslated region (UTR)-dependent post-transcriptional regulation has emerged as a critical mechanism of controlling gene expression in various physiological contexts, including cellular differentiation events. Here, we examine the regulation of the 3′UTR of the die-1 transcription factor in a single neuron of the nematode C. elegans. This 3′UTR shows the intriguing feature of being differentially regulated across the animal\'s left/right axis. In the left gustatory neuron, ASEL, in which DIE-1 protein is normally expressed in adult animals, the 3′UTR confers no regulatory information, while in the right gustatory neuron, ASER, where DIE-1 is normally not expressed, this 3′UTR confers negative regulatory information. Here, we systematically analyze the cis-regulatory architecture of the die-1 3′UTR using a transgenic, in vivo assay system. Through extensive mutagenesis and sequence insertions into heterologous 3′UTR contexts, we describe three 25-base-pair (bp) sequence elements that are both required and sufficient to mediate the ASER-specific down-regulation of the die-1 3′UTR. These three 25-bp sequence elements operate in both a redundant and combinatorial manner. Moreover, there are not only redundant elements within the die-1 3′UTR regulating its left/right asymmetric activity but asymmetric 3′UTR regulation is itself redundant with other regulatory mechanisms to achieve asymmetric DIE-1 protein expression and function in ASEL versus ASER. The features of 3′UTR regulation we describe here may apply to some of the vast number of genes in animal genomes whose expression is predicted to be regulated through their 3′UTR."
6663470,31410381,Guided graph spectral embedding: Application to the C. elegans connectome,2019,Network Neuroscience,10.1162/netn_a_00084,"['Petrovic, Miljan', 'Bolton, Thomas A. W.', 'Preti, Maria Giulia', 'Liégeois, Raphaël', 'Van De Ville, Dimitri']","['spectral graph domain', 'graph embedding', 'low-dimensional space', 'focused connectomics']",4,"{'lsy-6': 0, 'che-1': 0}",0.0,"{'lsy-6': 0.0, 'che-1': 0.0}",7402,"Graph spectral analysis can yield meaningful embeddings of graphs by providing insight into distributed features not directly accessible in nodal domain. Recent efforts in graph signal processing have proposed new decompositions—for example, based on wavelets and Slepians—that can be applied to filter signals defined on the graph. In this work, we take inspiration from these constructions to define a new guided spectral embedding that combines maximizing energy concentration with minimizing modified embedded distance for a given importance weighting of the nodes. We show that these optimization goals are intrinsically opposite, leading to a well-defined and stable spectral decomposition. The importance weighting allows us to put the focus on particular nodes and tune the trade-off between global and local effects. Following the derivation of our new optimization criterion, we exemplify the methodology on the C. elegans structural connectome. The results of our analyses confirm known observations on the nematode’s neural network in terms of functionality and importance of cells. Compared with Laplacian embedding, the guided approach, focused on a certain class of cells (sensory neurons, interneurons, or motoneurons), provides more biological insights, such as the distinction between somatic positions of cells, and their involvement in low- or high-order processing functions."
9339661,35697205,Using newly optimized genetic tools to probe Strongyloides sensory behaviors,2022,Molecular and Biochemical Parasitology,10.1016/j.molbiopara.2022.111491,"['Mendez, Patricia', 'Walsh, Breanna', 'Hallem, Elissa A.']","['parasitic nematodes', 'strongyloides', 'chemosensation', 'thermosensation', 'sensory behavior', 'host-seeking behavior']",17,"{'lsy-6': 0, 'che-1': 0}",0.0,"{'lsy-6': 0.0, 'che-1': 0.0}",7825,"The oft-neglected human-parasitic threadworm, Strongyloides stercoralis, infects roughly eight percent of the global population, placing disproportionate medical and economic burden upon marginalized communities. While current chemotherapies treat strongyloidiasis, disease recrudescence and the looming threat of anthelminthic resistance necessitate novel strategies for nematode control. Throughout its life cycle, S. stercoralis relies upon sensory cues to aid in environmental navigation and coordinate developmental progression. Odorants, tastants, gases, and temperature have been shown to shape parasite behaviors that drive host seeking and infectivity; however, many of these sensory behaviors remain poorly understood, and their underlying molecular and neural mechanisms are largely uncharacterized. Disruption of sensory circuits essential to parasitism presents a promising strategy for future interventions. In this review, we describe our current understanding of sensory behaviors – namely olfactory, gustatory, gas sensing, and thermosensory behaviors – in Strongyloides spp. We also highlight the ever-growing cache of genetic tools optimized for use in Strongyloides that have facilitated these findings, including transgenesis, CRISPR/Cas9-mediated mutagenesis, RNAi, chemogenetic neuronal silencing, and the use of fluorescent biosensors to measure neuronal activity. Bolstered by these tools, we are poised to enter an era of rapid discovery in Strongyloides sensory neurobiology, which has the potential to shape pioneering advances in the prevention and treatment of strongyloidiasis."
4112952,24440227,Temporal responses of C. elegans chemosensory neurons are preserved in behavioral dynamics,2014,Neuron,10.1016/j.neuron.2013.11.020,"['Kato, Saul', 'Xu, Yifan', 'Cho, Christine E.', 'Abbott, L. F.', 'Bargmann, Cornelia I.']",[],71,"{'lsy-6': 0, 'che-1': 0}",0.0,"{'lsy-6': 0.0, 'che-1': 0.0}",0,"Animals track fluctuating stimuli over multiple timescales during natural olfactory behaviors. Here, we define mechanisms underlying these computations in Caenorhabditis elegans. By characterizing neuronal calcium responses to rapidly fluctuating odor sequences, we show that sensory neurons reliably track stimulus fluctuations relevant to behavior. AWC olfactory neurons respond to multiple odors with sub-second precision required for chemotaxis, whereas ASH nociceptive neurons integrate noxious cues over several seconds to reach a threshold for avoidance behavior. Each neuron’s response to fluctuating stimuli is largely linear, and can be described by a biphasic temporal filter and dynamical model. A calcium channel mutation alters temporal filtering and avoidance behaviors initiated by ASH on similar timescales. A sensory G-alpha protein mutation affects temporal filtering in AWC, and alters steering behavior in a way that supports an active sensing model for chemotaxis. Thus temporal features of sensory neurons can be propagated across circuits to specify behavioral dynamics."
1950618,17717195,Genetic Screens for Caenorhabditis elegans Mutants Defective in Left/Right Asymmetric Neuronal Fate Specification,2007,Genetics,10.1534/genetics.107.075648,"['Sarin, Sumeet', ""O\\'Meara, M. Maggie"", 'Flowers, Eileen B.', 'Antonio, Celia', 'Poole, Richard J.', 'Didiano, Dominic', 'Johnston, Robert J.', 'Chang, Sarah', 'Narula, Surinder', 'Hobert, Oliver']",[],47,"{'lsy-6': 2, 'che-1': 0}",0.0,"{'lsy-6': 0.0, 'che-1': 0.0}",0,"We describe here the results of genetic screens for Caenorhabditis elegans mutants in which a single neuronal fate decision is inappropriately executed. In wild-type animals, the two morphologically bilaterally symmetric gustatory neurons ASE left (ASEL) and ASE right (ASER) undergo a left/right asymmetric diversification in cell fate, manifested by the differential expression of a class of putative chemoreceptors and neuropeptides. Using single cell-specific gfp reporters and screening through a total of almost 120,000 haploid genomes, we isolated 161 mutants that define at least six different classes of mutant phenotypes in which ASEL/R fate is disrupted. Each mutant phenotypic class encompasses one to nine different complementation groups. Besides many alleles of 10 previously described genes, we have identified at least 16 novel “lsy” genes (“laterally symmetric”). Among mutations in known genes, we retrieved four alleles of the miRNA lsy-6 and a gain-of-function mutation in the 3′-UTR of a target of lsy-6, the cog-1 homeobox gene. Using newly found temperature-sensitive alleles of cog-1, we determined that a bistable feedback loop controlling ASEL vs. ASER fate, of which cog-1 is a component, is only transiently required to initiate but not to maintain ASEL and ASER fate. Taken together, our mutant screens identified a broad catalog of genes whose molecular characterization is expected to provide more insight into the complex genetic architecture of a left/right asymmetric neuronal cell fate decision."
5614858,28846083,Glia initiate brain assembly through non-canonical Chimaerin/Furin axon guidance in C. elegans,2017,Nature neuroscience,10.1038/nn.4630,"['Rapti, Georgia', 'Li, Chang', 'Shan, Alan', 'Lu, Yun', 'Shaham, Shai']",[],37,"{'lsy-6': 0, 'che-1': 0}",0.0,"{'lsy-6': 0.0, 'che-1': 0.0}",0,"Brain assembly is hypothesized to begin when pioneer axons extend over non-neuronal cells, forming tracts guiding follower axons. Yet pioneer-neuron identities, their guidance substrates, and their interactions, are not well understood. Here, using time-lapse embryonic imaging, genetics, protein-interaction, and functional studies, we uncover the early events of C. elegans brain assembly. We demonstrate that C. elegans glia are key for assembly initiation, guiding pioneer and follower axons using distinct signals. Pioneer sublateral neurons, with unique growth properties, anatomy, and innervation, cooperate with glia to mediate follower-axon guidance. We further identify a CHIN-1/Chimaerin-KPC-1/Furin double mutant that severely disrupts assembly. CHIN-1/Chimaerin and KPC-1/Furin function non-canonically in glia and pioneer neurons for guidance-cue trafficking. We exploit this bottleneck to define roles for glial Netrin and Semaphorin in pioneer- and follower-axon guidance, respectively, and for glial and pioneer-neuron Flamingo/CELSR in follower-axon navigation. Altogether, our studies reveal previously-unknown glial roles in pioneer-axon guidance, suggesting conserved brain-assembly principles."
6401061,30837592,Active propagation of dendritic electrical signals in C. elegans,2019,Scientific Reports,10.1038/s41598-019-40158-9,"['Shindou, Tomomi', 'Ochi-Shindou, Mayumi', 'Murayama, Takashi', 'Saita, Ei-ichiro', 'Momohara, Yuto', 'Wickens, Jeffery R.', 'Maruyama, Ichiro N.']",[],15,"{'lsy-6': 0, 'che-1': 0}",0.0,"{'lsy-6': 0.0, 'che-1': 0.0}",5943,"Active propagation of electrical signals in C. elegans neurons requires ion channels capable of regenerating membrane potentials. Here we report regenerative depolarization of a major gustatory sensory neuron, ASEL. Whole-cell patch-clamp recordings in vivo showed supralinear depolarization of ASEL upon current injection. Furthermore, stimulation of animal’s nose with NaCl evoked all-or-none membrane depolarization in ASEL. Mutant analysis showed that EGL-19, the α1 subunit of L-type voltage-gated Ca2+ channels, is essential for regenerative depolarization of ASEL. ASEL-specific knock-down of EGL-19 by RNAi demonstrated that EGL-19 functions in C. elegans chemotaxis along an NaCl gradient. These results demonstrate that a natural substance induces regenerative all-or-none electrical signals in dendrites, and that these signals are essential for activation of sensory neurons for chemotaxis. As in other vertebrate and invertebrate nervous systems, active information processing in dendrites occurs in C. elegans, and is necessary for adaptive behavior."
3859130,24376433,Brain and behavioral lateralization in invertebrates,2013,Frontiers in Psychology,10.3389/fpsyg.2013.00939,"['Frasnelli, Elisa']","['brain and behavioral lateralization', 'invertebrates', 'individual efficiency', 'directional asymmetry', 'evolutionary stable strategy', 'bee', 'sociality']",40,"{'lsy-6': 0, 'che-1': 0}",0.0,"{'lsy-6': 0.0, 'che-1': 0.0}",7055,"Traditionally, only humans were thought to exhibit brain and behavioral asymmetries, but several studies have revealed that most vertebrates are also lateralized. Recently, evidence of left–right asymmetries in invertebrates has begun to emerge, suggesting that lateralization of the nervous system may be a feature of simpler brains as well as more complex ones. Here I present some examples in invertebrates of sensory and motor asymmetries, as well as asymmetries in the nervous system. I illustrate two cases where an asymmetric brain is crucial for the development of some cognitive abilities. The first case is the nematode Caenorhabditis elegans, which has asymmetric odor sensory neurons and taste perception neurons. In this worm left/right asymmetries are responsible for the sensing of a substantial number of salt ions, and lateralized responses to salt allow the worm to discriminate between distinct salt ions. The second case is the fruit fly Drosophila melanogaster, where the presence of asymmetry in a particular structure of the brain is important in the formation or retrieval of long-term memory. Moreover, I distinguish two distinct patterns of lateralization that occur in both vertebrates and invertebrates: individual-level and population-level lateralization. Theoretical models on the evolution of lateralization suggest that the alignment of lateralization at the population level may have evolved as an evolutionary stable strategy in which individually asymmetrical organisms must coordinate their behavior with that of other asymmetrical organisms. This implies that lateralization at the population-level is more likely to have evolved in social rather than in solitary species. I evaluate this new hypothesis with a specific focus on insects showing different level of sociality. In particular, I present a series of studies on antennal asymmetries in honeybees and other related species of bees, showing how insects may be extremely useful to test the evolutionary hypothesis."
4801214,26998749,C. elegans Demonstrates Distinct Behaviors within a Fixed and Uniform Electric Field,2016,PLoS ONE,10.1371/journal.pone.0151320,"['Chrisman, Steven D.', 'Waite, Christopher B.', 'Scoville, Alison G.', 'Carnell, Lucinda', 'Hart, Anne C.']",[],12,"{'lsy-6': 0, 'che-1': 0}",0.0,"{'lsy-6': 0.0, 'che-1': 0.0}",7598,"C. elegans will orient and travel in a straight uninterrupted path directly towards the negative pole of a DC electric field. We have sought to understand the strategy worms use to navigate to the negative pole in a uniform electric field that is fixed in both direction and magnitude. We examined this behavior by quantifying three aspects of electrotaxis behavior in response to different applied field strengths: the mean approach trajectory angles of the animals’ tracks, turning behavior (pirouettes) and average population speeds. We determined that C. elegans align directly to the negative pole of an electric field at sub-preferred field strength and alter approach trajectories at higher field strengths to maintain taxis within a preferred range we have calculated to be ~ 5V/cm. We sought to identify the sensory neurons responsible for the animals’ tracking to a preferred field strength. eat-4 mutant animals defective in glutamatergic signaling of the amphid sensory neurons are severely electrotaxis defective and ceh-36 mutant animals, which are defective in the terminal differentiation of two types of sensory neurons, AWC and ASE, are partially defective in electrotaxis. To further elucidate the role of the AWC neurons, we examined the role of each of the pair of AWC neurons (AWCOFF and AWCON), which are functionally asymmetric and express different genes. nsy-5/inx-19 mutant animals, which express both neurons as AWCOFF, are severely impaired in electrotaxis behavior while nsy-1 mutants, which express both neurons as AWCON, are able to differentiate field strengths required for navigation to a specific field strength within an electric field. We also tested a strain with targeted genetic ablation of AWC neurons and found that these animals showed only slight disruption of directionality and turning behavior. These results suggest a role for AWC neurons in which complete loss of function is less disruptive than loss of functional asymmetry in electrotaxis behavior within a uniform fixed field."
12393885,40874844,A neural network model that generates salt concentration memory-dependent chemotaxis in Caenorhabditis elegans,2025,eLife,10.7554/eLife.104456.3.sa0,['NA'],"['neural network model', 'salt concentration chemotaxis', 'klinotaxis', 'synaptic plasticity', 'simulation', 'evolutionary algorithm', 'c. elegans', 'solid', 'valuable']",0,"{'lsy-6': 0, 'che-1': 0}",0.0,"{'lsy-6': 0.0, 'che-1': 0.0}",12448,"A neuroanatomical minimal network model was revisited to elucidate the mechanism of salt concentration memory-dependent chemotaxis observed in Caenorhabditis elegans. C. elegans memorizes the salt concentration during cultivation, manifesting a pronounced taste preference for this concentration. The right-side head sensory neuron, designated ASER, exhibits a response to a decrease in salt concentration. The basal level of glutamate transmission from ASER has been demonstrated to transiently increase and decrease when the current environmental salt concentrations are lower and higher, respectively, than that during previous cultivation. Given the sensitivity of excitatory/inhibitory glutamate receptors expressed on the postsynaptic AIY interneurons, it can be anticipated that the ASER–AIY synaptic transmission will undergo a reversal due to alterations in the basal glutamate release. The neural network, derived from the hypothesis, reproduced the salt concentration memory-dependent preference behavior and revealed that the circuit downstream of ASE functions as a module that is responsible for salt klinotaxis."
5001212,27534393,25th Annual Computational Neuroscience Meeting: CNS-2016,2016,BMC Neuroscience,10.1186/s12868-016-0283-6,['NA'],[],51,"{'lsy-6': 0, 'che-1': 0}",0.0,"{'lsy-6': 0.0, 'che-1': 0.0}",0,A1 Functional advantages of cell-type heterogeneity in neural circuits
1526693,16868120,Noncell- and Cell-Autonomous G-Protein-Signaling Converges With Ca2+/Mitogen-Activated Protein Kinase Signaling to Regulate str-2 Receptor Gene Expression in Caenorhabditis elegans,2006,Genetics,10.1534/genetics.106.058750,"['Lans, Hannes', 'Jansen, Gert']",[],5,"{'lsy-6': 0, 'che-1': 0}",0.0,"{'lsy-6': 0.0, 'che-1': 0.0}",0,"In the sensory system of C. elegans, the candidate odorant receptor gene str-2 is strongly expressed in one of the two AWC neurons and weakly in both ASI neurons. Asymmetric AWC expression results from suppression of str-2 expression by a Ca2+/MAPK signaling pathway in one of the AWC neurons early in development. Here we show that the same Ca2+/MAPK pathway promotes str-2 expression in the AWC and ASI neurons together with multiple cell-autonomous and noncell-autonomous G-protein-signaling pathways. In first-stage larvae and adult animals, signals mediated by the Gα subunits ODR-3, GPA-2, GPA-5, and GPA-6 and a Ca2+/MAPK pathway involving the Ca2+ channel subunit UNC-36, the CaMKII UNC-43, and the MAPKK kinase NSY-1 induce strong str-2 expression. Cell-specific rescue experiments suggest that ODR-3 and the Ca2+/MAPK genes function in the AWC neurons, but that GPA-5 and GPA-6 function in the AWA and ADL neurons, respectively. In Dauer larvae, the same network of genes promotes strong str-2 expression in the ASI neurons, but ODR-3 functions in AWB and ASH and GPA-6 in AWB. Our results reveal a complex signaling network, encompassing signals from multiple cells, that controls the level of receptor gene expression at different developmental stages."
2904967,19896359,C. elegans: a model system for systems neuroscience,2009,Current opinion in neurobiology,10.1016/j.conb.2009.09.009,"['Sengupta, Piali', 'Samuel, Aravinthan D.T.']",[],46,"{'lsy-6': 0, 'che-1': 0}",0.0,"{'lsy-6': 0.0, 'che-1': 0.0}",0,"The nematode C. elegans is an excellent model organism for a systems-level understanding of neural circuits and behavior. Advances in the quantitative analyses of behavior and neuronal activity, and the development of new technologies to precisely control and monitor the workings of interconnected circuits, now allow investigations into the molecular, cellular and systems-level strategies that transform sensory inputs into precise behavioral outcomes."
545892,15625192,A Toll-interleukin 1 repeat protein at the synapse specifies asymmetric odorant receptor expression via ASK1 MAPKKK signaling,2005,Genes & Development,10.1101/gad.1276505,"['Chuang, Chiou-Fen', 'Bargmann, Cornelia I.']","['olfactory development', 'c. elegans', 'calcium-calmodulin-dependent protein kinase ii (camkii)', 'cell signaling', 'innate immunity']",108,"{'lsy-6': 0, 'che-1': 0}",0.0,"{'lsy-6': 0.0, 'che-1': 0.0}",0,"A stochastic lateral signaling interaction between two developing Caenorhabditis elegans AWC olfactory neurons causes them to take on asymmetric patterns of odorant receptor expression, called AWCOFF and AWCON. Here we show that the AWC lateral signaling gene tir-1 (previously known as nsy-2) encodes a conserved post-synaptic protein that specifies the choice between AWCOFF and AWCON. Genetic evidence suggests that tir-1 acts downstream of a voltage-gated calcium channel and CaMKII (UNC-43) to regulate AWC asymmetry via the NSY-1(ASK1) p38/JNK MAP (mitogen-activated protein) kinase cascade. TIR-1 localizes NSY-1 to post-synaptic regions of AWC, and TIR-1 binds UNC-43, suggesting that it assembles a synaptic signaling complex that regulates odorant receptor expression. Temperature-shift experiments indicate that tir-1 affects AWC during a critical period late in embryogenesis, near the time of AWC synapse formation. TIR-1 is a multidomain protein with a TIR (Toll-interleukin-1 receptor) domain that activates signaling, SAM repeats that mediate localization to post-synaptic regions of axons, and an N-terminal inhibitory domain. TIR-1 and other TIR proteins are implicated in vertebrate and invertebrate innate immunity, as are NSY-1/ASK1 kinases, so this pathway may also have a conserved function in immune signaling."
11296322,38421867,Neuron cilia restrain glial KCC-3 to a microdomain to regulate multisensory processing,2024,Cell reports,10.1016/j.celrep.2024.113844,"['Ray, Sneha', 'Gurung, Pralaksha', 'Manning, R. Sean', 'Kravchuk, Alexandra A.', 'Singhvi, Aakanksha']",[],9,"{'lsy-6': 0, 'che-1': 6}",3.3197350476927667,"{'lsy-6': 0.0, 'che-1': 0.000882223202470225}",6801,"Glia interact with multiple neurons, but it is unclear whether their interactions with each neuron are different. Our interrogation at single-cell resolution reveals that a single glial cell exhibits specificity in its interactions with different contacting neurons. Briefly, C. elegans amphid sheath (AMsh) glia apical-like domains contact 12 neuron-endings. At these ad-neuronal membranes, AMsh glia localize the K/Cl transporter KCC-3 to a microdomain exclusively around the thermosensory AFD neuron to regulate its properties. Glial KCC-3 is transported to ad-neuronal regions, where distal cilia of non-AFD glia-associated chemosensory neurons constrain it to a microdomain at AFD-contacting glial membranes. Aberrant KCC-3 localization impacts both thermosensory (AFD) and chemosensory (non-AFD) neuron properties. Thus, neurons can interact non-synaptically through a shared glial cell by regulating microdomain localization of its cues. As AMsh and glia across species compartmentalize multiple cues like KCC-3, we posit that this may be a broadly conserved glial mechanism that modulates information processing across multimodal circuits."
4117187,25132840,Exploring the function of protein kinases in schistosomes: perspectives from the laboratory and from comparative genomics,2014,Frontiers in Genetics,10.3389/fgene.2014.00229,"['Walker, Anthony J.', 'Ressurreição, Margarida', 'Rothermel, Rolf']","['schistosoma', 'kinome', 'caenorhabditis elegans', 'kinase function', 'cell signaling', 'schistosomiasis']",19,"{'lsy-6': 0, 'che-1': 0}",0.0,"{'lsy-6': 0.0, 'che-1': 0.0}",0,"Eukaryotic protein kinases are well conserved through evolution. The genome of Schistosoma mansoni, which causes intestinal schistosomiasis, encodes over 250 putative protein kinases with all of the main eukaryotic groups represented. However, unraveling functional roles for these kinases is a considerable endeavor, particularly as protein kinases regulate multiple and sometimes overlapping cell and tissue functions in organisms. In this article, elucidating protein kinase signal transduction and function in schistosomes is considered from the perspective of the state-of-the-art methodologies used and comparative organismal biology, with a focus on current advances and future directions. Using the free-living nematode Caenorhabditis elegans as a comparator we predict roles for various schistosome protein kinases in processes vital for host invasion and successful parasitism such as sensory behavior, growth and development. It is anticipated that the characterization of schistosome protein kinases in the context of parasite function will catalyze cutting edge research into host-parasite interactions and will reveal new targets for developing drug interventions against human schistosomiasis."
4702986,26669440,Casein kinase II promotes target silencing by miRISC through direct phosphorylation of the DEAD-box RNA helicase CGH-1,2015,Proceedings of the National Academy of Sciences of the United States of America,10.1073/pnas.1509499112,"['Alessi, Amelia F.', 'Khivansara, Vishal', 'Han, Ting', 'Freeberg, Mallory A.', 'Moresco, James J.', 'Tu, Patricia G.', 'Montoye, Eric', 'Yates, John R.', 'Karp, Xantha', 'Kim, John K.']","['microrna', 'casein kinase ii', 'phosphorylation', 'mirisc', 'cgh-1']",19,"{'lsy-6': 0, 'che-1': 0}",0.0,"{'lsy-6': 0.0, 'che-1': 0.0}",0,"MicroRNAs (miRNAs) are critical regulators of diverse biological processes. Despite rapid advances in understanding miRNA biogenesis and function, a gap remains in our knowledge of how miRNA effector complex activity [miRNA-induced silencing complex (miRISC)] is modulated. Specifically, the importance of posttranslational protein modifications in controlling miRISC activity remains largely unexplored. Here, we characterize a previously unidentified role for the conserved serine/threonine kinase, casein kinase II (CK2), in promoting the miRNA pathway in Caenorhabditis elegans. Notably, we establish the requirement of CK2 for miRNA function and provide mechanistic evidence that loss of CK2 compromises miRISC binding to mRNA targets. Furthermore, we identify that the miRISC cofactor and DEAD-box RNA helicase, CGH-1/DDX6, is phosphorylated by CK2 at a conserved residue, which is required for CGH-1–mediated miRNA function."
7544903,33033264,GABAergic motor neurons bias locomotor decision-making in C. elegans,2020,Nature Communications,10.1038/s41467-020-18893-9,"['Liu, Ping', 'Chen, Bojun', 'Wang, Zhao-Wen']","['motor control', 'neural circuits', 'decision']",23,"{'lsy-6': 0, 'che-1': 0}",0.0,"{'lsy-6': 0.0, 'che-1': 0.0}",10698,"Proper threat-reward decision-making is critical to animal survival. Emerging evidence indicates that the motor system may participate in decision-making but the neural circuit and molecular bases for these functions are little known. We found in C. elegans that GABAergic motor neurons (D-MNs) bias toward the reward behavior in threat-reward decision-making by retrogradely inhibiting a pair of premotor command interneurons, AVA, that control cholinergic motor neurons in the avoidance neural circuit. This function of D-MNs is mediated by a specific ionotropic GABA receptor (UNC-49) in AVA, and depends on electrical coupling between the two AVA interneurons. Our results suggest that AVA are hub neurons where sensory inputs from threat and reward sensory modalities and motor information from D-MNs are integrated. This study demonstrates at single-neuron resolution how motor neurons may help shape threat-reward choice behaviors through interacting with other neurons."
12303587,40623836,Serotonergic Signaling Governs Caenorhabditis elegans Sensory Response to Conflicting Chemosensory Stimuli,2025,eNeuro,10.1523/ENEURO.0127-25.2025,"['Muirhead, Caroline S.', 'Guerra, Sophia', 'Fox, Bennett W.', 'Schroeder, Frank C.', 'Srinivasan, Jagan']","['ascarosides', 'food', 'inhibition', 'neural circuits', 'neurons', 'serotonin']",0,"{'lsy-6': 0, 'che-1': 0}",0.0,"{'lsy-6': 0.0, 'che-1': 0.0}",5421,"Neural circuits that consolidate sensory cues are essential for neurological functioning. Neural circuits that perform sensory integration can vary greatly because the sensory processing regions of the brain employ various neural motifs. Here, we investigate a neural circuit that mediates the response to conflicting stimuli in Caenorhabditis elegans. We concurrently expose animals to an aversive dispersal pheromone, osas#9, and an attractive bacterial extract. While worms usually avoid osas#9 alone, they suppress this avoidance behavior in the presence of a bacterial extract. Loss-of-function mutants and cell-specific rescues reveal that signaling from the ADF and NSM neurons is essential for bacterial extract-induced osas#9 avoidance attenuation. The inhibitory serotonin receptor, MOD-1, which is widely expressed on interneurons and motor neurons, is required for this sensory integration, suggesting that serotonin acts in an inhibitory manner. By performing calcium imaging on the ADF neurons in synaptic signaling (unc-13) and peptidergic (unc-31) signaling mutant backgrounds, we show that the ADF neurons require input from other neurons to respond to food extracts. We reveal a cue integration neural circuit in which serotonergic signaling and sensory neurons silence an aversive neural signal."
2760494,19323996,Neurons Detect Increases and Decreases in Oxygen Levels Using Distinct Guanylate Cyclases,2009,Neuron,10.1016/j.neuron.2009.02.013,"['Zimmer, Manuel', 'Gray, Jesse M.', 'Pokala, Navin', 'Chang, Andy J.', 'Karow, David S.', 'Marletta, Michael. A.', 'Hudson, Martin L.', 'Morton, David B.', 'Chronis, Nikos', 'Bargmann, Cornelia I.']",[],171,"{'lsy-6': 0, 'che-1': 0}",0.0,"{'lsy-6': 0.0, 'che-1': 0.0}",0,"Homeostatic sensory systems detect small deviations in temperature, water balance, pH and energy needs to regulate adaptive behavior and physiology. In C. elegans, a homeostatic preference for intermediate oxygen (O2) levels requires cGMP signaling through soluble guanylate cyclases (sGCs), proteins that bind gases through an associated heme group. Here we use behavioral analysis, functional imaging, and genetics to show that reciprocal changes in O2 levels are encoded by sensory neurons that express alternative sets of sGCs. URX sensory neurons are activated by increases in O2 levels, and require the sGCs gcy-35 and gcy-36. BAG sensory neurons are activated by decreases in O2 levels, and require the sGCs gcy-31 and gcy-33. The sGCs are instructive O2 sensors, as forced expression of URX sGC genes causes BAG neurons to detect O2 increases. Both sGC expression and cell-intrinsic dynamics contribute to the differential roles of URX and BAG in O2 -dependent behaviors."
1460388,9799259,Functions of the Caenorhabditis elegans regulatory myosin light chain genes mlc-1 and mlc-2.,1998,Genetics,10.1093/genetics/150.3.1067,"['Rushforth, A M', 'White, C C', 'Anderson, P']",[],12,"{'lsy-6': 0, 'che-1': 0}",0.0,"{'lsy-6': 0.0, 'che-1': 0.0}",0,"Caenorhabditis elegans contains two muscle regulatory myosin light chain genes, mlc-1 and mlc-2. To determine their in vivo roles, we identified deletions that eliminate each gene individually and both genes in combination. Functions of mlc-1 are redundant to those of mlc-2 in both body-wall and pharyngeal muscle. mlc-1(0) mutants are wild type, but mlc-1(0) mlc-2(0) double mutants arrest as incompletely elongated L1 larvae, having both pharyngeal and body-wall muscle defects. Transgenic copies of either mlc-1(+) or mlc-2(+) rescue all defects of mlc-1(0) mlc-2(0) double mutants. mlc-2 is redundant to mlc-1 in body-wall muscle, but mlc-2 performs a nearly essential role in the pharynx. Approximately 90% of mlc-2(0) hermaphrodites arrest as L1 larvae due to pharyngeal muscle defects. Lethality of mlc-2(0) mutants is sex specific, with mlc-2(0) males being essentially wild type. Four observations suggest that hermaphrodite-specific lethality of mlc-2(0) mutants results from insufficient expression of the X-linked mlc-1(+) gene in the pharynx. First, mlc-1(0) mlc-2(0) double mutants are fully penetrant L1 lethals in both hermaphrodites and males. Second, in situ localization of mlc mRNAs demonstrates that both mlc-1 and mlc-2 are expressed in the pharynx. Third, transgenic copies of either mlc-1(+) or mlc-2(+) rescue the pharyngeal defects of mlc-1(0) mlc-2(0) hermaphrodites. Fourth, a mutation of the dosage compensation gene sdc-3 suppresses hermaphrodite-specific lethality of mlc-2(0) mutants."
1513624,16198291,Cyclin D regulation of a sexually dimorphic asymmetric cell division,2005,Developmental cell,10.1016/j.devcel.2005.09.004,"['Tilmann, Christopher', 'Kimble, Judith']","['sex determination', 'gonadogenesis', 'cell cycle', 'cyclin d', 'c. elegans']",20,"{'lsy-6': 0, 'che-1': 0}",0.0,"{'lsy-6': 0.0, 'che-1': 0.0}",0,"The C. elegans somatic gonadal precursor cell (SGP) divides asymmetrically to establish gonad-specific coordinates in both sexes. In addition, the SGP division is sexually dimorphic and initiates sex-specific programs of gonadogenesis. Wnt/MAPK signaling determines the gonadal axes, and the FKH-6 transcription factor specifies the male mode of SGP division. In this paper, we demonstrate that C. elegans cyclin D controls POP-1/TCF asymmetry in the SGP daughters as well as fkh-6 and rnr expression in the SGPs. Although cyclin D mutants have delayed SGP divisions, the cyclin D defects are not mimicked by other methods of retarding the SGP division. We find that EFL-1/E2F has an antagonistic effect on fkh-6 expression and gonadogenesis, which is relieved by cyclin D activity. We propose that cyclin D and other canonical regulators of the G1/S transition coordinate key regulators of axis formation and sex determination with cell cycle progression to achieve the sexually dimorphic SGP asymmetric division."
4095049,25057458,"microRNAs of parasitic helminths – Identification, characterization and potential as drug targets",2014,International Journal for Parasitology: Drugs and Drug Resistance,10.1016/j.ijpddr.2014.03.001,"['Britton, Collette', 'Winter, Alan D.', 'Gillan, Victoria', 'Devaney, Eileen']","['micrornas', 'parasite', 'helminth', 'caenorhabditis elegans', 'gene regulation', 'therapeutic']",37,"{'lsy-6': 0, 'che-1': 0}",0.0,"{'lsy-6': 0.0, 'che-1': 0.0}",5971,NA
1460235,9649522,A genetic screen for temperature-sensitive cell-division mutants of Caenorhabditis elegans.,1998,Genetics,10.1093/genetics/149.3.1303,"[""O\\'Connell, K F"", 'Leys, C M', 'White, J G']",[],60,"{'lsy-6': 0, 'che-1': 0}",0.0,"{'lsy-6': 0.0, 'che-1': 0.0}",0,"A novel screen to isolate conditional cell-division mutants in Caenorhabditis elegans has been developed. The screen is based on the phenotypes associated with existing cell-division mutations: some disrupt postembryonic divisions and affect formation of the gonad and ventral nerve cord-resulting in sterile, uncoordinated animals-while others affect embryonic divisions and result in lethality. We obtained 19 conditional mutants that displayed these phenotypes when shifted to the restrictive temperature at the appropriate developmental stage. Eighteen of these mutations have been mapped; 17 proved to be single alleles of newly identified genes, while 1 proved to be an allele of a previously identified gene. Genetic tests on the embryonic lethal phenotypes indicated that for 13 genes, embryogenesis required maternal expression, while for 6, zygotic expression could suffice. In all cases, maternal expression of wild-type activity was found to be largely sufficient for embryogenesis. Cytological analysis revealed that 10 mutants possessed embryonic cell-division defects, including failure to properly segregate DNA, failure to assemble a mitotic spindle, late cytokinesis defects, prolonged cell cycles, and improperly oriented mitotic spindles. We conclude that this approach can be used to identify mutations that affect various aspects of the cell-division cycle."
4065204,24585712,Natural reversal of left-right gut/gonad asymmetry in C. elegans males is independent of embryonic chirality,2014,"Genesis (New York, N.Y. : 2000)",10.1002/dvg.22762,"['Callander, Davon C.', 'Alcorn, Melissa R.', 'Birsoy, Bilge', 'Rothman, Joel H.']","['wild isolate', 'gonad migration', 'riail', 'genetic heterogeneity', 'natural variation', 'gpa-16']",2,"{'lsy-6': 0, 'che-1': 0}",0.0,"{'lsy-6': 0.0, 'che-1': 0.0}",0,"Anatomical left-right (L/R) handedness asymmetry in C. elegans is established in the four-cell embryo as a result of anteroposterior skewing of transverse mitotic spindles with a defined handedness. This event creates a chiral embryo and ultimately an adult body plan with fixed L/R positioning of internal organs and components of the nervous system. While this “dextral” configuration is invariant in hermaphrodites, it can be reversed by physical manipulation of the early embryo or by mutations that interfere with mitotic spindle orientation, which leads to viable, mirror-reversed (sinistral) animals. During normal development of the C. elegans male, the gonad develops on the right of the midline, with the gut bilaterally apposed on the left. However, we found that in males of the laboratory N2 strain and Hawaiian (“Hw”) wild isolate, the gut/gonad asymmetry is frequently reversed in a temperature-dependent manner, independent of normal embryonic chirality. We also observed sporadic errors in gonad migration occurring naturally during early larval stages of these and other wild strains; however, the incidence of such errors does not correlate with the frequency of L/R gut/gonad reversals in these strains. Analysis of N2/Hw hybrids and recombinant inbred advanced intercross lines (RIAILs) indicate that the L/R organ reversals are likely to result from recessively acting variations in multiple genes. Thus, unlike the highly reproducible L/R asymmetries of most structures in hermaphrodites, the L/R asymmetry of the male C. elegans body plan is less rigidly determined and subject to natural variation that is influenced by a multiplicity of genes."
1194938,16099833,MicroRNAs acting in a double-negative feedback loop to control a neuronal cell fate decision,2005,Proceedings of the National Academy of Sciences of the United States of America,10.1073/pnas.0505530102,"['Johnston, Robert J.', 'Chang, Sarah', 'Etchberger, John F.', 'Ortiz, Christopher O.', 'Hobert, Oliver']","['left/right asymmetry', 'bistable', 'network motif', 'regulatory rna', 'cellular diversification']",129,"{'lsy-6': 0, 'che-1': 0}",0.0,"{'lsy-6': 0.0, 'che-1': 0.0}",0,"The elucidation of the architecture of gene regulatory networks that control cell-type specific gene expression programs represents a major challenge in developmental biology. We describe here a cell fate decision between two alternative neuronal fates and the architecture of a gene regulatory network that controls this cell fate decision. The two Caenorhabditis elegans taste receptor neurons “ASE left” (ASEL) and “ASE right” (ASER) share many bilaterally symmetric features, but each cell expresses a distinct set of chemoreceptors that endow the gustatory system with the capacity to sense and discriminate specific environmental inputs. We show that these left/right asymmetric fates develop from a precursor state in which both ASE neurons express equivalent features. This hybrid precursor state is unstable and transitions into the stable ASEL or ASER terminal end state. Although this transition is spatially stereotyped in wild-type animals, mutant analysis reveals that each cell has the potential to transition into either the ASEL or ASER stable end state. The stability and irreversibility of the terminal differentiated state is ensured by the interactions of two microRNAs (miRNAs) and their transcription factor targets in a double-negative feedback loop. Simple feedback loops are found as common motifs in many gene regulatory networks, but the loop described here is unusually complex and involves miRNAs. The interaction of miRNAs in double-negative feedback loops may not only be a means for miRNAs to regulate their own expression but may also represent a general paradigm for how terminal cell fates are selected and stabilized."
7723421,33313485,Caenorhabditis elegans che-5 is allelic to gcy-22,2020,microPublication Biology,10.17912/micropub.biology.000313,"['Kunitomo, Hirofumi', 'Iino, Yuichi', 'Hobert, Oliver']",[],1,"{'lsy-6': 0, 'che-1': 0}",0.0,"{'lsy-6': 0.0, 'che-1': 0.0}",0,NA
2827633,20022236,Binary Fate Decisions in Differentiating Neurons,2010,Current opinion in neurobiology,10.1016/j.conb.2009.11.002,"['Jukam, David', 'Desplan, Claude']",[],28,"{'lsy-6': 0, 'che-1': 0}",0.0,"{'lsy-6': 0.0, 'che-1': 0.0}",0,"Neural cell fate programs must generate an enormous number of neurons with distinct adult functions. The decision to choose one neuronal subtype from two alternatives--a binary fate decision--is one way to diversify neuronal subtypes during nervous system development. Recent progress has been made in describing the genetic programs that define late-stage neuronal identity. Here, we review mechanisms that control how such fate decisions generate two different post-mitotic, terminally differentiated neuronal subtypes. We survey examples from C. elegans and Drosophila that demonstrate different modes of binary neuronal fate specification that depend on cell division, lineage, stochastic gene expression, or extracellular signals. Comparison of these strategies reveals that, although organisms use diverse approaches to generate neural diversity, some common themes do exist."
1461503,11156985,Conservation of glp-1 regulation and function in nematodes.,2001,Genetics,10.1093/genetics/157.2.639,"['Rudel, D', 'Kimble, J']",[],22,"{'lsy-6': 0, 'che-1': 0}",0.0,"{'lsy-6': 0.0, 'che-1': 0.0}",0,"The Caenorhabditis elegans (Ce) glp-1 gene encodes a Notch-like receptor. We have cloned glp-1 from C. briggsae (Cb) and C. remanei (Cr), two Caenorhabditis species that have diverged from C. elegans by roughly 20-40 million years. By sequence analysis, we find that the Cb-GLP-1 and Cr-GLP-1 proteins have retained the same motif architecture as Ce-GLP-1, including number of domains. In addition, two regions (CC-linker and regions flanking the ANK repeats) are as highly conserved as regions previously recognized as essential for signaling (e.g., ANK repeats). Phylogenetic analysis of glp-1 sequences suggests a C. briggsae/C. remanei clade with C. elegans as a sister taxon. Using RNAi to test biological functions, we find that Ce-glp-1, Cb-glp-1, and Cr-glp-1 are all required for proliferation of germline stem cells and for specifying blastomere fates in the embryo. In addition, certain biological roles of Cb-glp-1, e.g., in the vulva, have diverged from those of Ce-glp-1 and Cr-glp-1, suggesting a change in either regulation or function of the Cb-glp-1 gene during evolution. Finally, the regulation of glp-1 mRNA, previously analyzed for Ce-glp-1, is conserved in Cb-glp-1, and we identify conserved 3\' UTR sequences that may serve as regulatory elements."
2834459,20150279,The HMX/NKX homeodomain protein MLS-2 specifies the identity of the AWC sensory neuron type via regulation of the ceh-36 Otx gene in C. elegans,2010,"Development (Cambridge, England)",10.1242/dev.044719,"['Kim, Kyuhyung', 'Kim, Rinho', 'Sengupta, Piali']","['c. elegans', 'hmx/nkx', 'otx', 'sensory neuron', 'transcription factor']",32,"{'lsy-6': 0, 'che-1': 0}",0.0,"{'lsy-6': 0.0, 'che-1': 0.0}",0,"The differentiated features of postmitotic neurons are dictated by the expression of specific transcription factors. The mechanisms by which the precise spatiotemporal expression patterns of these factors are regulated are poorly understood. In C. elegans, the ceh-36 Otx homeobox gene is expressed in the AWC sensory neurons throughout postembryonic development, and regulates terminal differentiation of this neuronal subtype. Here, we show that the HMX/NKX homeodomain protein MLS-2 regulates ceh-36 expression specifically in the AWC neurons. Consequently, the AWC neurons fail to express neuron type-specific characteristics in mls-2 mutants. mls-2 is expressed transiently in postmitotic AWC neurons, and directly initiates ceh-36 expression. CEH-36 subsequently interacts with a distinct site in its cis-regulatory sequences to maintain its own expression, and also directly regulates the expression of AWC-specific terminal differentiation genes. We also show that MLS-2 acts in additional neuron types to regulate their development and differentiation. Our analysis describes a transcription factor cascade that defines the unique postmitotic characteristics of a sensory neuron subtype, and provides insights into the spatiotemporal regulatory mechanisms that generate functional diversity in the sensory nervous system."
2259275,17945217,Strongyloides stercoralis: cell- and tissue-specific transgene expression and co-transformation with vector constructs incorporating a common multifunctional 3′ UTR,2007,Experimental parasitology,10.1016/j.exppara.2007.08.018,"['Junio, Ariel J.', 'Li, Xinshe', 'Massey, Holman C.', 'Nolan, Thomas J.', 'Lamitina, S. Todd', 'Sundaram, Meera V.', 'Lok, James B.']","['nematode', 'strongyloides stercoralis', 'transgenesis', 'vector', 'expression', 'green fluorescent protein (gfp)', 'red fluorescent protein (rfp)', 'neuron', 'muscle', '3′ untranslated region (3′ utr)']",44,"{'lsy-6': 0, 'che-1': 0}",0.0,"{'lsy-6': 0.0, 'che-1': 0.0}",0,"Transgenesis is a valuable methodology for studying gene expression patterns and gene function. It has recently become available for research on some parasitic nematodes, including Strongyloides stercoralis. Previously, we described a vector construct, comprising the promoter and 3′ UTR of the S. stercoralis gene Ss era-1 that gives expression of GFP in intestinal cells of developing F1 progeny. In the present study, we identified three new S. stercoralis promoters, which, in combination with the Ss era-1 3′ UTR, can drive expression of GFP or the red fluorescent protein, mRFPmars, in tissue-specific fashion. These include Ss act-2, which drives expression in body wall muscle cells, Ss gpa-3, which drives expression in amphidial and phasmidial neurons and Ss rps-21, which drives ubiquitous expression in F1 transformants and in the gonads of microinjected P0 female worms. Concomitant microinjection of vectors containing GFP and mRFPmars gave dually transformed F1 progeny, suggesting that these constructs could be used as co-injection markers for other transgenes of interest. We have developed a vector “toolkit” for S. stercoralis including constructs with the Ss era-1 3′ UTR and each of the promoters described above."
1435932,16549024,Multiple lineage specific expansions within the guanylyl cyclase gene family,2006,BMC Evolutionary Biology,10.1186/1471-2148-6-26,"['Fitzpatrick, David A', ""O\\'Halloran, Damien M"", 'Burnell, Ann M']",[],26,"{'lsy-6': 0, 'che-1': 0}",0.0,"{'lsy-6': 0.0, 'che-1': 0.0}",0,"Guanylyl cyclases (GCs) are responsible for the production of the secondary messenger cyclic guanosine monophosphate, which plays important roles in a variety of physiological responses such as vision, olfaction, muscle contraction, homeostatic regulation, cardiovascular and nervous function. There are two types of GCs in animals, soluble (sGCs) which are found ubiquitously in cell cytoplasm, and receptor (rGC) forms which span cell membranes. The complete genomes of several vertebrate and invertebrate species are now available. These data provide a platform to investigate the evolution of GCs across a diverse range of animal phyla."
20379,9096403,Guanylyl cyclase expression in specific sensory neurons: A new family of chemosensory receptors,1997,Proceedings of the National Academy of Sciences of the United States of America,10.1073/pnas.94.7.3384,"['Yu, Sidney', 'Avery, Leon', 'Baude, Eric', 'Garbers, David L.']",[],190,"{'lsy-6': 0, 'che-1': 0}",0.0,"{'lsy-6': 0.0, 'che-1': 0.0}",0,"A guanylyl cyclase (GC-D) was recently shown to be expressed in a subclass of neurons within the neuroepithelim of the rat, but given that only a single cyclase was discovered, whether it represents an odorant/pheromone receptor as has been suggested for the large family of seven-transmembrane receptors remains unclear. Through cloning and expression of cDNA we now demonstrate that at least 29 genomic or cDNA sequences found in Caenorhabditis elegans represent guanylyl cyclases. Many of the membrane forms retain cysteine residues conserved within the extracellular, ligand-binding domain of known cyclase receptors. Of eight orphan cyclase receptor::GFP (green fluroescence protein) fusion constructs for which signals were obtained, all were expressed in specific sensory neurons. Furthermore, a cyclase/GFP fusion protein (GCY-10/GFP) was principally expressed in the sensory cilium, suggesting these cyclases function as primary chemosensory receptors. For the first time, we also found that chemosensory neurons (ASE), known to be bilaterally symmetric, demonstrate absolute right or left sidedness with respect to the expression of three different cyclases. Thus, the guanylyl cyclases represent an unexpectedly large and new family of sensory neuron receptors that may complement the 7-transmembrane family of odorant/pheromone receptors."
5886366,29481550,Cell-type specific sequencing of microRNAs from complex animal tissues,2018,Nature methods,10.1038/nmeth.4610,"['Alberti, Chiara', 'Manzenreither, Raphael A.', 'Sowemimo, Ivica', 'Burkard, Thomas R.', 'Wang, Jingkui', 'Mahofsky, Katharina', 'Ameres, Stefan L.', 'Cochella, Luisa']",[],51,"{'lsy-6': 5, 'che-1': 2}",7.604996472324789,"{'lsy-6': 0.000625860558267618, 'che-1': 0.00025034422330704717}",7989,"MicroRNAs (miRNAs) play an essential role in the post-transcriptional regulation of animal development and physiology. However, in vivo studies aimed at linking miRNA-function to the biology of distinct cell types within complex tissues remain challenging, partly because in vivo miRNA-profiling methods lack cellular resolution. We report microRNome by methylation-dependent sequencing (mime-seq), an in vivo enzymatic small RNA-tagging approach that enables high-throughput sequencing of tissue- and cell-type-specific miRNAs in animals. The method combines cell-type-specific 3´-terminal 2´-O-methylation of animal miRNAs by a genetically encoded, plant-specific methyltransferase (HEN1), with chemoselective small RNA cloning and high-throughput sequencing. We show that mime-seq uncovers the miRNomes of specific cells within C. elegans and Drosophila at unprecedented specificity and sensitivity, enabling miRNA profiling with single-cell resolution in whole animals. Mime-seq overcomes current challenges in cell-type-specific small RNA profiling and provides novel entry points for understanding the function of miRNAs in spatially restricted physiological settings."
3376908,19776276,The Neural Network for Chemotaxis to Tastants in Caenorhabditis elegans Is Specialized for Temporal Differentiation,2009,The Journal of Neuroscience,10.1523/JNEUROSCI.0594-09.2009,"['Thiele, Tod R.', 'Faumont, Serge', 'Lockery, Shawn R.']",[],31,"{'lsy-6': 0, 'che-1': 0}",0.0,"{'lsy-6': 0.0, 'che-1': 0.0}",0,"Chemotaxis in Caenorhabditis elegans depends critically on the rate of change of attractant concentration computed as the worm moves through its environment. This computation depends, in turn, on the neuron class ASE, a left–right pair of pair of chemosensory neurons that is functionally asymmetric such that the left neuron is an on-cell, whereas the right neuron is an off-cell. To determine whether this coding strategy is a general feature of chemosensation in C. elegans, we imaged calcium responses in all chemosensory neurons known or in a position to contribute to chemotaxis to tastants in this organism. This survey revealed one new class of on-cells (ADF) and one new class of off-cells (ASH). Thus, the ASE class is unique in having both an on-cell and an off-cell. We also found that the newly characterized on-cells and off-cells promote runs and turns, respectively, mirroring the pattern reported previously for ASEL and ASER. Our results suggest that the C. elegans chemotaxis network is specialized for the temporal differentiation of chemosensory inputs, as required for chemotaxis."
5359715,28322326,Superoxide dismutase SOD-1 modulates C. elegans pathogen avoidance behavior,2017,Scientific Reports,10.1038/srep45128,"['Horspool, Alexander M.', 'Chang, Howard C.']",[],21,"{'lsy-6': 0, 'che-1': 0}",0.0,"{'lsy-6': 0.0, 'che-1': 0.0}",0,"The C. elegans nervous system mediates protective physiological and behavioral responses amid infection. However, it remains largely unknown how the nervous system responds to reactive oxygen species (ROS) activated by pathogenic microbes during infection. Here, we show superoxide dismutase-1 (SOD-1), an enzyme that converts superoxide into less toxic hydrogen peroxide and oxygen, functions in the gustatory neuron ASER to mediate C. elegans pathogen avoidance response. When C. elegans first encounters pathogenic bacteria P. aeruginosa, SOD-1 is induced in the ASER neuron. After prolonged P. aeruginosa exposure, ASER-specific SOD-1 expression is diminished. In turn, C. elegans starts to vacate the pathogenic bacteria lawn. Genetic knockdown experiments reveal that pathogen-induced ROS activate sod-1 dependent behavioral response non cell-autonomously. We postulate that the delayed aversive response to detrimental microbes may provide survival benefits by allowing C. elegans to temporarily utilize food that is tainted with pathogens as an additional energy source. Our data offer a mechanistic insight into how the nervous system mediates food-seeking behavior amid oxidative stress and suggest that the internal state of redox homeostasis could underlie the behavioral response to harmful microbial species."
3086006,18324923,Transgenesis and neuronal ablation in parasitic nematodes: revolutionary new tools to dissect host–parasite interactions,2008,Parasite immunology,10.1111/j.1365-3024.2008.01006.x,"['Lok, J. B.', 'Artis, D.']","['biolistics', 'microinjection', 'model antigen', 'strongyloides', 'transgenesis']",7,"{'lsy-6': 0, 'che-1': 0}",0.0,"{'lsy-6': 0.0, 'che-1': 0.0}",0,"Ease of experimental gene transfer into viral and prokaryotic pathogens has made transgenesis a powerful tool for investigating the interactions of these pathogens with the host immune system. Recent advances have made this approach feasible for more complex protozoan parasites. By contrast, the lack of a system for heritable transgenesis in parasitic nematodes has hampered progress toward understanding the development of nematode-specific cellular responses. Recently, however, significant strides towards such a system have been made in several parasitic nematodes, and the possible applications of these in immunological research should now be contemplated. In addition, methods for targeted cell ablation have been successfully adapted from Caenorhabditis elegans methodology and applied to studies of neurobiology and behaviour in Strongyloides stercoralis. Together, these new technical developments offer exciting new tools to interrogate multiple aspects of the host–parasite interaction following nematode infection."
12667811,41332732,A gene expression atlas of a juvenile nervous system,2025,bioRxiv,10.1101/2025.11.21.689793,"['Taylor, Seth R.', 'Olson, Claire', 'Ripoll-Sanchez, Lidia', 'Valperga, Giulio', 'McWhirter, Rebecca', 'Barney, S. Talmage', 'Atkinson, Alexander', 'Goel, Sidharth', 'Weinreb, Alexis', 'Hardin, Andrew', 'Rolfson, Alexis', 'Pattee, Jacob', 'Aguilar, G. Robert', 'Merritt, Daniel M.', 'Eroglu, Matthew', 'Majeed, Maryam', 'Grundvig, Ethan', 'Child, Ethan', 'Beets, Isabel', 'Vértes, Petra E.', 'Schafer, William R.', 'Varol, Erdem', 'Hammarlund, Marc', 'Hobert, Oliver', 'Miller, David M.']",[],0,"{'lsy-6': 0, 'che-1': 0}",0.0,"{'lsy-6': 0.0, 'che-1': 0.0}",18947,"Although the fundamental architecture of metazoan nervous systems is typically established in the embryo, substantial numbers of neurons are added during post-natal development while existing neurons expand in size, refine connectivity, and undergo additional differentiation. To reveal the underlying molecular determinants of post-embryonic neurogenesis and maturation, we have produced gene expression profiles of all neuron types and their progenitors in the first larval stage (L1) of C. elegans. Comparisons of the L1 profile to the embryo and to the later L4 larval stage identified thousands of differentially expressed genes across individual neurons throughout the nervous system. Key neuropeptide signaling networks, for example, are remodeled during larval development. Gene regulatory network analysis revealed potential transcription factors driving the temporal changes in gene expression across the nervous system, including a broad role for the heterochronic gene lin-14. We utilized available connectomic data of juvenile animals in combination with our neuron-specific atlas to identify potential molecular determinants of membrane contact and synaptic connectivity. These expression data are available through a user-friendly interface at CeNGEN.org for independent investigations of the maturation, connectivity and function of a developing nervous system."
2788323,19952104,Dividing cellular asymmetry: asymmetric cell division and its implications for stem cells and cancer,2009,Genes & Development,10.1101/gad.1850809,"['Neumüller, Ralph A.', 'Knoblich, Juergen A.']","['asymmetric cell division', 'cell polarity', 'neurogenesis', 'stem cell', 'tumorigenesis']",212,"{'lsy-6': 0, 'che-1': 0}",0.0,"{'lsy-6': 0.0, 'che-1': 0.0}",0,"Cell division is commonly thought to involve the equal distribution of cellular components into the two daughter cells. During many cell divisions, however, proteins, membrane compartments, organelles, or even DNA are asymmetrically distributed between the two daughter cells. Here, we review the various types of asymmetries that have been described in yeast and in animal cells. Asymmetric segregation of protein determinants is particularly relevant for stem cell biology. We summarize the relevance of asymmetric cell divisions in various stem cell systems and discuss why defects in asymmetric cell division can lead to the formation of tumors."
6643894,31088904,"Restriction of Cellular Plasticity of Differentiated Cells Mediated by Chromatin Modifiers, Transcription Factors and Protein Kinases",2019,G3: Genes|Genomes|Genetics,10.1534/g3.119.400328,"['Rahe, Dylan P.', 'Hobert, Oliver']","['c. elegans', 'plasticity', 'transcription factor', 'cellular fate']",16,"{'lsy-6': 0, 'che-1': 5}",0.0,"{'lsy-6': 0.0, 'che-1': 0.0}",0,"Ectopic expression of master regulatory transcription factors can reprogram the identity of specific cell types. The effectiveness of such induced cellular reprogramming is generally greatly reduced if the cellular substrates are fully differentiated cells. For example, in the nematode C. elegans, the ectopic expression of a neuronal identity-inducing transcription factor, CHE-1, can effectively induce CHE-1 target genes in immature cells but not in fully mature non-neuronal cells. To understand the molecular basis of this progressive restriction of cellular plasticity, we screened for C. elegans mutants in which ectopically expressed CHE-1 is able to induce neuronal effector genes in epidermal cells. We identified a ubiquitin hydrolase, usp-48, that restricts cellular plasticity with a notable cellular specificity. Even though we find usp-48 to be very broadly expressed in all tissue types, usp-48 null mutants specifically make epidermal cells susceptible to CHE-1-mediated activation of neuronal target genes. We screened for additional genes that allow epidermal cells to be at least partially reprogrammed by ectopic che-1 expression and identified many additional proteins that restrict cellular plasticity of epidermal cells, including a chromatin-related factor (H3K79 methyltransferase, DOT-1.1), a transcription factor (nuclear hormone receptor NHR-48), two MAPK-type protein kinases (SEK-1 and PMK-1), a nuclear localized O-GlcNAc transferase (OGT-1) and a member of large family of nuclear proteins related to the Rb-associated LIN-8 chromatin factor. These findings provide novel insights into the control of cellular plasticity."
4656843,26635721,MicroRNAs: Not “Fine-Tuners” but Key Regulators of Neuronal Development and Function,2015,Frontiers in Neurology,10.3389/fneur.2015.00245,"['Davis, Gregory M.', 'Haas, Matilda A.', 'Pocock, Roger']","['microrna', 'brain', 'neurogenesis', 'axon guidance']",42,"{'lsy-6': 7, 'che-1': 1}",8.255058505608517,"{'lsy-6': 0.0011234151821537474, 'che-1': 0.00016048788316482104}",6231,"MicroRNAs (miRNAs) are a class of short non-coding RNAs that operate as prominent post-transcriptional regulators of eukaryotic gene expression. miRNAs are abundantly expressed in the brain of most animals and exert diverse roles. The anatomical and functional complexity of the brain requires the precise coordination of multilayered gene regulatory networks. The flexibility, speed, and reversibility of miRNA function provide precise temporal and spatial gene regulatory capabilities that are crucial for the correct functioning of the brain. Studies have shown that the underlying molecular mechanisms controlled by miRNAs in the nervous systems of invertebrate and vertebrate models are remarkably conserved in humans. We endeavor to provide insight into the roles of miRNAs in the nervous systems of these model organisms and discuss how such information may be used to inform regarding diseases of the human brain."
11987006,40224011,Sensory plasticity caused by up-down regulation encodes the information of short-term learning and memory,2025,iScience,10.1016/j.isci.2025.112215,"['Wang, Ping-Zhou', 'Ge, Ming-Hai', 'Su, Pan', 'Wu, Piao-Ping', 'Wang, Lei', 'Zhu, Wei', 'Li, Rong', 'Liu, Hui', 'Wu, Jing-Jing', 'Xu, Yu', 'Zhao, Jia-Lu', 'Li, Si-Jia', 'Wang, Yan', 'Chen, Li-Ming', 'Wu, Tai-Hong', 'Wu, Zheng-Xing']","['molecular biology', 'neuroscience']",0,"{'lsy-6': 0, 'che-1': 0}",0.0,"{'lsy-6': 0.0, 'che-1': 0.0}",12160,"Learning and memory are essential for animals’ well-being and survival. The underlying mechanisms are a major task of neuroscience studies. In this study, we identified a circuit consisting of ASER, RIC, RIS, and AIY, is required for short-term salt chemotaxis learning (SCL) in C. elegans. ASER NaCl-sensation possesses are remodeled by salt/food-deprivation pared conditioning. RIC integrates the sensory information of NaCl and food availability. It excites ASER and inhibits AIY by tyramine/TYRA-2 and octopamine/OCTR-1 signaling pathways, respectively. By the salt conditioning, RIC NaCl calcium response to NaCl is depressed, thus, the RIC excitation of ASER and inhibition of AIY are suppressed. ASER excites RIS by FLP-14/FRPR-10 signaling. RIS inhibits ASER via PDF-2/PDFR-1 signaling in negative feedback. ASER sensory plasticity caused by RIC plasticity and RIS negative feedback are required for both learning and memory recall. Thus, the sensation plasticity encodes the information of the short-term SCL that facilitates animal adaptation to dynamic environments."
3057529,21315599,Regulation of response properties and operating range of the AFD thermosensory neurons by cGMP signaling,2011,Current biology : CB,10.1016/j.cub.2011.01.053,"['Wasserman, Sara M.', 'Beverly, Matthew', 'Bell, Harold W.', 'Sengupta, Piali']",[],31,"{'lsy-6': 0, 'che-1': 0}",0.0,"{'lsy-6': 0.0, 'che-1': 0.0}",0,"The neuronal mechanisms that encode specific stimulus features in order to elicit defined behavioral responses are poorly understood. C. elegans forms a memory of its cultivation temperature (Tc) and exhibits distinct behaviors in different temperature ranges relative to Tc. In particular, C. elegans tracks isotherms only in a narrow temperature band near Tc. Tc memory is in part encoded by the threshold of responsiveness (T*AFD) of the AFD thermosensory neuron pair to temperature stimuli. However, since AFD thermosensory responses appear to be similar at all examined temperatures above T*AFD, the mechanisms that generate specific behaviors in defined temperature ranges remain to be determined."
6854655,31722661,28th Annual Computational Neuroscience Meeting: CNS*2019,2019,BMC Neuroscience,10.1186/s12868-019-0538-0,[],[],0,"{'lsy-6': 0, 'che-1': 0}",0.0,"{'lsy-6': 0.0, 'che-1': 0.0}",0,NA
3817937,24194469,Left-right asymmetry: lessons from Cancún,2013,"Development (Cambridge, England)",10.1242/dev.097907,"['Burdine, Rebecca D.', 'Caspary, Tamara']","['asymmetry', 'cilia', 'left-right asymmetry', 'left-right axis', 'morphogenesis', 'nodal']",5,"{'lsy-6': 0, 'che-1': 0}",0.0,"{'lsy-6': 0.0, 'che-1': 0.0}",0,"The satellite symposium on ‘Making and breaking the left-right axis: implications of laterality in development and disease’ was held in June 2013 in conjunction with the 17th International Society for Developmental Biology meeting in Cancún, Mexico. As we summarize here, leaders in the field gathered at the symposium to discuss recent advances in understanding how left-right asymmetry is generated and utilized across the animal kingdom."
4078920,19924784,Cis-regulatory mechanisms of gene expression in an olfactory neuron type in C. elegans,2009,Developmental dynamics : an official publication of the American Association of Anatomists,10.1002/dvdy.22147,"['Nokes, Eva B.', 'van der Linden, Alexander M.', 'Winslow, Caron', 'Mukhopadhyay, Saikat', 'Ma, Kristin', 'Sengupta, Piali']","['cis-regulatory motifs', 'chemoreceptors', 'olfactory neuron', 'c. elegans']",12,"{'lsy-6': 0, 'che-1': 0}",0.0,"{'lsy-6': 0.0, 'che-1': 0.0}",0,"The generation of cellular diversity is dependent on the precise spatiotemporal regulation of gene expression by both cis- and trans-acting mechanisms. The developmental principles regulating expression of specific gene subsets in individual cell types are not fully understood. Here we define the cis-regulatory mechanisms driving expression of cell-selective and broadly expressed genes in vivo in the AWB olfactory neuron subtype in C. elegans. We identify an element that is necessary to drive expression of neuron-selective chemoreceptor genes in the AWB neurons, and show that this element functions in a context-dependent manner. We find that the expression of broadly expressed sensory neuronal genes in the AWB neurons is regulated by diverse cis- and trans-regulatory mechanisms that act partly in parallel to the pathways governing expression of AWB-selective genes. We further demonstrate that cis-acting mechanisms driving gene expression in the AWB neurons appear to have diverged in related nematode species. Our results provide insights into the cis-regulatory logic driving cell-specific gene expression, and suggest that variations in this logic contribute to the generation of functional diversity."
7163932,,C,2009,Encyclopedia of Neuroscience,10.1007/978-3-540-29678-2_3,"['Binder, Marc D.', 'Hirokawa, Nobutaka', 'Windhorst, Uwe', 'Davis, Justin R.', 'Giles, Andrew C.', 'Rankin, Catharine H.', 'Bell, Jonathan', 'Kimura, Hiroshi', 'Uemura, Tadashi', 'Kidokoro, Yoshi', 'Lemieux, Mado', 'Koninck, Paul De', 'Carbone, Emilio', 'Senatore, Adriano', 'Spafford, J. David', 'Dowie, Megan J.', 'Grimsey*, Natasha L.', 'Glass, Michelle', 'Gillis, Kevin D.', 'Hunter, Peter', 'Budgell, Brian', 'Roy, Arijit', 'Wilson, Richard J. A.', 'Hikosaka, Okihide', 'Esfeld, Michael', 'Harbecke, Jens', 'Mitsuhashi, Takayuki', 'Takahashi, Takao', 'Kageyama, Ryoichiro', 'Ohsawa, Ryosuke', 'Ohtsuka, Toshiyuki', 'Lalley, Peter M.', 'Nitabach, Michael N.', 'Paton, Julian F. R.', 'Waitzman, David M.', 'Nattie, Eugene', 'Li, Aihua', 'Tsunoda, Ikuo', 'Kobayashi-Warren, Mikako', 'Libbey, Jane E.', 'Fujinami, Robert S.', 'Kulkarni, Amod P.', 'Kellaway, Laurie A.', 'Kotwal, Girish J.', 'Morgen, Katrin E.', 'Ciufolini, Maria Grazia', 'Nicoletti, Loredana', 'Davis, Randall L.', 'Hofer, Markus J.', 'Campbell, Iain L.', 'Jensen, Troels S.', 'Finnerup, Nanna B.', 'Straub, Volko A.', 'Benarroch, Eduardo E.', 'Bronstein, Adolfo M.', 'Nissant, Antoine', 'Bloedel, James R.', 'Bracha, Vlastislav', 'Highstein, Stephen M.', 'Scudder, Charles A.', 'Kachur, Torah M.', 'Pilgrim, Dave B.', 'André, Holley', 'Mindell, Joseph A.', 'Maduke, Merritt', 'Ormond, John', 'Woodin, Melanie A.', 'Datta, Subimal', 'Eisenstat, David D.', 'Severinsen, Kaare', 'Jakobsen, Johannes', 'Merrow, Martha', 'Roenneberg, Till', 'Schall, Jeffrey D.', 'Vogt, Brent A.', 'Morecraft, Robert J.', 'Tischkau, Shelley', 'Gerkema, Menno P.', 'Buijs, Ruud M.', 'Lewy, Alfred J.', 'Hazlerigg, David', 'Yamamoto, Takashi', 'Epstein, Marcelo', 'Tischkau, Shelley', 'Ripperger, Jürgen A.', 'Albrecht, Urs', 'Kramer, Achim', 'Albrecht, Urs', 'Ripperger, Jürgen A.', 'Ruggero, Mario A.', 'Shannon, Robert V.', 'Malmierca, Manuel S.', 'Smith, Philip H.', 'Sodian, Beate', 'Nieder, Andreas', 'Mast, Fred W.', 'Godde, Ben', 'Hansen, Thorsten', 'Gegenfurtner, Karl R.', 'Faure, Philippe', 'Allan, Douglas W.', 'Asoh, Hideki', 'Jänig, Wilfrid', 'Rybak, Ilya A.', 'Smith, Jeffrey C.', 'Karniel, Amir', 'Sanguineti, Vittorio', 'Mansergh, Fiona', 'R.Wolpaw, Jonathan', 'McFarland, Dennis J.', 'Yamamoto, Takashi', 'Mareschal, Denis', 'Althaus, Nadja', 'Epstein, Marcelo', 'Lee, Tai Sing', 'Epstein, Marcelo', 'Epstein, Marcelo', 'Cleland, Thomas A.', 'Goodwin, Graham C.', 'Feuer, Arie', 'Latash, Mark L.', 'Marín, Oscar', 'Lucassen, Paul J.', 'Boekhoorn, Karin', 'Francis, Fiona', 'Groenewegen, Henk J.', 'Ogawa, Hisashi', 'Macefield, Vaughan G', 'Birznieks, Ingvars', 'Biel, Martin']",[],0,"{'lsy-6': 0, 'che-1': 0}",0.0,"{'lsy-6': 0.0, 'che-1': 0.0}",148541,NA
6007053,29857312,Neuron-specific regulation of superoxide dismutase amid pathogen-induced gut dysbiosis,2018,Redox Biology,10.1016/j.redox.2018.05.007,"['Horspool, Alexander M.', 'Chang, Howard C.']",[],10,"{'lsy-6': 0, 'che-1': 0}",0.0,"{'lsy-6': 0.0, 'che-1': 0.0}",4728,"Superoxide dismutase, an enzyme that converts superoxide into less-toxic hydrogen peroxide and oxygen, has been shown to mediate behavioral response to pathogens. However, it remains largely unknown how superoxide dismutase is regulated in the nervous system amid pathogen-induced gut dysbiosis. Although there are five superoxide dismutases in C. elegans, our genetic analyses suggest that SOD-1 is the primary superoxide dismutase to mediate the pathogen avoidance response. When C. elegans are fed a P. aeruginosa diet, the lack of SOD-1 contributes to enhanced lethality. We found that guanylyl cyclases GCY-5 and GCY-22 and neuropeptide receptor NPR-1 act antagonistically to regulate SOD-1 expression in the gustatory neuron ASER. After C. elegans ingests a diet that contributes to high levels of oxidative stress, the temporal regulation of SOD-1 and the SOD-1–dependent response in the gustatory system demonstrates a sophisticated mechanism to fine-tune behavioral plasticity. Our results may provide the initial glimpse of a strategy by which a multicellular organism copes with oxidative stress amid gut dysbiosis."
4050152,24769883,A molecular link between distinct neuronal asymmetries,2014,Cell Cycle,10.4161/cc.29010,"['Alqadah, Amel', 'Hsieh, Yi-Wen', 'Chuang, Chiou-Fen']","['neuronal asymmetry', 'nematode', 'directional', 'stochastic', 'die-1', 'transcription factor', 'calcium signaling', 'gap junctions', 'microrna', 'notch signaling']",5,"{'lsy-6': 0, 'che-1': 0}",0.0,"{'lsy-6': 0.0, 'che-1': 0.0}",0,NA
8843900,34596756,Lessons from behavioral lateralization in olfaction,2021,Brain Structure & Function,10.1007/s00429-021-02390-w,"['Cavelius, Matthias', 'Brunel, Théo', 'Didier, Anne']","['olfaction', 'behavior', 'brain lateralization']",2,"{'lsy-6': 0, 'che-1': 0}",0.0,"{'lsy-6': 0.0, 'che-1': 0.0}",5725,"Sensory information, sampled by sensory organs positioned on each side of the body may play a crucial role in organizing brain lateralization. This question is of particular interest with regard to the growing evidence of alteration in lateralization in several psychiatric conditions. In this context, the olfactory system, an ancient, mostly ipsilateral and well-conserved system across phylogeny may prove an interesting model system to understand the behavioral significance of brain lateralization. Here, we focused on behavioral data in vertebrates and non-vertebrates, suggesting that the two hemispheres of the brain differentially processed olfactory cues to achieve diverse sensory operations, such as detection, discrimination, identification of behavioral valuable cues or learning. These include reports across different species on best performances with one nostril or the other or odorant active sampling by one nostril or the other, depending on odorants or contexts. In some species, hints from peripheral anatomical or functional asymmetry were proposed to explain these asymmetries in behavior. Instigations of brain activation or more rarely of brain connectivity evoked by odorants revealed a complex picture with regards to asymmetric patterns which is discussed with respect to behavioral data. Along the steps of the discussed literature, we propose avenues for future research."
2683976,18719388,"Lessons from microRNA mutants in worms, flies and mice",2008,"Cell cycle (Georgetown, Tex.)",10.4161/cc.7.16.6454,"['Smibert, Peter', 'Lai, Eric C.']","['mirna', 'animal', 'knockout', 'mutant']",28,"{'lsy-6': 0, 'che-1': 0}",0.0,"{'lsy-6': 0.0, 'che-1': 0.0}",0,"It is apparent that microRNAs (miRNAs) are important components in the regulation of genetic networks in many biological contexts. Based on computational analysis, typical miRNAs are inferred to have tens to hundreds of conserved targets. Many miRNA-target interactions have been validated by various means, including heterologous tests in cultured cells and gain-of-function approaches that can yield striking phenotypes in whole animals. However, these strategies do not report on the endogenous importance of such miRNA activities. Likewise, studies of miRNA pathway mutants can suggest an endogenous role for miRNAs in a given setting, but do not identify roles for specific miRNAs. Therefore, these approaches must be complemented with the analysis of miRNA mutant alleles. In this review, we describe some of the lessons learned from studying miRNA gene deletions in worms, flies and mice, and discuss their implications for the control of endogenous regulatory networks."
5836505,29499134,FUS Regulates Activity of MicroRNA-mediated Gene Silencing,2018,Molecular cell,10.1016/j.molcel.2018.02.001,"['Zhang, Tao', 'Wu, Yen-Ching', 'Mullane, Patrick', 'Ji, Yon Ju', 'Liu, Honghe', 'He, Lu', 'Arora, Amit', 'Hwang, Ho-Yon', 'Alessi, Amelia F.', 'Niaki, Amirhossein G.', 'Periz, Goran', 'Guo, Lin', 'Wang, Hejia', 'Elkayam, Elad', 'Joshua-Tor, Leemor', 'Myong, Sua', 'Kim, John', 'Shorter, James', 'Ong, Shao-En', 'Leung, Anthony K.L.', 'Wang, Jiou']","['microrna', 'fus', 'gene silencing', 'argonaute', 'als', 'ftd']",55,"{'lsy-6': 0, 'che-1': 0}",0.0,"{'lsy-6': 0.0, 'che-1': 0.0}",0,"MicroRNA-mediated gene silencing is a fundamental mechanism in the regulation of gene expression. It remains unclear how the efficiency of RNA silencing could be influenced by RNA-binding proteins associated with the microRNA-induced silencing complex (miRISC). Here we report that Fused in sarcoma (FUS), an RNA-binding protein linked to neurodegenerative diseases including amyotrophic lateral sclerosis (ALS), interacts with the core miRISC component AGO2 and is required for optimal microRNA-mediated gene silencing. FUS promotes gene silencing by binding to microRNA and mRNA targets, as illustrated by its action on miR-200c and its target ZEB1. A truncated mutant form of FUS that leads its carriers to an aggressive form of ALS, R495X, impairs microRNA-mediated gene silencing. C. elegans homolog fust-1 also regulates the gene silencing pathways. Collectively, our results suggest a role for FUS in regulating the activity of microRNA-mediated silencing."
4911249,27136279,"A map of terminal regulators of neuronal identity in Caenorhabditis elegans'], b'C. elegans neurodevelopment",2016,Wiley Interdisciplinary Reviews. Developmental Biology,10.1002/wdev.233,"['Hobert, Oliver']",[],61,"{'lsy-6': 0, 'che-1': 0}",0.0,"{'lsy-6': 0.0, 'che-1': 0.0}",4903,"Our present day understanding of nervous system development is an amalgam of insights gained from studying different aspects and stages of nervous system development in a variety of invertebrate and vertebrate model systems, with each model system making its own distinctive set of contributions. One aspect of nervous system development that has been among the most extensively studied in the nematode Caenorhabditis elegans is the nature of the gene regulatory programs that specify hardwired, terminal cellular identities. I first summarize a number of maps (anatomical, functional, and molecular) that describe the terminal identity of individual neurons in the C. elegans nervous system. I then provide a comprehensive summary of regulatory factors that specify terminal identities in the nervous system, synthesizing these past studies into a regulatory map of cellular identities in the C. elegans nervous system. This map shows that for three quarters of all neurons in the C. elegans nervous system, regulatory factors that control terminal identity features are known. In‐depth studies of specific neuron types have revealed that regulatory factors rarely act alone, but rather act cooperatively in neuron‐type specific combinations. In most cases examined so far, distinct, biochemically unlinked terminal identity features are coregulated via cooperatively acting transcription factors, termed terminal selectors, but there are also cases in which distinct identity features are controlled in a piecemeal fashion by independent regulatory inputs. The regulatory map also illustrates that identity‐defining transcription factors are reemployed in distinct combinations in different neuron types. However, the same transcription factor can drive terminal differentiation in neurons that are unrelated by lineage, unrelated by function, connectivity and neurotransmitter deployment. Lastly, the regulatory map illustrates the preponderance of homeodomain transcription factors in the control of terminal identities, suggesting that these factors have ancient, phylogenetically conserved roles in controlling terminal neuronal differentiation in the nervous system. WIREs Dev Biol 2016, 5:474–498. doi: 10.1002/wdev.233"
3545480,18054394,Posttranscriptional control of neuronal development by microRNA networks,2007,Trends in neurosciences,10.1016/j.tins.2007.10.004,"['Gao, Fen-Biao']",[],64,"{'lsy-6': 0, 'che-1': 0}",0.0,"{'lsy-6': 0.0, 'che-1': 0.0}",0,"The proper development of the nervous system requires precise spatial and temporal control of gene expression at both the transcriptional and translational levels. In different experimental model systems, microRNAs (miRNAs) – a class of small, endogenous, noncoding RNAs that control the translation and stability of many mRNAs – are emerging as important regulators of various aspects of neuronal development. Further dissection of the in vivo physiological functions of individual miRNAs promises to offer novel mechanistic insights into the gene regulatory networks that ensure the precise assembly of a functional nervous system."
12393400,40894648,A Toolkit for In Vivo Mapping and Modulating Neurotransmission at Single-Cell Resolution,2025,bioRxiv,10.1101/2025.08.18.670838,"['Cuentas-Condori, Andrea', 'Chanabá-López, Patricia', 'Thomas, Matthew', 'Feng, Likui', 'Wolfe, Aaron', 'Agoba, Peter', 'Schwartz, Matthew L.', 'Brown, Maximillian', 'Ebert, Margaret', 'Jorgensen, Erik', 'Bargmann, Cornelia I.', 'Colón-Ramos, Daniel']",[],0,"{'lsy-6': 0, 'che-1': 1}",0.2367970048178334,"{'lsy-6': 0.0, 'che-1': 0.00010869565217391305}",9200,"Understanding the organization and regulation of neurotransmission at the level of individual neurons and synapses requires tools that can track and manipulate transmitter-specific vesicles in vivo. Here, we present a suite of genetic tools in Caenorhabditis elegans to fluorescently label and conditionally ablate the vesicular transporters for glutamate, GABA, acetylcholine, and monoamines. Using a structure-guided approach informed by protein topology and evolutionary conservation, we engineered endogenously tagged versions for each transporter that maintain their physiological function while allowing for cell-specific, bright, and stable visualization. We also developed conditional knockout strains that enable targeted disruption of neurotransmitter synthesis or packaging in single neurons. We applied this toolkit to map co-expression of vesicular transporters across the C. elegans nervous system, revealing that over 10% of neurons exhibit co-transmission. Using the ADF sensory neuron as a case study, we demonstrate that serotonin and acetylcholine are trafficked in partially distinct vesicle pools. Our approach provides a powerful platform for mapping, monitoring, and manipulating neurotransmitter identity and use in vivo. The molecular strategies described here are likely applicable across species, offering a generalizable approach to dissect synaptic communication in vivo."
7644224,33074105,Feeding state functionally reconfigures a sensory circuit to drive thermosensory behavioral plasticity,2020,eLife,10.7554/eLife.61167.sa2,"['Takeishi, Asuka', 'Yeon, Jihye', 'Harris, Nathan', 'Yang, Wenxing', 'Sengupta, Piali', 'Hobert, Oliver', 'VijayRaghavan, K', 'Hobert, Oliver', 'Colón-Ramos, Daniel A']","['thermosensation', 'starvation', 'insulin signaling', 'gut-brain', 'c. elegans']",25,"{'lsy-6': 0, 'che-1': 0}",0.0,"{'lsy-6': 0.0, 'che-1': 0.0}",12675,"Internal state alters sensory behaviors to optimize survival strategies. The neuronal mechanisms underlying hunger-dependent behavioral plasticity are not fully characterized. Here we show that feeding state alters C. elegans thermotaxis behavior by engaging a modulatory circuit whose activity gates the output of the core thermotaxis network. Feeding state does not alter the activity of the core thermotaxis circuit comprised of AFD thermosensory and AIY interneurons. Instead, prolonged food deprivation potentiates temperature responses in the AWC sensory neurons, which inhibit the postsynaptic AIA interneurons to override and disrupt AFD-driven thermotaxis behavior. Acute inhibition and activation of AWC and AIA, respectively, restores negative thermotaxis in starved animals. We find that state-dependent modulation of AWC-AIA temperature responses requires INS-1 insulin-like peptide signaling from the gut and DAF-16/FOXO function in AWC. Our results describe a mechanism by which functional reconfiguration of a sensory network via gut-brain signaling drives state-dependent behavioral flexibility."
3115024,21435556,"Temperature, Oxygen, and Salt-Sensing Neurons in C. elegans Are Carbon Dioxide Sensors that Control Avoidance Behavior",2011,Neuron,10.1016/j.neuron.2011.02.023,"['Bretscher, Andrew\xa0Jonathan', 'Kodama-Namba, Eiji', 'Busch, Karl\xa0Emanuel', 'Murphy, Robin\xa0Joseph', 'Soltesz, Zoltan', 'Laurent, Patrick', 'de\xa0Bono, Mario']",[],92,"{'lsy-6': 0, 'che-1': 1}",1.4466817013089508,"{'lsy-6': 0.0, 'che-1': 0.00015625}",6400,"Homeostatic control of body fluid CO2 is essential in animals but is poorly understood. C. elegans relies on diffusion for gas exchange and avoids environments with elevated CO2. We show that C. elegans temperature, O2, and salt-sensing neurons are also CO2 sensors mediating CO2 avoidance. AFD thermosensors respond to increasing CO2 by a fall and then rise in Ca2+ and show a Ca2+ spike when CO2 decreases. BAG O2 sensors and ASE salt sensors are both activated by CO2 and remain tonically active while high CO2 persists. CO2-evoked Ca2+ responses in AFD and BAG neurons require cGMP-gated ion channels. Atypical soluble guanylate cyclases mediating O2 responses also contribute to BAG CO2 responses. AFD and BAG neurons together stimulate turning when CO2 rises and inhibit turning when CO2 falls. Our results show that C. elegans senses CO2 using functionally diverse sensory neurons acting homeostatically to minimize exposure to elevated CO2."
12324235,40766390,A lateralized sensory signaling pathway mediates context-dependent olfactory plasticity in C. elegans,2025,bioRxiv,10.1101/2025.07.25.666858,"['Pandey, Anjali', 'Katz, Maya', 'Nurrish, Stephen', 'Philbrook, Alison', 'Sengupta, Piali']","['olfaction', 'plasticity', 'awc', 'left-right asymmetry', 'c. elegans', 'guanylyl cyclase']",0,"{'lsy-6': 0, 'che-1': 0}",0.0,"{'lsy-6': 0.0, 'che-1': 0.0}",5145,"Lateralization of neuronal functions plays a critical role in regulating behavioral flexibility, but the underlying molecular mechanisms are challenging to establish at a single-neuron level. We previously showed that attraction of C. elegans to a medium-chain alcohol switches to avoidance in a uniform background of a second attractive odorant. This context-dependent behavioral plasticity is mediated by symmetric inversion of the odor-evoked response sign in the bilateral AWC olfactory neurons. Here we show that this symmetric response plasticity is driven by asymmetric molecular mechanisms in the AWC neuron pair. Mutations in the gcy-12 receptor guanylyl cyclase abolish odor response plasticity only in AWCOFF; the opposing odor-evoked response signs in AWCOFF and AWCON in gcy-12 mutants results in these animals being behaviorally indifferent to this chemical. We find that gcy-12 is expressed, and required, in both AWC neurons to regulate odor response plasticity only in AWCOFF. We further show that disruption of AWC fate lateralization results in loss of asymmetry in the response plasticity in gcy-12 mutants. Our results indicate that symmetric neuronal response plasticity can arise from asymmetry in underlying molecular mechanisms, and suggest that lateralization of signaling pathways in defined conditions may enhance neuronal and behavioral flexibility."
2895193,20595229,MicroRNAs and gene regulatory networks: managing the impact of noise in biological systems,2010,Genes & Development,10.1101/gad.1937010,"['Herranz, Héctor', 'Cohen, Stephen M.']","['micrornas', 'noise', 'robustness', 'regulatory networks']",212,"{'lsy-6': 0, 'che-1': 0}",0.0,"{'lsy-6': 0.0, 'che-1': 0.0}",0,"Biological systems are continuously challenged by an environment that is variable. Yet, a key feature of developmental and physiological processes is their remarkable stability. This review considers how microRNAs contribute to gene regulatory networks that confer robustness."
10618108,37903625,"Biogenesis, inheritance, and 3D ultrastructure of the microsporidian mitosome",2023,Life Science Alliance,10.26508/lsa.202201635,"['Hacker, Christian', 'Sendra, Kacper', 'Keisham, Priyanka', 'Filipescu, Teodora', 'Lucocq, James', 'Salimi, Fatemeh', 'Ferguson, Sophie', 'Bhella, David', 'MacNeill, Stuart A', 'Embley, Martin', 'Lucocq, John']",[],2,"{'lsy-6': 0, 'che-1': 0}",0.0,"{'lsy-6': 0.0, 'che-1': 0.0}",17445,"Quantitative electron and light microscopy combined with bioinformatics reveal that microsporidian mitosomes grow and divide incrementally and are inherited at the microsporidian centrosome (spindle pole body), whereas mitochondrial dynamins participate in mitosome division."
3025287,20590453,Stochastic Mechanisms of Cell Fate Specification that Yield Random or Robust Outcomes,2010,Annual review of cell and developmental biology,10.1146/annurev-cellbio-100109-104113,"['Johnston, Robert J.', 'Desplan, Claude']","['bet-hedging', 'color vision', 'olfaction', 'spinal cord', 'lateral inhibition']",70,"{'lsy-6': 0, 'che-1': 0}",0.0,"{'lsy-6': 0.0, 'che-1': 0.0}",0,"Although cell fate specification is tightly controlled to yield highly reproducible results and avoid extreme variation, developmental programs often incorporate stochastic mechanisms to diversify cell types. Stochastic specification phenomena are observed in a wide range of species and an assorted set of developmental contexts. In bacteria, stochastic mechanisms are utilized to generate transient subpopulations capable of surviving adverse environmental conditions. In vertebrate, insect, and worm nervous systems, stochastic fate choices are used to increase the repertoire of sensory and motor neuron subtypes. Random fate choices are also integrated into developmental programs controlling organogenesis. Although stochastic decisions can be maintained to produce a mosaic of fates within a population of cells, they can also be compensated for or directed to yield robust and reproducible outcomes."
7968742,33667233,Widespread misregulation of inter-species hybrid transcriptomes due to sex-specific and sex-chromosome regulatory evolution,2021,PLoS Genetics,10.1371/journal.pgen.1009409.r003,"['Sánchez-Ramírez, Santiago', 'Weiss, Jörg G.', 'Thomas, Cristel G.', 'Cutter, Asher D.', 'Buerkle, Alex', 'Payseur, Bret', 'Buerkle, Alex', 'Payseur, Bret', 'Buerkle, Alex', 'Payseur, Bret', 'Buerkle, Alex']",[],40,"{'lsy-6': 0, 'che-1': 0}",0.0,"{'lsy-6': 0.0, 'che-1': 0.0}",12891,"When gene regulatory networks diverge between species, their dysfunctional expression in inter-species hybrid individuals can create genetic incompatibilities that generate the developmental defects responsible for intrinsic post-zygotic reproductive isolation. Both cis- and trans-acting regulatory divergence can be hastened by directional selection through adaptation, sexual selection, and inter-sexual conflict, in addition to cryptic evolution under stabilizing selection. Dysfunctional sex-biased gene expression, in particular, may provide an important source of sexually-dimorphic genetic incompatibilities. Here, we characterize and compare male and female/hermaphrodite transcriptome profiles for sibling nematode species Caenorhabditis briggsae and C. nigoni, along with allele-specific expression in their F1 hybrids, to deconvolve features of expression divergence and regulatory dysfunction. Despite evidence of widespread stabilizing selection on gene expression, misexpression of sex-biased genes pervades F1 hybrids of both sexes. This finding implicates greater fragility of male genetic networks to produce dysfunctional organismal phenotypes. Spermatogenesis genes are especially prone to high divergence in both expression and coding sequences, consistent with a “faster male” model for Haldane’s rule and elevated sterility of hybrid males. Moreover, underdominant expression pervades male-biased genes compared to female-biased and sex-neutral genes and an excess of cis-trans compensatory regulatory divergence for X-linked genes underscores a “large-X effect” for hybrid male expression dysfunction. Extensive regulatory divergence in sex determination pathway genes likely contributes to demasculinization of XX hybrids. The evolution of genetic incompatibilities due to regulatory versus coding sequence divergence, however, are expected to arise in an uncorrelated fashion. This study identifies important differences between the sexes in how regulatory networks diverge to contribute to sex-biases in how genetic incompatibilities manifest during the speciation process."
7016744,31952362,miRNAs as Influencers of Cell–Cell Communication in Tumor Microenvironment,2020,Cells,10.3390/cells9010220,"['Conti, Ilaria', 'Varano, Gabriele', 'Simioni, Carolina', 'Laface, Ilaria', 'Milani, Daniela', 'Rimondi, Erika', 'Neri, Luca M.']","['microrna', 'tumor microenvironment', 'cell–cell communication', 'extracellular mirna', 'cancer therapy']",49,"{'lsy-6': 0, 'che-1': 0}",0.0,"{'lsy-6': 0.0, 'che-1': 0.0}",0,"microRNAs (miRNAs) are small noncoding RNAs that regulate gene expression at the posttranscriptional level, inducing the degradation of the target mRNA or translational repression. MiRNAs are involved in the control of a multiplicity of biological processes, and their absence or altered expression has been associated with a variety of human diseases, including cancer. Recently, extracellular miRNAs (ECmiRNAs) have been described as mediators of intercellular communication in multiple contexts, including tumor microenvironment. Cancer cells cooperate with stromal cells and elements of the extracellular matrix (ECM) to establish a comfortable niche to grow, to evade the immune system, and to expand. Within the tumor microenvironment, cells release ECmiRNAs and other factors in order to influence and hijack the physiological processes of surrounding cells, fostering tumor progression. Here, we discuss the role of miRNAs in the pathogenesis of multicomplex diseases, such as Alzheimer’s disease, obesity, and cancer, focusing on the contribution of both intracellular miRNAs, and of released ECmiRNAs in the establishment and development of cancer niche. We also review growing evidence suggesting the use of miRNAs as novel targets or potential tools for therapeutic applications."
4010150,22663077,The COMPASS Family of Histone H3K4 Methylases: Mechanisms of Regulation in Development and Disease Pathogenesis,2012,Annual review of biochemistry,10.1146/annurev-biochem-051710-134100,"['Shilatifard, Ali']","['histone methylation', 'chromatin', 'mll', 'set1', 'compass', 'rad6', 'bre1', 'histone monoubiquitination', 'chromosomal translocations and leukemia']",643,"{'lsy-6': 0, 'che-1': 0}",0.0,"{'lsy-6': 0.0, 'che-1': 0.0}",0,"The Saccharomyces cerevisiae Set1/COMPASS was the first histone H3 lysine 4 (H3K4) methylase identified over ten years ago. Since then, it has been demonstrated that Set1/COMPASS and its enzymatic product, H3K4 methylation, is highly conserved across the evolutionary tree. Although there is only one COMPASS in yeast, human cells bear at least six COMPASS family members each capable of methylating H3K4 with non-redundant functions. In yeast, the monoubiquitination of histone H2B by Rad6/Bre1 is required for proper H3K4 and H3K79 trimethylations. This histone crosstalk and its machinery are also highly conserved from yeast to human. In this review, the process of histone H2B monoubiquitination-dependent and independent histone H3K4 methylation as a mark of active transcription, enhancer signatures, and developmentally poised genes will be discussed. The misregulation of histone H2B monoubiquitination and H3K4 methylation results in the pathogenesis of human diseases including cancer. Recent findings in this regard will also be examined."
5983195,28600394,TGF-β Family Signaling in Early Vertebrate Development,2018,Cold Spring Harbor Perspectives in Biology,10.1101/cshperspect.a033274,"['Zinski, Joseph', 'Tajer, Benjamin', 'Mullins, Mary C.']",[],87,"{'lsy-6': 0, 'che-1': 0}",0.0,"{'lsy-6': 0.0, 'che-1': 0.0}",0,"TGF-β family ligands function in inducing and patterning many tissues of the early vertebrate embryonic body plan. Nodal signaling is essential for the specification of mesendodermal tissues and the concurrent cellular movements of gastrulation. Bone morphogenetic protein (BMP) signaling patterns tissues along the dorsal–ventral axis and simultaneously directs the cell movements of convergence and extension. After gastrulation, a second wave of Nodal signaling breaks the symmetry between the left and right sides of the embryo. During these processes, elaborate regulatory feedback between TGF-β ligands and their antagonists direct the proper specification and patterning of embryonic tissues. In this review, we summarize the current knowledge of the function and regulation of TGF-β family signaling in these processes. Although we cover principles that are involved in the development of all vertebrate embryos, we focus specifically on three popular model organisms: the mouse Mus musculus, the African clawed frog of the genus Xenopus, and the zebrafish Danio rerio, highlighting the similarities and differences between these species."
196060,12730123,Notch activity induces Nodal expression and mediates the establishment of left–right asymmetry in vertebrate embryos,2003,Genes & Development,10.1101/gad.1084403,"['Raya, Ángel', 'Kawakami, Yasuhiko', 'Rodríguez-Esteban, Concepción', 'Büscher, Dirk', 'Koth, Christopher M.', 'Itoh, Tohru', 'Morita, Masanobu', 'Raya, R. Marina', 'Dubova, Ilir', 'Bessa, Joaquín Grego', 'de la Pompa, José Luis', 'Belmonte, Juan Carlos Izpisúa']","['left–right asymmetry', 'nodal', 'notch signaling', 'sonic hedgehog', 'pitx2', 'zebrafish']",63,"{'lsy-6': 0, 'che-1': 0}",0.0,"{'lsy-6': 0.0, 'che-1': 0.0}",0,"Left-sided expression of Nodal in the lateral plate mesoderm is a conserved feature necessary for the establishment of normal left–right asymmetry during vertebrate embryogenesis. By using gain- and loss-of-function experiments in zebrafish and mouse, we show that the activity of the Notch pathway is necessary and sufficient for Nodal expression around the node, and for proper left–right determination. We identify Notch-responsive elements in the Nodal promoter, and unveil a direct relationship between Notch activity and Nodal expression around the node. Our findings provide evidence for a mechanism involving Notch activity that translates an initial symmetry-breaking event into asymmetric gene expression."
2500172,18714353,The Silkworm (Bombyx mori) microRNAs and Their Expressions in Multiple Developmental Stages,2008,PLoS ONE,10.1371/journal.pone.0002997,"['Yu, Xiaomin', 'Zhou, Qing', 'Li, Sung-Chou', 'Luo, Qibin', 'Cai, Yimei', 'Lin, Wen-chang', 'Chen, Huan', 'Yang, Yue', 'Hu, Songnian', 'Yu, Jun', 'Hoheisel, Jörg']",[],60,"{'lsy-6': 0, 'che-1': 0}",0.0,"{'lsy-6': 0.0, 'che-1': 0.0}",3853,"MicroRNAs (miRNAs) play crucial roles in various physiological processes through post-transcriptional regulation of gene expressions and are involved in development, metabolism, and many other important molecular mechanisms and cellular processes. The Bombyx mori genome sequence provides opportunities for a thorough survey for miRNAs as well as comparative analyses with other sequenced insect species."
10776613,38195740,A full-body transcription factor expression atlas with completely resolved cell identities in C. elegans,2024,Nature Communications,10.1038/s41467-023-42677-6,"['Li, Yongbin', 'Chen, Siyu', 'Liu, Weihong', 'Zhao, Di', 'Gao, Yimeng', 'Hu, Shipeng', 'Liu, Hanyu', 'Li, Yuanyuan', 'Qu, Lei', 'Liu, Xiao']","['functional genomics', 'differentiation', 'transcriptomics', 'gene regulation', 'imaging']",6,"{'lsy-6': 0, 'che-1': 1}",0.25986341352069625,"{'lsy-6': 0.0, 'che-1': 8.200754469411185e-05}",12194,"Invariant cell lineage in C. elegans enables spatiotemporal resolution of transcriptional regulatory mechanisms controlling the fate of each cell. Here, we develop RAPCAT (Robust-point-matching- And Piecewise-affine-based Cell Annotation Tool) to automate cell identity assignment in three-dimensional image stacks of L1 larvae and profile reporter expression of 620 transcription factors in every cell. Transcription factor profile-based clustering analysis defines 80 cell types distinct from conventional phenotypic cell types and identifies three general phenotypic modalities related to these classifications. First, transcription factors are broadly downregulated in quiescent stage Hermaphrodite Specific Neurons, suggesting stage- and cell type-specific variation in transcriptome size. Second, transcription factor expression is more closely associated with morphology than other phenotypic modalities in different pre- and post-differentiation developmental stages. Finally, embryonic cell lineages can be associated with specific transcription factor expression patterns and functions that persist throughout postembryonic life. This study presents a comprehensive transcription factor atlas for investigation of intra-cell type heterogeneity."
3489285,18674914,C. elegans Anaplastic Lymphoma Kinase Ortholog SCD-2 Controls Dauer Formation by Modulating TGF-β Signaling,2008,Current biology : CB,10.1016/j.cub.2008.06.060,"['Reiner, David J.', 'Ailion, Michael', 'Thomas, James H.', 'Meyer, Barbara J.']",[],42,"{'lsy-6': 0, 'che-1': 0}",0.0,"{'lsy-6': 0.0, 'che-1': 0.0}",0,"Different environmental stimuli, including exposure to dauer pheromone, food deprivation, and high temperature, can induce C. elegans larvae to enter the dauer stage, a developmentally arrested diapause state. Although molecular and cellular pathways responsible for detecting dauer pheromone and temperature have been defined in part, other sensory inputs are poorly understood, as are the mechanisms by which these diverse sensory inputs are integrated to achieve a consistent developmental outcome."
10675840,37635352,Structure-function analysis of ceTIR-1/hSARM1 explains the lack of Wallerian axonal degeneration in C. elegans,2023,Cell reports,10.1016/j.celrep.2023.113026,"['Khazma, Tami', 'Grossman, Atira', 'Guez-Haddad, Julia', 'Feng, Chengye', 'Dabas, Hadas', 'Sain, Radhika', 'Weitman, Michal', 'Zalk, Ran', 'Isupov, Michail N.', 'Hammarlund, Marc', 'Hons, Michael', 'Opatowsky, Yarden']",[],4,"{'lsy-6': 0, 'che-1': 0}",0.0,"{'lsy-6': 0.0, 'che-1': 0.0}",9165,"Wallerian axonal degeneration (WD) does not occur in the nematode C. elegans, in contrast to other model animals. However, WD depends on the NADase activity of SARM1, a protein that is also expressed in C. elegans (ceSARM/ceTIR-1). We hypothesized that differences in SARM between species might exist and account for the divergence in WD. We first show that expression of the human (h)SARM1, but not ceTIR-1, in C. elegans neurons is sufficient to confer axon degeneration after nerve injury. Next, we determined the cryoelectron microscopy structure of ceTIR-1 and found that, unlike hSARM1, which exists as an auto-inhibited ring octamer, ceTIR-1 forms a readily active 9-mer. Enzymatically, the NADase activity of ceTIR-1 is substantially weaker (10-fold higher Km) than that of hSARM1, and even when fully active, it falls short of consuming all cellular NAD+. Our experiments provide insight into the molecular mechanisms and evolution of SARM orthologs and WD across species."
7981258,33268840,Molecular and evolutionary processes generating variation in gene expression,2020,Nature reviews. Genetics,10.1038/s41576-020-00304-w,"['Hill, Mark S.', 'Vande Zande, Pétra', 'Wittkopp, Patricia J.']","['gene regulatory network', 'transcription', 'evolution', 'mutation', 'cis-regulation', 'trans-regulation']",140,"{'lsy-6': 0, 'che-1': 0}",0.0,"{'lsy-6': 0.0, 'che-1': 0.0}",0,"Heritable variation in gene expression is common within and between species. This variation arises from mutations that alter the form or function of molecular gene regulatory networks that are then filtered by natural selection. High-throughput methods for introducing mutations and characterizing their cis- and trans-regulatory effects on gene expression (particularly, transcription) are revealing how different molecular mechanisms generate regulatory variation, while studies comparing these mutational effects to variation seen in the wild are teasing apart the role of neutral and non-neutral evolutionary processes. This integration of molecular and evolutionary biology allows us to understand how the variation in gene expression we see today came to be and to predict how it is most likely to evolve in the future."
6385892,29334121,The multipotency-to-commitment transition (MCT) in C. elegans: implications for reprogramming from cells to organs,2018,FEBS letters,10.1002/1873-3468.12977,"['Spickard, Erik A.', 'Joshi, Pradeep M.', 'Rothman, Joel H.']",[],7,"{'lsy-6': 0, 'che-1': 0}",0.0,"{'lsy-6': 0.0, 'che-1': 0.0}",0,"In animal embryos, cells transition from a multipotential state, with the capacity to adopt multiple fates, into an irreversible, committed state of differentiation. This multipotency-to-commitment transition (MCT) is evident from experiments in which cell fate is reprogrammed by transcription factors for cell-type-specific differentiation, as has been observed extensively in C. elegans. Although factors that direct differentiation into each of the three germ layer types cannot generally reprogram cells after the MCT in this animal, transcription factors for endoderm development are able to do so in multiple differentiated cell types. In one case, these factors can redirect the development of an entire organ in the process of “transorganogenesis.” Natural transdifferentiation also occurs in a small number of differentiated cells during normal C. elegans development. We review these reprogramming and transdifferentiation events, highlighting the cellular and developmental contexts in which they occur, and discuss common themes underlying direct cell lineage reprogramming. Although certain aspects may be unique to the model system, growing evidence suggests that some mechanisms are evolutionarily conserved and may shed light on cellular plasticity and disease in humans."
9035516,35480070,A Critical Review and Meta-Analysis of Impacts of Per- and Polyfluorinated Substances on the Brain and Behavior,2022,Frontiers in Toxicology,10.3389/ftox.2022.881584,"['Starnes, Hannah M.', 'Rock, Kylie D.', 'Jackson, Thomas W.', 'Belcher, Scott M.']","['behavior', 'blood-brain barrier', 'brain', 'development', 'fluorochemical', 'neurotoxicity', 'persistent', 'pfas']",39,"{'lsy-6': 0, 'che-1': 0}",0.0,"{'lsy-6': 0.0, 'che-1': 0.0}",16173,"Per- and polyfluoroalkyl substances (PFAS) are a class of structurally diverse synthetic organic chemicals that are chemically stable, resistant to degradation, and persistent in terrestrial and aquatic environments. Widespread use of PFAS in industrial processing and manufacturing over the last 70 years has led to global contamination of built and natural environments. The brain is a lipid rich and highly vascularized organ composed of long-lived neurons and glial cells that are especially vulnerable to the impacts of persistent and lipophilic toxicants. Generally, PFAS partition to protein-rich tissues of the body, primarily the liver and blood, but are also detected in the brains of humans, wildlife, and laboratory animals. Here we review factors impacting the absorption, distribution, and accumulation of PFAS in the brain, and currently available evidence for neurotoxic impacts defined by disruption of neurochemical, neurophysiological, and behavioral endpoints. Emphasis is placed on the neurotoxic potential of exposures during critical periods of development and in sensitive populations, and factors that may exacerbate neurotoxicity of PFAS. While limitations and inconsistencies across studies exist, the available body of evidence suggests that the neurobehavioral impacts of long-chain PFAS exposures during development are more pronounced than impacts resulting from exposure during adulthood. There is a paucity of experimental studies evaluating neurobehavioral and molecular mechanisms of short-chain PFAS, and even greater data gaps in the analysis of neurotoxicity for PFAS outside of the perfluoroalkyl acids. Whereas most experimental studies were focused on acute and subchronic impacts resulting from high dose exposures to a single PFAS congener, more realistic exposures for humans and wildlife are mixtures exposures that are relatively chronic and low dose in nature. Our evaluation of the available human epidemiological, experimental, and wildlife data also indicates heightened accumulation of perfluoroalkyl acids in the brain after environmental exposure, in comparison to the experimental studies. These findings highlight the need for additional experimental analysis of neurodevelopmental impacts of environmentally relevant concentrations and complex mixtures of PFAS."
1783402,17210915,Baf60c is a nuclear Notch signaling component required for the establishment of left–right asymmetry,2007,Proceedings of the National Academy of Sciences of the United States of America,10.1073/pnas.0608118104,"['Takeuchi, Jun K.', 'Lickert, Heiko', 'Bisgrove, Brent W.', 'Sun, Xin', 'Yamamoto, Masamichi', 'Chawengsaksophak, Kallayanee', 'Hamada, Hiroshi', 'Yost, H. Joseph', 'Rossant, Janet', 'Bruneau, Benoit G.']","['chromatin', 'swi/snf', 'node']",63,"{'lsy-6': 0, 'che-1': 0}",0.0,"{'lsy-6': 0.0, 'che-1': 0.0}",0,"Notch-mediated induction of Nodal at the vertebrate node is a critical step in initiating left–right (LR) asymmetry. In mice and zebrafish we show that Baf60c, a subunit of the Swi/Snf-like BAF chromatin remodeling complex, is essential for establishment of LR asymmetry. Baf60c knockdown mouse embryos fail to activate Nodal at the node and also have abnormal node morphology with mixing of crown and pit cells. In cell culture, Baf60c is required for Notch-dependent transcriptional activation and functions to stabilize interactions between activated Notch and its DNA-binding partner, RBP-J. Brg1 is also required for these processes, suggesting that BAF complexes are key components of nuclear Notch signaling. We propose a critical role for Baf60c in Notch-dependent transcription and LR asymmetry."
3529140,23201143,Early embryonic priming of a miRNA locus predetermines postmitotic neuronal left-right asymmetry in C. elegans,2012,Cell,10.1016/j.cell.2012.10.049,"['Cochella, Luisa', 'Hobert, Oliver']",[],48,"{'lsy-6': 4, 'che-1': 0}",0.0,"{'lsy-6': 0.0, 'che-1': 0.0}",0,"The mechanisms by which functional left/right asymmetry arises in morphologically symmetric nervous systems are poorly understood. Here we provide a mechanistic framework for how functional asymmetry in a postmitotic neuron pair is specified in C. elegans. A key feature of this mechanism is a temporally-separated, two-step activation of the lsy-6 miRNA locus. The lsy-6 locus is first “primed” by chromatin decompaction in the precursor for the left, but not the right neuron, several divisions before the neurons are born. lsy-6 expression is then “boosted” to functionally relevant levels several divisions later in the mother of the left neuron, through the activity of a bilaterally expressed transcription factor which can only activate lsy-6 in the primed neuron. This study shows how cells can become committed early in development to execute a specific fate much later in development and provides a conceptual framework for understanding the generation of neuronal diversity."
2478740,18511260,Stochastic neuronal cell fate choices,2008,Current opinion in neurobiology,10.1016/j.conb.2008.04.004,"['Johnston, Robert J.', 'Desplan, Claude']",[],17,"{'lsy-6': 0, 'che-1': 0}",0.0,"{'lsy-6': 0.0, 'che-1': 0.0}",0,"Though many neuronal cell fate decisions result in reproducible outcomes, stochastic choices often lead to spatial randomization of cell subtypes. This is often the case in sensory systems where expression of a specific sensory receptor gene is selected randomly from a set of possible outcomes. Here, we describe recent findings elucidating the mechanisms controlling color photoreceptor subtypes in flies and olfactory receptor subtypes in worms and mice. Although well-known biological concepts such as lateral signaling and promoter selection play roles in these cases, fundamental questions concerning these choice mechanisms remain."
4632850,26452528,Abstracts of the 29th Annual Symposium of The Protein Society,2015,Protein Science : A Publication of the Protein Society,10.1002/pro.2823,[],[],1,"{'lsy-6': 0, 'che-1': 0}",0.0,"{'lsy-6': 0.0, 'che-1': 0.0}",0,NA
2729318,18852696,Biological principles of microRNA-mediated regulation: shared themes amid diversity,2008,Nature reviews. Genetics,10.1038/nrg2455,"['Flynt, Alex S.', 'Lai, Eric C.']",[],436,"{'lsy-6': 0, 'che-1': 0}",0.0,"{'lsy-6': 0.0, 'che-1': 0.0}",0,"Regulation of gene activity by microRNAs is critical to myriad aspects of eukaryotic development and physiology. Amidst an extensive regulatory web that is predicted to involve thousands of transcripts, emergent themes are now beginning to illustrate how microRNAs have been incorporated into diverse settings. These include potent inhibition of individual key targets, fine-tuning of target activity, the coordinated regulation of target batteries, and the reversibility of some aspects of microRNA-mediated repression. Such themes may reflect some of the inherent advantages of exploiting microRNA control in biological circuits, and provide insight into the consequences of microRNA dysfunction in disease."
11842750,39979341,Calcium levels in ASER neurons determine behavioral valence by engaging distinct neuronal circuits in C. elegans,2025,Nature Communications,10.1038/s41467-025-57051-x,"['Xue, Weikang', 'Chen, Yuanhua', 'Lei, Ziyi', 'Wang, Yuanxia', 'Liu, Jiaze', 'Wen, Xin', 'Xu, Fang', 'Chen, Pu', 'Wu, Zhengxing', 'Jin, Youngnam N.', 'Yu, Yanxun V.']","['sensory processing', 'neural circuits']",1,"{'lsy-6': 0, 'che-1': 5}",1.1425506287577352,"{'lsy-6': 0.0, 'che-1': 0.00047678077619910363}",10487,"The valence of stimuli is shaped by various factors, including environmental cues, internal states, genetic variability, and past experience. However, the mechanisms behind this flexibility remain elusive. In the nematode C. elegans, we found that ethanol, an olfactory stimulus, can elicit opposite chemotaxis responses – attraction vs. aversion – depending on NaCl concentration, demonstrating the role of environmental factors in altering valence. Remarkably, a single chemosensory neuron, ASER, orchestrate this bidirectional ethanol chemotaxis by integrating information from both stimuli – ethanol and NaCl – into its neuronal activity dynamics. Specifically, different calcium dynamics in the ASER neuron differentially activate the signaling molecule CMK-1, thereby engaging different downstream interneurons and leading to opposite chemotaxis directions. Consistently, optogenetic manipulations of the ASER neuron reverse the chemotaxis directions, by altering its calcium dynamics. Our findings reveal a mechanism by which a single neuron integrates multisensory inputs to determine context-dependent behavioral valence, contributing to our current understanding of valence encoding."
6080608,30026344,The actin cortex at a glance,2018,Journal of Cell Science,10.1242/jcs.186254,"['Chugh, Priyamvada', 'Paluch, Ewa K.']","['actin', 'cell shape', 'cellular cortex', 'contractility', 'mechanics']",201,"{'lsy-6': 0, 'che-1': 0}",0.0,"{'lsy-6': 0.0, 'che-1': 0.0}",2179,"Precisely controlled cell deformations are key to cell migration, division and tissue morphogenesis, and have been implicated in cell differentiation during development, as well as cancer progression. In animal cells, shape changes are primarily driven by the cellular cortex, a thin actomyosin network that lies directly underneath the plasma membrane. Myosin-generated forces create tension in the cortical network, and gradients in tension lead to cellular deformations. Recent studies have provided important insight into the molecular control of cortical tension by progressively unveiling cortex composition and organization. In this Cell Science at a Glance article and the accompanying poster, we review our current understanding of cortex composition and architecture. We then discuss how the microscopic properties of the cortex control cortical tension. While many open questions remain, it is now clear that cortical tension can be modulated through both cortex composition and organization, providing multiple levels of regulation for this key cellular property during cell and tissue morphogenesis."
9126393,35604893,PRC1 chromatin factors strengthen the consistency of neuronal cell fate specification and maintenance in C. elegans,2022,PLoS Genetics,10.1371/journal.pgen.1010209,"['Bordet, Guillaume', 'Couillault, Carole', 'Soulavie, Fabien', 'Filippopoulou, Konstantina', 'Bertrand, Vincent', 'Kratsios, Paschalis']",[],5,"{'lsy-6': 0, 'che-1': 1}",0.32497624846960377,"{'lsy-6': 0.0, 'che-1': 0.0001292824822236587}",7735,"In the nervous system, the specific identity of a neuron is established and maintained by terminal selector transcription factors that directly activate large batteries of terminal differentiation genes and positively regulate their own expression via feedback loops. However, how this is achieved in a reliable manner despite noise in gene expression, genetic variability or environmental perturbations remains poorly understood. We addressed this question using the AIY cholinergic interneurons of C. elegans, whose specification and differentiation network is well characterized. Via a genetic screen, we found that a loss of function of PRC1 chromatin factors induces a stochastic loss of AIY differentiated state in a small proportion of the population. PRC1 factors act directly in the AIY neuron and independently of PRC2 factors. By quantifying mRNA and protein levels of terminal selector transcription factors in single neurons, using smFISH and CRISPR tagging, we observed that, in PRC1 mutants, terminal selector expression is still initiated during embryonic development but the level is reduced, and expression is subsequently lost in a stochastic manner during maintenance phase in part of the population. We also observed variability in the level of expression of terminal selectors in wild type animals and, using correlation analysis, established that this noise comes from both intrinsic and extrinsic sources. Finally, we found that PRC1 factors increase the resistance of AIY neuron fate to environmental stress, and also secure the terminal differentiation of other neuron types. We propose that PRC1 factors contribute to the consistency of neuronal cell fate specification and maintenance by protecting neurons against noise and perturbations in their differentiation program."
4736825,26791244,Keeping a lid on nodal: transcriptional and translational repression of nodal signalling,2016,Open Biology,10.1098/rsob.150200,"['Sampath, Karuna', 'Robertson, Elizabeth J.']","['nodal signalling', 'transcription', 'translation', 'localization', 'repression', 'development']",10,"{'lsy-6': 0, 'che-1': 0}",0.0,"{'lsy-6': 0.0, 'che-1': 0.0}",3255,"Nodal is an evolutionarily conserved member of the transforming growth factor-β (TGF-β) superfamily of secreted signalling factors. Nodal factors are known to play key roles in embryonic development and asymmetry in a variety of organisms ranging from hydra and sea urchins to fish, mice and humans. In addition to embryonic patterning, Nodal signalling is required for maintenance of human embryonic stem cell pluripotency and mis-regulated Nodal signalling has been found associated with tumour metastases. Therefore, precise and timely regulation of this pathway is essential. Here, we discuss recent evidence from sea urchins, frogs, fish, mice and humans that show a role for transcriptional and translational repression of Nodal signalling during early development."
3143565,21771813,Microtubule-based localization of a synaptic calcium-signaling complex is required for left-right neuronal asymmetry in C. elegans,2011,"Development (Cambridge, England)",10.1242/dev.069740,"['Chang, Chieh', 'Hsieh, Yi-Wen', 'Lesch, Bluma J.', 'Bargmann, Cornelia I.', 'Chuang, Chiou-Fen']","['c. elegans', 'microtubules', 'olfactory development', 'left-right asymmetry', 'calcium signaling']",31,"{'lsy-6': 0, 'che-1': 0}",0.0,"{'lsy-6': 0.0, 'che-1': 0.0}",0,"The axons of C. elegans left and right AWC olfactory neurons communicate at synapses through a calcium-signaling complex to regulate stochastic asymmetric cell identities called AWCON and AWCOFF. However, it is not known how the calcium-signaling complex, which consists of UNC-43/CaMKII, TIR-1/SARM adaptor protein and NSY-1/ASK1 MAPKKK, is localized to postsynaptic sites in the AWC axons for this lateral interaction. Here, we show that microtubule-based localization of the TIR-1 signaling complex to the synapses regulates AWC asymmetry. Similar to unc-43, tir-1 and nsy-1 loss-of-function mutants, specific disruption of microtubules in AWC by nocodazole generates two AWCON neurons. Reduced localization of UNC-43, TIR-1 and NSY-1 proteins in the AWC axons strongly correlates with the 2AWCON phenotype in nocodazole-treated animals. We identified kinesin motor unc-104/kif1a mutants for enhancement of the 2AWCON phenotype of a hypomorphic tir-1 mutant. Mutations in unc-104, like microtubule depolymerization, lead to a reduced level of UNC-43, TIR-1 and NSY-1 proteins in the AWC axons. In addition, dynamic transport of TIR-1 in the AWC axons is dependent on unc-104, the primary motor required for the transport of presynaptic vesicles. Furthermore, unc-104 acts non-cell autonomously in the AWCON neuron to regulate the AWCOFF identity. Together, these results suggest a model in which UNC-104 may transport some unknown presynaptic factor(s) in the future AWCON cell that non-cell autonomously control the trafficking of the TIR-1 signaling complex to postsynaptic regions of the AWC axons to regulate the AWCOFF identity."
6778823,,Abstracts from the 51st European Society of Human Genetics Conference: Posters,2019,European Journal of Human Genetics,10.1038/s41431-019-0404-7,[],[],0,"{'lsy-6': 0, 'che-1': 0}",0.0,"{'lsy-6': 0.0, 'che-1': 0.0}",0,NA
11537831,39378880,Dopey-dependent regulation of extracellular vesicles maintains neuronal morphology,2024,Current biology : CB,10.1016/j.cub.2024.09.018,"['Park, Seungmee', 'Noblett, Nathaniel', 'Pitts, Lauren', 'Colavita, Antonio', 'Wehman, Ann M.', 'Jin, Yishi', 'Chisholm, Andrew D.']","['neuronal maintenance', 'endosomal trafficking', 'tat-5 flippase', 'dip-2 lipid regulator', 'sax-2/fry', 'pad-1/dopey']",2,"{'lsy-6': 0, 'che-1': 0}",0.0,"{'lsy-6': 0.0, 'che-1': 0.0}",0,"Mature neurons maintain their distinctive morphology for extended periods in adult life. Compared to developmental neurite outgrowth, axon guidance, and target selection, relatively little is known of mechanisms that maintain morphology of mature neurons. Loss of function in C. elegans dip-2, a member of the conserved lipid metabolic regulator Dip2 family, results in progressive overgrowth of neurites in adults. We find that dip-2 mutants display specific genetic interactions with sax-2, the C. elegans ortholog of Drosophila Furry and mammalian FRY. Combined loss of dip-2 and sax-2 results in failure to maintain neuronal morphology and elevated release of neuronal extracellular vesicles (EVs). By screening for suppressors of dip-2(0) sax-2(0) double mutant defects we identified gain-of-function (gf) mutations in the conserved Dopey family protein PAD-1 and its associated phospholipid flippase TAT-5/ATP9A that restore normal neuronal morphology and normal levels of EV release to dip-2(0) sax-2(0) double mutants. Neuron-specific knockdown suggests PAD-1(gf) can act cell autonomously in neurons. PAD-1(gf) displays increased association with the plasma membrane in oocytes and inhibits EV release in multiple cell types. Our findings uncover a novel functional network of DIP-2, SAX-2, PAD-1, and TAT-5 that maintains neuron morphology and modulates EV release."
2827681,20147373,Making a difference together: reciprocal interactions in C. elegans and zebrafish asymmetric neural development,2010,"Development (Cambridge, England)",10.1242/dev.038695,"['Taylor, Robert W.', 'Hsieh, Yi-Wen', 'Gamse, Joshua T.', 'Chuang, Chiou-Fen']","['c. elegans', 'left-right asymmetry', 'zebrafish']",25,"{'lsy-6': 0, 'che-1': 0}",0.0,"{'lsy-6': 0.0, 'che-1': 0.0}",0,"Brain asymmetries are thought to increase neural processing capacity and to prevent interhemispheric conflict. In order to develop asymmetrically, neurons must be specified along the left-right axis, assigned left-side versus right-side identities and differentiate appropriately. In C. elegans and zebrafish, the cellular and molecular mechanisms that lead to neural asymmetries have recently come to light. Here, we consider recent insights into the mechanisms involved in asymmetrical neural development in these two species. Although the molecular details are divergent, both organisms use iterative cell-cell communication to establish left-right neuronal identity."
3539368,23166403,Embryo manipulation via assisted reproductive technology and epigenetic asymmetry in mammalian early development,2013,Philosophical Transactions of the Royal Society B: Biological Sciences,10.1098/rstb.2012.0353,"['Kohda, Takashi', 'Ishino, Fumitoshi']","['assisted reproductive technology', 'intracytoplasmic sperm injection', 'epigenetic asymmetry', 'genomic imprinting', 'x chromosome inactivation', 'zygotic gene activation']",9,"{'lsy-6': 0, 'che-1': 0}",0.0,"{'lsy-6': 0.0, 'che-1': 0.0}",4920,"The early stage of mammalian development from fertilization to implantation is a period when global and differential changes in the epigenetic landscape occur in paternally and maternally derived genomes, respectively. The sperm and egg DNA methylation profiles are very different from each other, and just after fertilization, only the paternally derived genome is subjected to genome-wide hydroxylation of 5-methylcytosine, resulting in an epigenetic asymmetry in parentally derived genomes. Although most of these differences are not present by the blastocyst stage, presumably due to passive demethylation, the maintenance of genomic imprinting memory and X chromosome inactivation in this stage are of critical importance for post-implantation development. Zygotic gene activation from paternally or maternally derived genomes also starts around the two-cell stage, presumably in a different manner in each of them. It is during this period that embryo manipulation, including assisted reproductive technology, is normally performed; so it is critically important to determine whether embryo manipulation procedures increase developmental risks by disturbing subsequent gene expression during the embryonic and/or neonatal development stages. In this review, we discuss the effects of various embryo manipulation procedures applied at the fertilization stage in relation to the epigenetic asymmetry in pre-implantation development. In particular, we focus on the effects of intracytoplasmic sperm injection that can result in long-lasting transcriptome disturbances, at least in mice."
2718739,16631157,Single-cell mapping of neural and glial gene expression in the developing Drosophila CNS midline cells,2006,Developmental biology,10.1016/j.ydbio.2006.03.016,"['Wheeler, Scott R.', 'Kearney, Joseph B.', 'Guardiola, Amaris R.', 'Crews, Stephen T.']","['cns', 'drosophila', 'glia', 'mesectoderm', 'midline cells', 'neurogenesis', 'neurons']",44,"{'lsy-6': 0, 'che-1': 0}",0.0,"{'lsy-6': 0.0, 'che-1': 0.0}",0,"Understanding the generation of neuronal and glial diversity is one of the major goals of developmental neuroscience. The Drosophila CNS midline cells constitute a simple neurogenomic system to study neurogenesis, cell fate acquisition, and neuronal function. Previously, we identified and determined the developmental expression profiles of 224 midline-expressed genes. Here, the expression of 59 transcription factors, signaling proteins, and neural function genes was analyzed using multi-label confocal imaging, and their expression patterns mapped at the single-cell level at multiple stages of CNS development. These maps uniquely identify individual cells and predict potential regulatory events and combinatorial protein interactions that may occur in each midline cell type during their development. Analysis of neural function genes, including those encoding peptide neurotransmitters, neurotransmitter biosynthetic enzymes, transporters, and neurotransmitter receptors, allows functional characterization of each neuronal cell type. This work is essential for a comprehensive genetic analysis of midline cell development that will likely have widespread significance given the high degree of evolutionary conservation of the genes analyzed."
3448937,22500616,Do Proteomics Analyses Provide Insights into Reduced Oxidative Stress in the Brain of an Alzheimer Disease Transgenic Mouse Model with an M631L Amyloid Precursor Protein Substitution and Thereby the Importance of Amyloid-Beta-Resident Methionine 35 in Alzheimer Disease Pathogenesis?,2012,Antioxidants & Redox Signaling,10.1089/ars.2011.4470,"['Sultana, Rukhsana', 'Robinson, Renã A. S.', 'Bader Lange, Miranda', 'Fiorini, Ada', 'Galvan, Veronica', 'Fombonne, Joanna', 'Baker, Austin', 'Gorostiza, Olivia', 'Zhang, Junli', 'Cai, Jian', 'Pierce, William M.', 'Bredesen, Dale E.', 'Butterfield, D. Allan']",[],9,"{'lsy-6': 0, 'che-1': 0}",0.0,"{'lsy-6': 0.0, 'che-1': 0.0}",0,"The single methionine (Met/M) residue of amyloid-beta (Aβ) peptide, at position 35 of the 42-mer, has important relevance for Aβ-induced oxidative stress and neurotoxicity. Recent in vivo brain studies in a transgenic (Tg) Alzheimer disease (AD) mouse model with Swedish and Indiana familial AD mutations in human amyloid precursor protein (APP) (referred to as the J20 Tg mouse) demonstrated increased levels of oxidative stress. However, the substitution of the Met631 residue of APP to leucine (Leu/L) (M631L in human APP numbering, referred to as M631L Tg and corresponding to residue 35 of Aβ1–42) resulted in no significant in vivo oxidative stress levels, thereby supporting the hypothesis that Met-35 of Aβ contributes to oxidative insult in the AD brain. It is conceivable that oxidative stress mediated by Met-35 of Aβ is important in regulating numerous downstream effects, leading to differential levels of relevant biochemical pathways in AD. Therefore, in the current study using proteomics, we tested the hypothesis that several brain proteins involved in pathways such as energy and metabolism, antioxidant activity, proteasome degradation, and pH regulation are altered in J20Tg versus M631L Tg AD mice. Antioxid. Redox Signal. 17, 1507–1514."
4082684,24908490,"Dynamic encoding of perception, memory and movement in a C. elegans chemotaxis circuit",2014,Neuron,10.1016/j.neuron.2014.05.010,"['Luo, Linjiao', 'Wen, Quan', 'Ren, Jing', 'Hendricks, Michael', 'Gershow, Marc', 'Qin, Yuqi', 'Greenwood, Joel', 'Soucy, Ed', 'Klein, Mason', 'Smith-Parker, Heidi K.', 'Calvo, Ana C.', 'Colón-Ramos, Daniel A.', 'Samuel, Aravinthan', 'Zhang, Yun']",[],82,"{'lsy-6': 0, 'che-1': 0}",0.0,"{'lsy-6': 0.0, 'che-1': 0.0}",0,"Brain circuits endow behavioral flexibility. Here, we study circuits encoding flexible chemotaxis in C. elegans, where the animal navigates up or down NaCl gradients (positive or negative chemotaxis) to reach the salt concentration of previous growth (the setpoint). The ASER sensory neuron mediates positive and negative chemotaxis by regulating the frequency and direction of reorientation movements in response to salt gradients. Both salt gradients and setpoint memory are encoded in ASER temporal activity patterns. Distinct temporal activity patterns in interneurons immediately downstream of ASER encode chemotactic movement decisions. Different interneuron combinations regulate positive vs. negative chemotaxis. We conclude that sensorimotor pathways are segregated immediately after the primary sensory neuron in the chemotaxis circuit, and sensory representation is rapidly transformed to motor representation at the first interneuron layer. Our study reveals compact encoding of perception, memory, and locomotion in an experience-dependent navigational behavior in C. elegans."
4251826,25460353,Epidermal Growth Factor Signalling Controls Myosin II Planar Polarity to Orchestrate Convergent Extension Movements during Drosophila Tubulogenesis,2014,PLoS Biology,10.1371/journal.pbio.1002013,"['Saxena, Aditya', 'Denholm, Barry', 'Bunt, Stephanie', 'Bischoff, Marcus', 'VijayRaghavan, Krishnaswamy', 'Skaer, Helen', 'Basto, Renata']",[],31,"{'lsy-6': 0, 'che-1': 0}",0.0,"{'lsy-6': 0.0, 'che-1': 0.0}",10225,"A study in fruit flies shows that during the elongation of embryonic renal tubules, graded signalling provides axial information for polarized myosin pulses that shorten cells circumferentially, driving intercalation of the cells and elongation of the tubule."
10913830,38596701,Establishing neuronal polarity: microtubule regulation during neurite initiation,2022,Oxford Open Neuroscience,10.1093/oons/kvac007,"['Higgs, Victoria E', 'Das, Raman M']",[],4,"{'lsy-6': 0, 'che-1': 0}",0.0,"{'lsy-6': 0.0, 'che-1': 0.0}",7342,"The initiation of nascent projections, or neurites, from the neuronal cell body is the first stage in the formation of axons and dendrites, and thus a critical step in the establishment of neuronal architecture and nervous system development. Neurite formation relies on the polarized remodelling of microtubules, which dynamically direct and reinforce cell shape, and provide tracks for cargo transport and force generation. Within neurons, microtubule behaviour and structure are tightly controlled by an array of regulatory factors. Although microtubule regulation in the later stages of axon development is relatively well understood, how microtubules are regulated during neurite initiation is rarely examined. Here, we discuss how factors that direct microtubule growth, remodelling, stability and positioning influence neurite formation. In addition, we consider microtubule organization by the centrosome and modulation by the actin and intermediate filament networks to provide an up-to-date picture of this vital stage in neuronal development."
2648543,19204120,Protein Phosphatase 4 mediates localization of the Miranda complex during Drosophila neuroblast asymmetric divisions,2009,Genes & Development,10.1101/gad.1723609,"['Sousa-Nunes, Rita', 'Chia, William', 'Somers, W. Greg']","['neuroblast', 'asymmetric division', 'pp4', 'falafel']",41,"{'lsy-6': 0, 'che-1': 0}",0.0,"{'lsy-6': 0.0, 'che-1': 0.0}",0,"Asymmetric localization of cell fate determinants is a crucial step in neuroblast asymmetric divisions. Whereas several protein kinases have been shown to mediate this process, no protein phosphatase has so far been implicated. In a clonal screen of larval neuroblasts we identified the evolutionarily conserved Protein Phosphatase 4 (PP4) regulatory subunit PP4R3/Falafel (Flfl) as a key mediator specific for the localization of Miranda (Mira) and associated cell fate determinants during both interphase and mitosis. Flfl is predominantly nuclear during interphase/prophase and cytoplasmic after nuclear envelope breakdown. Analyses of nuclear excluded as well as membrane targeted versions of the protein suggest that the asymmetric cortical localization of Mira and its associated proteins during mitosis depends on cytoplasmic/membrane-associated Flfl, whereas nuclear Flfl is required to exclude the cell fate determinant Prospero (Pros), and consequently Mira, from the nucleus during interphase/prophase. Attenuating the function of either the catalytic subunit of PP4 (PP4C; Pp4-19C in Drosophila) or of another regulatory subunit, PP4R2 (PPP4R2r in Drosophila), leads to similar defects in the localization of Mira and associated proteins. Flfl is capable of directly interacting with Mira, and genetic analyses indicate that flfl acts in parallel to or downstream from the tumor suppressor lethal (2) giant larvae (lgl). Our findings suggest that Flfl may target PP4 to the MIra protein complex to facilitate dephosphorylation step(s) crucial for its cortical association/asymmetric localization."
5852647,29449323,Structural basis of siRNA recognition by TRBP double‐stranded RNA binding domains,2018,The EMBO Journal,10.15252/embj.201797089,"['Masliah, Gregoire', 'Maris, Christophe', 'König, Sebastian LB', 'Yulikov, Maxim', 'Aeschimann, Florian', 'Malinowska, Anna L', 'Mabille, Julie', 'Weiler, Jan', 'Holla, Andrea', 'Hunziker, Juerg', 'Meisner‐Kober, Nicole', 'Schuler, Benjamin', 'Jeschke, Gunnar', 'Allain, Frederic H‐T']","['dicer', 'nmr', 'single‐molecule fret', 'sirna', 'trbp', 'rna biology', 'structural biology']",29,"{'lsy-6': 0, 'che-1': 0}",0.0,"{'lsy-6': 0.0, 'che-1': 0.0}",8376,"The accurate cleavage of pre‐micro(mi)RNAs by Dicer and mi/siRNA guide strand selection are important steps in forming the RNA‐induced silencing complex (RISC). The role of Dicer binding partner TRBP in these processes remains poorly understood. Here, we solved the solution structure of the two N‐terminal dsRNA binding domains (dsRBDs) of TRBP in complex with a functionally asymmetric siRNA using NMR, EPR, and single‐molecule spectroscopy. We find that siRNA recognition by the dsRBDs is not sequence‐specific but rather depends on the RNA shape. The two dsRBDs can swap their binding sites, giving rise to two equally populated, pseudo‐symmetrical complexes, showing that TRBP is not a primary sensor of siRNA asymmetry. Using our structure to model a Dicer‐TRBP‐siRNA ternary complex, we show that TRBP\'s dsRBDs and Dicer\'s RNase III domains bind a canonical 19 base pair siRNA on opposite sides, supporting a mechanism whereby TRBP influences Dicer‐mediated cleavage accuracy by binding the dsRNA region of the pre‐miRNA during Dicer cleavage."
3593927,20072941,Novel functions for small RNA molecules,2009,Current opinion in molecular therapeutics,,"['Zhang, Chunxiang']","['biomarker', 'cell biology', 'disease', 'microrna', 'small rna', 'therapy']",59,"{'lsy-6': 0, 'che-1': 0}",0.0,"{'lsy-6': 0.0, 'che-1': 0.0}",0,"Small RNAs are short (~ 18 to 30 nucleotides), non-coding RNA molecules that can regulate gene expression in both the cytoplasm and the nucleus via post-transcriptional gene silencing (PTGS), chromatin-dependent gene silencing (CDGS) or RNA activation (RNAa). Three classes of small RNAs have been defined, including microRNAs (miRNAs), siRNAs and Piwi-interacting RNAs (piRNAs). Research has indicated that small RNAs play important roles in cellular processes such as cell differentiation, growth/proliferation, migration, apoptosis/death, metabolism and defense. Accordingly, small RNAs are critical regulators of normal development and physiology. More interestingly, increasing evidence indicates that small RNAs are involved in the pathogenesis of diverse diseases including cancer, cardiovascular disease, stroke, neurodegenerative disease, diabetes, liver disease, kidney disease and infectious disease. More than 20 clinical trials are ongoing to evaluate therapies based on small RNA. Additionally, small RNAs may serve as novel biomarkers and therapeutic targets for the majority of diseases."
12280961,40638090,Glycogen supports glycolytic plasticity in neurons,2025,Proceedings of the National Academy of Sciences of the United States of America,10.1073/pnas.2509003122,"['Singh, Milind', 'Wolfe, Aaron D.', 'Vishwanath, Anjali A.', 'Tsives, Anastasia', 'Gonzalez, Ian J.', 'Emerson, Sarah E.', 'Goodman, Richard', 'Colón-Ramos, Daniel']","['neuronal metabolism', 'glycogen utilization', 'c. elegans', 'glycolytic biosensor', 'glycolytic plasticity']",1,"{'lsy-6': 0, 'che-1': 0}",0.0,"{'lsy-6': 0.0, 'che-1': 0.0}",0,"It has long been assumed that glycogen in the brain is primarily a glial energy reserve, with limited direct relevance to neurons. Yet, recent studies have demonstrated a role for glycogen in neuronal function. Here, we extend these findings, demonstrating that neurons directly metabolize glycogen to support glycolysis in vivo. Using a metabolic biosensor in Caenorhabditis elegans, we uncover a neuron-intrinsic, glycogen-dependent glycolytic plasticity that is specifically activated during hypoxia and mitochondrial dysfunction. This direct neuronal use of glycogen is essential for sustaining synaptic function, revealing an unexpected and critical role for glycogen in neuronal energy metabolism."
11328493,39148065,Intricate response dynamics enhances stimulus discrimination in the resource-limited C. elegans chemosensory system,2024,BMC Biology,10.1186/s12915-024-01977-z,"['Bokman, Eduard', 'Pritz, Christian O.', 'Ruach, Rotem', 'Itskovits, Eyal', 'Sharvit, Hadar', 'Zaslaver, Alon']","['caenorhabditis elegans', 'sensory system', 'neuronal dynamics', 'stimulus identification', 'neuronal communication']",1,"{'lsy-6': 0, 'che-1': 0}",0.0,"{'lsy-6': 0.0, 'che-1': 0.0}",0,"Sensory systems evolved intricate designs to accurately encode perplexing environments. However, this encoding task may become particularly challenging for animals harboring a small number of sensory neurons. Here, we studied how the compact resource-limited chemosensory system of Caenorhabditis elegans uniquely encodes a range of chemical stimuli."
7019250,31940879,The Erythrocytic Hypothesis of Brain Energy Crisis in Sporadic Alzheimer Disease: Possible Consequences and Supporting Evidence,2020,Journal of Clinical Medicine,10.3390/jcm9010206,"['Kosenko, Elena', 'Tikhonova, Lyudmila', 'Alilova, Gubidat', 'Urios, Amparo', 'Montoliu, Carmina']","['alzheimer’s disease', 'amyloid β peptides', 'brain energy crisis', 'erythrocytic hypothesis', 'red blood cells', 'restoration of energy metabolism']",10,"{'lsy-6': 0, 'che-1': 0}",0.0,"{'lsy-6': 0.0, 'che-1': 0.0}",0,Alzheimer’s disease (AD) is a fatal form of dementia of unknown etiology. Although amyloid plaque accumulation in the brain has been the subject of intensive research in disease pathogenesis and anti-amyloid drug development; the continued failures of the clinical trials suggest that amyloids are not a key cause of AD and new approaches to AD investigation and treatment are needed. We propose a new hypothesis of AD development based on metabolic abnormalities in circulating red blood cells (RBCs) that slow down oxygen release from RBCs into brain tissue which in turn leads to hypoxia-induced brain energy crisis; loss of neurons; and progressive atrophy preceding cognitive dysfunction. This review summarizes current evidence for the erythrocytic hypothesis of AD development and provides new insights into the causes of neurodegeneration offering an innovative way to diagnose and treat this systemic disease.
7923233,33669864,How Does Protein Nutrition Affect the Epigenetic Changes in Pig? A Review,2021,Animals : an Open Access Journal from MDPI,10.3390/ani11020544,"['Marín-García, Pablo Jesús', 'Llobat, Lola']","['amino acids', 'epigenetic changes', 'lysine', 'methyl group donors', 'methionine', 'ideal protein', 'precision nutrition', 'pig']",10,"{'lsy-6': 0, 'che-1': 0}",0.0,"{'lsy-6': 0.0, 'che-1': 0.0}",0,"Epigenetic mechanisms regulate gene expression and depend of nutrition. In farm animals, and concretely, in pigs, some papers on protein nutrition have been realized to improve several productive traits. Changes in protein diet influence on epigenetic mechanisms that could affect productive and reproductive traits in individuals and their offspring. The purpose of this review was to update the current knowledge about the effects of these nutritional changes on epigenetic mechanisms in pigs."
4065219,24478264,Asymmetric neural development in the C. elegans olfactory system,2014,"Genesis (New York, N.Y. : 2000)",10.1002/dvg.22744,"['Hsieh, Yi-Wen', 'Alqadah, Amel', 'Chuang, Chiou-Fen']","['awc neurons', 'left-right asymmetry', 'stochasticity', 'gap junctions', 'calcium signaling', 'nematode']",22,"{'lsy-6': 0, 'che-1': 0}",0.0,"{'lsy-6': 0.0, 'che-1': 0.0}",0,"Asymmetries in the nervous system have been observed throughout the animal kingdom. Deviations of brain asymmetries are associated with a variety of neurodevelopmental disorders; however, there has been limited progress in determining how normal asymmetry is established in vertebrates. In the C. elegans chemosensory system, two pairs of morphologically symmetrical neurons exhibit molecular and functional asymmetries. This review focuses on the development of antisymmetry of the pair of AWC olfactory neurons, from transcriptional regulation of general cell identity, establishment of asymmetry through neural network formation and calcium signaling, to the maintenance of asymmetry throughout the life of the animal. Many of the factors that are involved in AWC development have homologs in vertebrates, which may potentially function in the development of vertebrate brain asymmetry."
1876664,16776589,Organelles and Trafficking Machinery for Postsynaptic Plasticity,2006,Annual review of neuroscience,10.1146/annurev.neuro.29.051605.112808,"['Kennedy, Matthew J.', 'Ehlers, Michael D.']","['synapse', 'dendrite', 'spine', 'secretory pathway', 'golgi', 'endocytosis', 'membrane trafficking']",170,"{'lsy-6': 0, 'che-1': 0}",0.0,"{'lsy-6': 0.0, 'che-1': 0.0}",0,"Neurons are among the largest and most complex cells in the body. Their immense size and intricate geometry pose many unique cell-biological problems. How is dendritic architecture established and maintained? How do neurons traffic newly synthesized integral membrane proteins over such long distances to synapses? Functionally, protein trafficking to and from the postsynaptic membrane has emerged as a key mechanism underlying various forms of synaptic plasticity. Which organelles are involved in postsynaptic trafficking, and how do they integrate and respond to activity at individual synapses? Here we review what is currently known about long-range trafficking of newly synthesized postsynaptic proteins as well as the local rules that govern postsynaptic trafficking at individual synapses."
311019,11157785,Low-Complexity Regions in Plasmodium falciparum Proteins,2001,Genome Research,10.1101/gr.152201,"['Pizzi, Elisabetta', 'Frontali, Clara']",[],49,"{'lsy-6': 0, 'che-1': 0}",0.0,"{'lsy-6': 0.0, 'che-1': 0.0}",0,"Full-sequence data available for Plasmodium falciparum chromosomes 2 and 3 are exploited to perform a statistical analysis of the long tracts of biased amino acid composition that characterize the vast majority of P. falciparum proteins and to make a comparison with similarly defined tracts from other simple eukaryotes. When the relatively minor subset of prevalently hydrophobic segments is discarded from the set of low-complexity segments identified by current segmentation methods in P. falciparum proteins, a good correspondence is found between prevalently hydrophilic low-complexity segments and the species-specific, rapidly diverging insertions detected by multiple-alignment procedures when sequences of bona fide homologs are available. Amino acid preferences are fairly uniform in the set of hydrophilic low-complexity segments identified in the two P. falciparum chromosomes sequenced, as well as in sequenced genes from Plasmodium berghei, but differ from those observed in Saccharomyces cerevisiae and Dictyostelium discoideum. In the two plasmodial species, amino acid frequencies do not correlate with properties such as hydrophilicity, small volume, or flexibility, which might be expected to characterize residues involved in nonglobular domains but do correlate with A-richness in codons. An effect of phenotypic selection versus neutral drift, however, is suggested by the predominance of asparagine over lysine."
6133548,30117807,Ordered arrangement of dendrites within a C. elegans sensory nerve bundle,2018,eLife,10.7554/eLife.35825.020,"['Yip, Zhiqi Candice', 'Heiman, Maxwell G', 'Hobert, Oliver', 'Stainier, Didier YR', 'Hobert, Oliver']","['neural development', 'self-organization', 'dendrites', 'fasciculation', 'cell adhesion', 'c. elegans']",12,"{'lsy-6': 0, 'che-1': 0}",0.0,"{'lsy-6': 0.0, 'che-1': 0.0}",12086,"Biological systems are organized into well-ordered structures and can evolve new patterns when perturbed. To identify principles underlying biological order, we turned to C. elegans for its simple anatomy and powerful genetics. We developed a method to quantify the arrangement of three dendrites in the main sensory nerve bundle, and found that they exhibit a stereotyped arrangement throughout larval growth. Dendrite order does not require prominent features including sensory cilia and glial junctions. In contrast, loss of the cell adhesion molecule (CAM) CDH-4/Fat-like cadherin causes dendrites to be ordered randomly, despite remaining bundled. Loss of the CAMs PTP-3/LAR or SAX-7/L1CAM causes dendrites to adopt an altered order, which becomes increasingly random as animals grow. Misexpression of SAX-7 leads to subtle but reproducible changes in dendrite order. Our results suggest that combinations of CAMs allow dendrites to self-organize into a stereotyped arrangement and can produce altered patterns when perturbed."
2929308,20561690,Serotonin: a regulator of neuronal morphology and circuitry,2010,Trends in neurosciences,10.1016/j.tins.2010.05.005,"['Daubert, Elizabeth A.', 'Condron, Barry G.']",[],116,"{'lsy-6': 0, 'che-1': 0}",0.0,"{'lsy-6': 0.0, 'che-1': 0.0}",0,"Serotonin is an important neuromodulator associated with a wide range of physiological effects in the central nervous system. The exact mechanisms for how serotonin influences brain development are not well understood, although studies in invertebrate and vertebrate model organisms are beginning to unravel a regulatory role for serotonin in neuronal morphology and circuit formation. Recent data suggests a developmental window during which altered serotonin levels permanently impact circuitry, however, the temporal constraints and molecular mechanisms responsible are still under investigation. Growing evidence suggests that alterations in early serotonin signaling contribute to a number of neurodevelopmental and neuropsychiatric disorders. Thus, understanding how altered serotonin signaling affects neuronal morphology and plasticity, and ultimately animal physiology and pathophysiology, will be of great significance."
2975280,20823339,Insights Into Species Divergence and the Evolution of Hermaphroditism From Fertile Interspecies Hybrids of Caenorhabditis Nematodes,2010,Genetics,10.1534/genetics.110.120550,"['Woodruff, Gavin C.', 'Eke, Onyinyechi', 'Baird, Scott E.', 'Félix, Marie-Anne', 'Haag, Eric S.']",[],77,"{'lsy-6': 0, 'che-1': 0}",0.0,"{'lsy-6': 0.0, 'che-1': 0.0}",0,"The architecture of both phenotypic variation and reproductive isolation are important problems in evolutionary genetics. The nematode genus Caenorhabditis includes both gonochoristic (male/female) and androdioecious (male/hermaprodite) species. However, the natural genetic variants distinguishing reproductive mode remain unknown, and nothing is known about the genetic basis of postzygotic isolation in the genus. Here we describe the hybrid genetics of the first Caenorhabditis species pair capable of producing fertile hybrid progeny, the gonochoristic Caenorhabditis sp. 9 and the androdioecious C. briggsae. Though many interspecies F1 arrest during embryogenesis, a viable subset develops into fertile females and sterile males. Reciprocal parental crosses reveal asymmetry in male-specific viability, female fertility, and backcross viability. Selfing and spermatogenesis are extremely rare in XX F1, and almost all hybrid self-progeny are inviable. Consistent with this, F1 females do not express male-specific molecular germline markers. We also investigated three approaches to producing hybrid hermaphrodites. A dominant mutagenesis screen for self-fertile F1 hybrids was unsuccessful. Polyploid F1 hybrids with increased C. briggsae genomic material did show elevated rates of selfing, but selfed progeny were mostly inviable. Finally, the use of backcrosses to render the hybrid genome partial homozygous for C. briggsae alleles did not increase the incidence of selfing or spermatogenesis relative to the F1 generation. These hybrid animals were genotyped at 23 loci, and significant segregation distortion (biased against C. briggsae) was detected at 13 loci. This, combined with an absence of productive hybrid selfing, prevents formulation of simple hypotheses about the genetic architecture of hermaphroditism. In the near future, this hybrid system will likely be fruitful for understanding the genetics of reproductive isolation in Caenorhabditis."
6503985,30890567,Lineage context switches the function of a C. elegans Pax6 homolog in determining a neuronal fate,2019,"Development (Cambridge, England)",10.1242/dev.168153,"['Brandt, Julia P.', 'Rossillo, Mary', 'Du, Zhuo', 'Ichikawa, David', 'Barnes, Kristopher', 'Chen, Allison', 'Noyes, Marcus', 'Bao, Zhirong', 'Ringstad, Niels']","['c. elegans', 'chemosensory', 'nervous system', 'vab-3']",7,"{'lsy-6': 0, 'che-1': 0}",0.0,"{'lsy-6': 0.0, 'che-1': 0.0}",0,"The sensory nervous system of C. elegans comprises cells with varied molecular and functional characteristics, and is, therefore, a powerful model for understanding mechanisms that generate neuronal diversity. We report here that VAB-3, a C. elegans homolog of the homeodomain-containing protein Pax6, has opposing functions in regulating expression of a specific chemosensory fate. A homeodomain-only short isoform of VAB-3 is expressed in BAG chemosensory neurons, where it promotes gene expression and cell function. In other cells, a long isoform of VAB-3, comprising a Paired homology domain and a homeodomain, represses expression of ETS-5, a transcription factor required for expression of BAG fate. Repression of ets-5 requires the Eyes Absent homolog EYA-1 and the Six-class homeodomain protein CEH-32. We determined sequences that mediate high-affinity binding of ETS-5, VAB-3 and CEH-32. The ets-5 locus is enriched for ETS-5-binding sites but lacks sequences that bind VAB-3 and CEH-32, suggesting that these factors do not directly repress ets-5 expression. We propose that a promoter-selection system together with lineage-specific expression of accessory factors allows VAB-3/Pax6 to either promote or repress expression of specific cell fates in a context-dependent manner.'], b'"
11775657,39882098,"'], b'The': [b'C'], b'', b'FF', b'FF', b'FF ', b'FF', b'N', b'FF', b'N', b'FF', b'N', b'FF', b'FF', b'N', b'FF', b'N', b'FF', b'FF', b'FF', b'FF', b'FF', b'FF', b'', b''], b'neur': [b' is important for attraction to 1-butanol in', b' detects the attractive odorant 1-butanol. Because few odorants that are specifically recognized by the AWC', b' have been identified, we hope that the identification of this additional odorant will facilitate studies of the role of the AWC', b' in odor detection and discrimination.', b' important for attraction of', b's), and', b's) to different dilutions of 1-butanol compared to N2 by ANOVA with Dunnett for each dilution, n ≥ 6 assays. (', b', resulting in two AWC', b's', b' and has two AWC', b's', b's does not seem to increase chemotaxis to 1-butanol. Taken together, these results suggest that AWC', b' in the strain was not sufficient for complete rescue or that other neurons in addition to AWC are involved in chemotaxis to 1-butanol.'], b'Caenorhabditis elegans', b'c toggle=""yes"">', b'c toggle=""yes"">', b'c toggle=""yes"">C. elegans', b'c toggle=""yes"">nsy-1(ky542)', b'c toggle=""yes"">nsy-7(tm3080)', b'c toggle=""yes""> tax-4(p678)', b'c toggle=""yes"">tax-4', b'c toggle=""yes"">', b'c toggle=""yes"">', b'c toggle=""yes"">E. coli', b'c toggle=""yes"">Flavobacterium sp.', b'c toggle=""yes"">Providencia sp.', b'c toggle=""yes"">', b'c toggle=""yes"">', b'c toggle=""yes"">', b'c toggle=""yes"">', b'c toggle=""yes"">', b'c toggle=""yes"">', b'c toggle=""yes"">', b'c toggle=""yes"">', b'c toggle=""yes"">', b'c toggle=""yes"">', b'c toggle=""yes"">', b'c toggle=""yes"">', b'c toggle=""yes"">', b'c toggle=""yes"">', b'c toggle=""yes"">', b'c toggle=""yes"">', b'c toggle=""yes"">', b'c toggle=""yes"">', b'c toggle=""yes"">', b'c toggle=""yes"">', b'c toggle=""yes"">', b'c toggle=""yes"">', b'c toggle=""yes"">', b'c toggle=""yes"">', b'c toggle=""yes"">', b'c toggle=""yes"">', b'c toggle=""yes"">', b'c toggle=""yes"">', b'c toggle=""yes"">', b'c toggle=""yes"">', b'c toggle=""yes"">', b'c toggle=""yes"">', b'c toggle=""yes"">', b'c toggle=""yes"">ceh-36*p', b'c toggle=""yes"">ceh-36', b'c toggle=""yes"">C. elegans'], b'",2025,microPublication Biology,10.17912/micropub.biology.001370,"['Brown, Vaughn E.', 'Bradley, Ella', 'Asaed, Tymmaa A.', 'Lo, Sokhna B.', 'Bellini, Zach S.', 'Blackett, Dylan J.', 'Callaway, Jeremy J.', 'Hallesy, Jacob', 'Joshlin, Zoey E.', 'Kaneko, Taryn L.', 'Kaneshiro, Catie H.', 'Kidd, Kae R.', 'Lee, Jacinda', 'Leung, Kaitlyn M.', 'Li, Janelle S.', 'Luo, Ben P.', 'Mbaeri, Charlene C.', 'O’Neill, Alanna', 'Omomofe, Precious', 'Schmidt, James D.', 'Truong, Minh', 'Glater, Elizabeth E.', 'Young, Jared']",[],1,"{'lsy-6': 0, 'che-1': 2}",0.0,"{'lsy-6': 0.0, 'che-1': 0.0}",0,"'], b'C. elegans', b'ink xmlns:xlink=""http://www.w3.org/1999/xlink"" xlink:href=""https://www.ncbi.nlm.nih.gov/Taxonomy/Browser/wwwtax.cgi?mode=Info&id=6239"" ext-link-type=""uri"">C. elegans', b'ink xmlns:xlink=""http://www.w3.org/1999/xlink"" xlink:href=""https://www.ncbi.nlm.nih.gov/Taxonomy/Browser/wwwtax.cgi?mode=Info&id=6239"" ext-link-type=""uri"">C. elegans', b'ink xmlns:xlink=""http://www.w3.org/1999/xlink"" xlink:href=""https://www.ncbi.nlm.nih.gov/Taxonomy/Browser/wwwtax.cgi?mode=Info&id=6239"" ext-link-type=""uri"">C. elegans', b'ink xmlns:xlink=""http://www.w3.org/1999/xlink"" xlink:href=""WBStrain00041075"" ext-link-type=""wormbase"">HB101', b'ink xmlns:xlink=""http://www.w3.org/1999/xlink"" xlink:href=""WBStrain00000001"" ext-link-type=""wormbase"">N2', b'ink xmlns:xlink=""http://www.w3.org/1999/xlink"" xlink:href=""https://www.ncbi.nlm.nih.gov/Taxonomy/Browser/wwwtax.cgi?mode=Info&id=6239"" ext-link-type=""uri"">C. elegans', b'ink xmlns:xlink=""http://www.w3.org/1999/xlink"" xlink:href=""https://www.ncbi.nlm.nih.gov/Taxonomy/Browser/wwwtax.cgi?mode=Info&id=6239"" ext-link-type=""uri"">C. elegans', b'ink xmlns:xlink=""http://www.w3.org/1999/xlink"" xlink:href=""WBGene00000457"" ext-link-type=""wormbase"">ceh-36', b'ink xmlns:xlink=""http://www.w3.org/1999/xlink"" xlink:href=""WBGene00000457"" ext-link-type=""wormbase"">ceh-36', b'ink xmlns:xlink=""http://www.w3.org/1999/xlink"" xlink:href=""WBGene00000483"" ext-link-type=""wormbase"">che-1', b'ink xmlns:xlink=""http://www.w3.org/1999/xlink"" xlink:href=""WBGene00003854"" ext-link-type=""wormbase"">odr-7', b'ink xmlns:xlink=""http://www.w3.org/1999/xlink"" xlink:href=""WBGene00002987"" ext-link-type=""wormbase"">lim-4', b'ink xmlns:xlink=""http://www.w3.org/1999/xlink"" xlink:href=""WBGene00003889"" ext-link-type=""wormbase"">osm-9', b'ink xmlns:xlink=""http://www.w3.org/1999/xlink"" xlink:href=""WBGene00003822"" ext-link-type=""wormbase"">nsy-1', b'ink xmlns:xlink=""http://www.w3.org/1999/xlink"" xlink:href=""WBGene00003822"" ext-link-type=""wormbase"">nsy-1', b'ink xmlns:xlink=""http://www.w3.org/1999/xlink"" xlink:href=""WBGene00044508"" ext-link-type=""wormbase"">nsy-7', b'ink xmlns:xlink=""http://www.w3.org/1999/xlink"" xlink:href=""WBGene00003822"" ext-link-type=""wormbase"">nsy-1', b'ink xmlns:xlink=""http://www.w3.org/1999/xlink"" xlink:href=""WBGene00044508"" ext-link-type=""wormbase"">nsy-7', b'ink xmlns:xlink=""http://www.w3.org/1999/xlink"" xlink:href=""WBGene00003822"" ext-link-type=""wormbase"">nsy-1', b'ink xmlns:xlink=""http://www.w3.org/1999/xlink"" xlink:href=""WBGene00044508"" ext-link-type=""wormbase"">nsy-7', b'ink xmlns:xlink=""http://www.w3.org/1999/xlink"" xlink:href=""WBStrain00000001"" ext-link-type=""wormbase"">N2', b'ink xmlns:xlink=""http://www.w3.org/1999/xlink"" xlink:href=""WBGene00006526"" ext-link-type=""wormbase"">TAX-4', b'ink xmlns:xlink=""http://www.w3.org/1999/xlink"" xlink:href=""WBGene00006526"" ext-link-type=""wormbase"">tax-4', b'ink xmlns:xlink=""http://www.w3.org/1999/xlink"" xlink:href=""WBGene00006526"" ext-link-type=""wormbase"">tax-4', b'ink xmlns:xlink=""http://www.w3.org/1999/xlink"" xlink:href=""WBGene00000457"" ext-link-type=""wormbase"">ceh-36', b'ink xmlns:xlink=""http://www.w3.org/1999/xlink"" xlink:href=""WBGene00000457"" ext-link-type=""wormbase"">ceh-36', b'ink xmlns:xlink=""http://www.w3.org/1999/xlink"" xlink:href=""WBGene00000457"" ext-link-type=""wormbase"">ceh-36', b'ink xmlns:xlink=""http://www.w3.org/1999/xlink"" xlink:href=""WBGene00006526"" ext-link-type=""wormbase"">tax-4', b'ink xmlns:xlink=""http://www.w3.org/1999/xlink"" xlink:href=""WBGene00002987"" ext-link-type=""wormbase"">lim-4', b'ink xmlns:xlink=""http://www.w3.org/1999/xlink"" xlink:href=""WBVar00088450"" ext-link-type=""wormbase"">ky403', b'ink xmlns:xlink=""http://www.w3.org/1999/xlink"" xlink:href=""https://www.ncbi.nlm.nih.gov/Taxonomy/Browser/wwwtax.cgi?mode=Info&id=6239"" ext-link-type=""uri"">C. elegans', b'ink xmlns:xlink=""http://www.w3.org/1999/xlink"" xlink:href=""WBStrain00000001"" ext-link-type=""wormbase"">N2', b'ink xmlns:xlink=""http://www.w3.org/1999/xlink"" xlink:href=""WBStrain00060819"" ext-link-type=""wormbase"">CX6339', b'ink xmlns:xlink=""http://www.w3.org/1999/xlink"" xlink:href=""WBGene00000457"" ext-link-type=""wormbase"">ceh-36', b'ink xmlns:xlink=""http://www.w3.org/1999/xlink"" xlink:href=""WBVar00088459"" ext-link-type=""wormbase"">ky640', b'ink xmlns:xlink=""http://www.w3.org/1999/xlink"" xlink:href=""WBStrain00030787"" ext-link-type=""wormbase"">PR680', b'ink xmlns:xlink=""http://www.w3.org/1999/xlink"" xlink:href=""WBGene00000483"" ext-link-type=""wormbase"">che-1', b'ink xmlns:xlink=""http://www.w3.org/1999/xlink"" xlink:href=""WBVar00095118"" ext-link-type=""wormbase"">p680', b'ink xmlns:xlink=""http://www.w3.org/1999/xlink"" xlink:href=""WBStrain00005258"" ext-link-type=""wormbase"">CX3937', b'ink xmlns:xlink=""http://www.w3.org/1999/xlink"" xlink:href=""WBGene00002987"" ext-link-type=""wormbase"">lim-4', b'ink xmlns:xlink=""http://www.w3.org/1999/xlink"" xlink:href=""WBVar00088450"" ext-link-type=""wormbase"">ky403', b'ink xmlns:xlink=""http://www.w3.org/1999/xlink"" xlink:href=""WBStrain00005213"" ext-link-type=""wormbase"">CX4', b'ink xmlns:xlink=""http://www.w3.org/1999/xlink"" xlink:href=""WBGene00003854"" ext-link-type=""wormbase"">odr-7', b'ink xmlns:xlink=""http://www.w3.org/1999/xlink"" xlink:href=""WBVar00088384"" ext-link-type=""wormbase"">ky4', b'ink xmlns:xlink=""http://www.w3.org/1999/xlink"" xlink:href=""WBStrain00005214"" ext-link-type=""wormbase"">CX10', b'ink xmlns:xlink=""http://www.w3.org/1999/xlink"" xlink:href=""WBGene00003889"" ext-link-type=""wormbase"">osm-9', b'ink xmlns:xlink=""http://www.w3.org/1999/xlink"" xlink:href=""WBVar00088387"" ext-link-type=""wormbase"">ky10', b'ink xmlns:xlink=""http://www.w3.org/1999/xlink"" xlink:href=""WBStrain00057815"" ext-link-type=""wormbase"">CX13078', b'ink xmlns:xlink=""http://www.w3.org/1999/xlink"" xlink:href=""WBGene00006526"" ext-link-type=""wormbase"">tax-4', b'ink xmlns:xlink=""http://www.w3.org/1999/xlink"" xlink:href=""WBVar00095116"" ext-link-type=""wormbase"">p678', b'ink xmlns:xlink=""http://www.w3.org/1999/xlink"" xlink:href=""WBStrain00060820"" ext-link-type=""wormbase"">CX9190', b'ink xmlns:xlink=""http://www.w3.org/1999/xlink"" xlink:href=""WBGene00003822"" ext-link-type=""wormbase"">nsy-1', b'ink xmlns:xlink=""http://www.w3.org/1999/xlink"" xlink:href=""WBVar00088453"" ext-link-type=""wormbase"">ky542', b'ink xmlns:xlink=""http://www.w3.org/1999/xlink"" xlink:href=""WBStrain00060822"" ext-link-type=""wormbase"">CX10232', b'ink xmlns:xlink=""http://www.w3.org/1999/xlink"" xlink:href=""WBGene00044508"" ext-link-type=""wormbase"">nsy-7', b'ink xmlns:xlink=""http://www.w3.org/1999/xlink"" xlink:href=""WBVar00251860"" ext-link-type=""wormbase"">tm3080', b'ink xmlns:xlink=""http://www.w3.org/1999/xlink"" xlink:href=""WBStrain00060821"" ext-link-type=""wormbase"">CX15111', b'ink xmlns:xlink=""http://www.w3.org/1999/xlink"" xlink:href=""WBGene00006526"" ext-link-type=""wormbase"">tax-4', b'ink xmlns:xlink=""http://www.w3.org/1999/xlink"" xlink:href=""WBVar00095116"" ext-link-type=""wormbase"">p678', b'ink xmlns:xlink=""http://www.w3.org/1999/xlink"" xlink:href=""WBTransgene00033905"" ext-link-type=""wormbase"">kyEx5046', b'ink xmlns:xlink=""http://www.w3.org/1999/xlink"" xlink:href=""WBGene00000457"" ext-link-type=""wormbase"">ceh-36', b'ink xmlns:xlink=""http://www.w3.org/1999/xlink"" xlink:href=""WBGene00006526"" ext-link-type=""wormbase"">tax-4', b'ink xmlns:xlink=""http://www.w3.org/1999/xlink"" xlink:href=""WBGene00001250"" ext-link-type=""wormbase"">elt-2'], b'', b'ic>', b'ic>', b'ic>', b'ic>', b'ic>', b'ic>', b'ic>', b'ic>', b'ic>', b'ic>', b'ic>', b'ic>', b'ic>', b'ic>', b'ic>', b'ic>', b'ic>', b'ic>', b'ic>', b'ic>', b'ic>', b'ic>', b'ic>', b'ic>', b'ic>', b'ic>', b'ic>', b'ic>', b'ic>', b'ic>', b'ic>', b'ic>', b'ic>', b'ic>', b'ic>', b'ic>'], b'uses': [b'hemosensation to recognize a variety of odors, many of which are released by bacteria, the major food source of', b'hemosensation to detect odors in its environment. Bacteria which are the major food source of'], b'. Sp': [b'ific amphid sensory neurons are known to detect different odorants. Here we show that the AWC'], b'"
4961389,27459302,Aversive Behavior in the Nematode C. elegans Is Modulated by cGMP and a Neuronal Gap Junction Network,2016,PLoS Genetics,10.1371/journal.pgen.1006153,"['Krzyzanowski, Michelle C.', 'Woldemariam, Sarah', 'Wood, Jordan F.', 'Chaubey, Aditi H.', 'Brueggemann, Chantal', 'Bowitch, Alexander', 'Bethke, Mary', 'L’Etoile, Noelle D.', 'Ferkey, Denise M.', 'Chisholm, Andrew D.']",[],24,"{'lsy-6': 0, 'che-1': 0}",0.0,"{'lsy-6': 0.0, 'che-1': 0.0}",8871,"All animals rely on their ability to sense and respond to their environment to survive. However, the suitability of a behavioral response is context-dependent, and must reflect both an animal’s life history and its present internal state. Based on the integration of these variables, an animal’s needs can be prioritized to optimize survival strategies. Nociceptive sensory systems detect harmful stimuli and allow for the initiation of protective behavioral responses. The polymodal ASH sensory neurons are the primary nociceptors in C. elegans. We show here that the guanylyl cyclase ODR-1 functions non-cell-autonomously to downregulate ASH-mediated aversive behaviors and that ectopic cGMP generation in ASH is sufficient to dampen ASH sensitivity. We define a gap junction neural network that regulates nociception and propose that decentralized regulation of ASH signaling can allow for rapid correlation between an animal’s internal state and its behavioral output, lending modulatory flexibility to this hard-wired nociceptive neural circuit."
3855022,24243022,Modular control of glutamatergic neuronal identity in C.elegans by distinct homeodomain proteins,2013,Cell,10.1016/j.cell.2013.09.052,"['Serrano-Saiz, Esther', 'Poole, Richard J.', 'Felton, Terry', 'Zhang, Feifan', 'De La Cruz, Estanisla Daniel', 'Hobert, Oliver']",[],166,"{'lsy-6': 0, 'che-1': 0}",0.0,"{'lsy-6': 0.0, 'che-1': 0.0}",0,"The choice of using one of many possible neurotransmitter systems is a critical step in defining the identity of an individual neuron type. We show here that the key defining feature of glutamatergic neurons, the vesicular glutamate transporter EAT-4/VGLUT is expressed in 38 of the 118 anatomically defined neuron classes of the C.elegans nervous system. We show that eat-4/VGLUT expression is controlled in a modular manner, with distinct cis-regulatory modules driving expression in distinct glutamatergic neuron classes. We identify 13 different transcription factors, 11 of them homeodomain proteins, that act in specific combinations in 25 different glutamatergic neuron classes to initiate and maintain eat-4/VGLUT expression. We show that the adoption of a glutamatergic phenotype is linked to the adoption of other terminal identity features of a neuron, including cotransmitter phenotypes. Examination of mouse orthologs of these homeodomain proteins resulted in the identification of mouse LHX1 as a regulator of glutamatergic neurons in the brainstem."
3748950,18592415,A C. elegans homolog of Huntingtin-Associated Protein 1 is Expressed in Chemosensory Neurons and in a Number of Other Somatic Cell Types,2008,Journal of molecular neuroscience : MN,10.1007/s12031-008-9109-z,"['Mercer, Kristina B.', 'Szlam, Sarah M.', 'Manning, Erin', 'Gernert, Kim M.', 'Walthall, Walter W.', 'Benian, Guy M.', 'Gutekunst, Claire-Anne']","['huntington', 'localization', 'amphid', 'phasmid', 'stigmoid body']",5,"{'lsy-6': 0, 'che-1': 0}",0.0,"{'lsy-6': 0.0, 'che-1': 0.0}",0,"Huntingtin Associated Protein 1 (HAP1) is a binding partner for huntingtin, the protein responsible for Huntington’s Disease. In mammals, HAP1 is mostly found in brain where it is expressed in neurons. Although several functions have been proposed for HAP1, its role has not yet been clearly established. Here we report on the identification of a HAP1 C.elegans homolog called T27A3.1. T27A3.1 shows conservation with rat and human HAP1 as well as with Milton, a Drosophila HAP1 homolog. To determine the cellular expression of T27A3.1 (multiple isoforms; a-e), we generated several transgenic worm lines expressing a fluorescent reporter protein (GFP and DsRed2) or full length T27A3.1a/c isoforms fused to GFP under the control of the promoter for T27A3.1. We have found that T27A3.1 is expressed in many cell types including a subset of chemosensory neurons in the head and tail. These include the amphid chemosensory neurons ASKL and R, ASIL and R, ADFL and ASEL; the phasmid neurons PHBL and R; and the CAN neurons which are required for worm survival. Furthermore, we show that the subcellular localization of T27A3.1a/c resemble that of mammalian HAP1 and that T27A3.1a/c localize to stigmoid body like structures."
3093620,21549331,Genome-Wide Analysis of Self-Renewal in Drosophila Neural Stem Cells by Transgenic RNAi,2011,Cell Stem Cell,10.1016/j.stem.2011.02.022,"['Neumüller, Ralph\xa0A.', 'Richter, Constance', 'Fischer, Anja', 'Novatchkova, Maria', 'Neumüller, Klaus\xa0G.', 'Knoblich, Juergen\xa0A.']",[],161,"{'lsy-6': 0, 'che-1': 0}",0.0,"{'lsy-6': 0.0, 'che-1': 0.0}",5478,"The balance between stem cell self-renewal and differentiation is precisely controlled to ensure tissue homeostasis and prevent tumorigenesis. Here we use genome-wide transgenic RNAi to identify 620 genes potentially involved in controlling this balance in Drosophila neuroblasts. We quantify all phenotypes and derive measurements for proliferation, lineage, cell size, and cell shape. We identify a set of transcriptional regulators essential for self-renewal and use hierarchical clustering and integration with interaction data to create functional networks for the control of neuroblast self-renewal and differentiation. Our data identify key roles for the chromatin remodeling Brm complex, the spliceosome, and the TRiC/CCT-complex and show that the alternatively spliced transcription factor Lola and the transcriptional elongation factors Ssrp and Barc control self-renewal in neuroblast lineages. As our data are strongly enriched for genes highly expressed in murine neural stem cells, they are likely to provide valuable insights into mammalian stem cell biology as well."
3779813,24065887,microRNA function in left-right neuronal asymmetry: perspectives from C. elegans,2013,Frontiers in Cellular Neuroscience,10.3389/fncel.2013.00158,"['Alqadah, Amel', 'Hsieh, Yi-Wen', 'Chuang, Chiou-Fen']","['microrna', 'neuronal asymmetry', 'sensory neurons', 'calcium signaling', 'c. elegans']",11,"{'lsy-6': 20, 'che-1': 3}",20.349681340609592,"{'lsy-6': 0.007501875468867217, 'che-1': 0.0011252813203300824}",2666,"Left–right asymmetry in anatomical structures and functions of the nervous system is present throughout the animal kingdom. For example, language centers are localized in the left side of the human brain, while spatial recognition functions are found in the right hemisphere in the majority of the population. Disruption of asymmetry in the nervous system is correlated with neurological disorders. Although anatomical and functional asymmetries are observed in mammalian nervous systems, it has been a challenge to identify the molecular basis of these asymmetries. C. elegans has emerged as a prime model organism to investigate molecular asymmetries in the nervous system, as it has been shown to display functional asymmetries clearly correlated to asymmetric distribution and regulation of biologically relevant molecules. Small non-coding RNAs have been recently implicated in various aspects of neural development. Here, we review cases in which microRNAs are crucial for establishing left–right asymmetries in the C. elegans nervous system. These studies may provide insight into how molecular and functional asymmetries are established in the human brain."
4114065,24965943,Drosophila neuroblasts as a new model for the study of stem cell self-renewal and tumour formation,2014,Bioscience Reports,10.1042/BSR20140008,"['Li, Song', 'Wang, Hongyan', 'Groth, Casper']","['asymmetric division', 'differentiation', 'neural stem cell', 'neuroblast', 'notch', 'self-renewal', 'tumour formation', 'acd, asymmetric cell division', 'akt, protein kinase b', 'ana2, anastral spindle 2, apc/c, apc/cyclosome', 'asl, asterless, aur-a, aurora-a', 'baz, bazooka', 'bhlh-o, basic helix-loop-helix-orange', 'brat, brain tumour', 'csl, cbf1 (ccaat-binding factor 1)/suppressor of hairless/lag-1', 'ctf, c-terminal fragment', 'ctp, cut up', 'dlg, discs large', 'dm, dorsomedial', 'dmyc, drosophila myc', 'dpn, deadpan', 'egfr, epidermal growth factor receptor', 'eif4e, eukaryotic translation initiation factor 4e', 'flfl, falafel', 'gmc, ganglion mother cell', 'goloco, gαi/o-loco interaction', 'gsc, glioma stem cell', 'inp, intermediate neural progenitor', 'insc, inscuteable', 'klu, klumpfuss', 'l(3)mbt, lethal (3) malignant tumour', 'lola, longitudinals lacking', 'mira, miranda', 'mtoc, microtubule-organizing centre', 'mtorc2, mammalian target of rapamycin complex 2', 'mud, mushroom body defect', 'ng2, neuron-glial antigen 2', 'nicd, notch intracellular domain', 'numa, nuclear mitotic apparatus', 'opg, oligodendrocyte progenitor', 'par6, partitioning-defective 6', 'pcm, pericentriolar material', 'pins, partner of inscuteable', 'pkc, protein kinase c', 'pntp1, pointed p1', 'pon, partner of numb', 'pp2a, protein phosphatase 2a', 'pp4, protein phosphatase 4', 'pros, prospero', 'lgl, lethal (2) giant larvae', 'sas-4, spindle assembly abnormal 4', 'scd, symmetric cell division', 'slimb, supernumerary limbs', 'tpr, tetratricopeptide', 'zif, zinc-finger']",10,"{'lsy-6': 0, 'che-1': 0}",0.0,"{'lsy-6': 0.0, 'che-1': 0.0}",0,"Drosophila larval brain stem cells (neuroblasts) have emerged as an important model for the study of stem cell asymmetric division and the mechanisms underlying the transformation of neural stem cells into tumour-forming cancer stem cells. Each Drosophila neuroblast divides asymmetrically to produce a larger daughter cell that retains neuroblast identity, and a smaller daughter cell that is committed to undergo differentiation. Neuroblast self-renewal and differentiation are tightly controlled by a set of intrinsic factors that regulate ACD (asymmetric cell division). Any disruption of these two processes may deleteriously affect the delicate balance between neuroblast self-renewal and progenitor cell fate specification and differentiation, causing neuroblast overgrowth and ultimately lead to tumour formation in the fly. In this review, we discuss the mechanisms underlying Drosophila neural stem cell self-renewal and differentiation. Furthermore, we highlight emerging evidence in support of the notion that defects in ACD in mammalian systems, which may play significant roles in the series of pathogenic events leading to the development of brain cancers."
6610574,31265794,Poster Viewing Sessions PB01-B01 to PB03-V09,2019,Journal of Cerebral Blood Flow & Metabolism,10.1177/0271678X19851020,[],[],2,"{'lsy-6': 0, 'che-1': 0}",0.0,"{'lsy-6': 0.0, 'che-1': 0.0}",0,NA
8756380,34349261,Connectomes across development reveal principles of brain maturation,2021,Nature,10.1038/s41586-021-03778-8,"['Witvliet, Daniel', 'Mulcahy, Ben', 'Mitchell, James K.', 'Meirovitch, Yaron', 'Berger, Daniel R.', 'Wu, Yuelong', 'Liu, Yufang', 'Koh, Wan Xian', 'Parvathala, Rajeev', 'Holmyard, Douglas', 'Schalek, Richard L.', 'Shavit, Nir', 'Chisholm, Andrew D.', 'Lichtman, Jeff W.', 'Samuel, Aravinthan D.T.', 'Zhen, Mei']",[],221,"{'lsy-6': 0, 'che-1': 0}",0.0,"{'lsy-6': 0.0, 'che-1': 0.0}",0,"From birth to adulthood, an animal’s nervous system changes as its body grows and its behaviours mature [1–8]. The form and extent of circuit remodelling across the connectome is unknown [3, 9–15]. We used serial-section electron microscopy to reconstruct the full brain of eight isogenic C. elegans individuals across postnatal stages to learn how it changes with age. The overall geometry of the brain is preserved from birth to adulthood. Upon this constant scaffold, substantial changes in chemical synaptic connectivity emerge. Comparing connectomes among individuals reveals substantial connectivity differences that make each brain partly unique. Comparing connectomes across maturation reveals consistent wiring changes between different neurons. These changes alter the strength of existing connections and create new connections. Collective changes in the network alter information processing. Over development, the central decision-making circuitry is maintained whereas sensory and motor pathways substantially remodel. With age, the brain progressively becomes more feedforward and discernibly modular. Developmental connectomics reveals principles that underlie brain maturation."
2723065,19641012,"The C. elegans Tailless/TLX transcription factor nhr-67'], b' con': [b'ols neuronal identity and left/right asymmetric fate'], b' div': [b'sification",2009,"Development (Cambridge, England)",10.1242/dev.040204,"['Sarin, Sumeet', 'Antonio, Celia', 'Tursun, Baris', 'Hobert, Oliver']","['c. elegans', 'left/right asymmetry', 'neuronal development', 'transcriptional regulation']",28,"{'lsy-6': 1, 'che-1': 1}",0.0,"{'lsy-6': 0.0, 'che-1': 0.0}",0,"An understanding of the molecular mechanisms of cell fate determination in'], b' the': [b'ervous system requires the elucidation of transcriptional regulatory', b'xpression of a sensory neuron-type-specific selector gene,', b'wo ASE neurons ASEL and ASER across the L/R axis by promoting ASER and'], b' pro': [b'ams that ultimately control neuron-type-specific gene expression', b'les. We show here that the C. elegans Tailless/TLX-type, orphan'], b' nuc': [b'ar receptor NHR-67 acts at several distinct steps to determine the'], b' ide': [b'ity and subsequent left/right (L/R) asymmetric subtype diversification of'], b' a c': [b'ss of gustatory neurons, the ASE neurons. nhr-67 controls'], b' sev': [b'al broad aspects of sensory neuron development and, in addition, triggers'], b' che-1, which encodes a zinc-finger transcription factor. Subsequent', b'ic>lsy-6. Besides controlling bilateral and asymmetric aspects of ASE'], b' to': [b's induction of overall ASE fate, nhr-67 diversifies the fate of'], b' inh': [b'iting ASEL fate. This function is achieved through direct expression'], b' act': [b'ation by nhr-67 of the Nkx6-type homeobox gene cog-1,'], b' an': [b'ducer of ASER fate, that is inhibited in ASEL through the miRNA'], b' dev': [b'opment, nhr-67 is also required for many other neurons of'], b' ill': [b'trating the broad and diverse use of this type of transcription factor in'], b' neu': [b""nal development."
10049701,36982498,F1·Fo ATP Synthase/ATPase: Contemporary View on Unidirectional Catalysis,2023,International Journal of Molecular Sciences,10.3390/ijms24065417,"['Zharova, Tatyana V.', 'Grivennikova, Vera G.', 'Borisov, Vitaliy B.', 'Barrera, Nelson Patricio']","['membrane protein', 'biophysics', 'molecular bioenergetics', 'inhibition', 'fo∙f1-atp synthase/atpase', 'reversibility of enzyme catalysis']",15,"{'lsy-6': 0, 'che-1': 0}",0.0,"{'lsy-6': 0.0, 'che-1': 0.0}",0,"F1·Fo-ATP synthases/ATPases (F1·Fo) are molecular machines that couple either ATP synthesis from ADP and phosphate or ATP hydrolysis to the consumption or production of a transmembrane electrochemical gradient of protons. Currently, in view of the spread of drug-resistant disease-causing strains, there is an increasing interest in F1·Fo as new targets for antimicrobial drugs, in particular, anti-tuberculosis drugs, and inhibitors of these membrane proteins are being considered in this capacity. However, the specific drug search is hampered by the complex mechanism of regulation of F1·Fo in bacteria, in particular, in mycobacteria: the enzyme efficiently synthesizes ATP, but is not capable of ATP hydrolysis. In this review, we consider the current state of the problem of “unidirectional” F1·Fo catalysis found in a wide range of bacterial F1·Fo and enzymes from other organisms, the understanding of which will be useful for developing a strategy for the search for new drugs that selectively disrupt the energy production of bacterial cells."
2867316,20431118,The Groucho ortholog UNC-37 interacts with the short Groucho-like protein LSY-22 to control developmental decisions in C. elegans,2010,"Development (Cambridge, England)",10.1242/dev.046219,"['Flowers, Eileen B.', 'Poole, Richard J.', 'Tursun, Baris', 'Bashllari, Enkelejda', ""Pe\\'er, Itsik"", 'Hobert, Oliver']","['c. elegans', 'left/right asymmetry', 'neuronal development', 'transcriptional control']",22,"{'lsy-6': 0, 'che-1': 0}",0.0,"{'lsy-6': 0.0, 'che-1': 0.0}",0,"Transcriptional co-repressors of the Groucho/TLE family are important regulators of development in many species. A subset of Groucho/TLE family members that lack the C-terminal WD40 domains have been proposed to act as dominant-negative regulators of Groucho/TLE proteins, yet such a role has not been conclusively proven. Through a mutant screen for genes controlling a left/right asymmetric cell fate decision in the nervous system of the nematode C. elegans, we have retrieved loss-of-function alleles in two distinct loci that display identical phenotypes in neuronal fate specification and in other developmental contexts. Using the novel technology of whole-genome sequencing, we find that these loci encode the C. elegans ortholog of Groucho, UNC-37, and, surprisingly, a short Groucho-like protein, LSY-22, that is similar to truncated Groucho proteins in other species. Besides their phenotypic similarities, unc-37 and lsy-22 show genetic interactions and UNC-37 and LSY-22 proteins also physically bind to each other in vivo. Our findings suggest that rather than acting as negative regulators of Groucho, small Groucho-like proteins may promote Groucho function. We propose that Groucho-mediated gene regulatory events involve heteromeric complexes of distinct Groucho-like proteins."
6673363,17978024,Noncoding RNAs in the Brain,2007,The Journal of Neuroscience,10.1523/JNEUROSCI.3624-07.2007,"['Satterlee, John S.', 'Barbee, Scott', 'Jin, Peng', 'Krichevsky, Anna', 'Salama, Sofie', 'Schratt, Gerhard', 'Wu, Da-Yu']","['brain development', 'creb', 'dendritic spine', 'development', 'differentiation', 'epigenetic', 'human forebrain development', 'learning and memory', 'neurogenesis', 'purkinje neurons', 'rna', 'synaptic plasticity']",22,"{'lsy-6': 0, 'che-1': 0}",0.0,"{'lsy-6': 0.0, 'che-1': 0.0}",0,"Cells transcribe thousands of RNAs that do not appear to encode proteins. The neuronal functions of these noncoding RNAs (ncRNAs) are for the most part not known, but specific ncRNAs have been shown to regulate dendritic spine development, neuronal fate specification and differentiation, and synaptic protein synthesis. ncRNAs have been implicated in a number of neuronal diseases including Tourette\'s syndrome and Fragile X syndrome. Future studies will likely identify additional neuronal functions for ncRNAs as well as roles for these molecules in other neuropsychiatric and neurodevelopmental disorders."
540280,15632092,Computational prediction of miRNAs in Arabidopsis thaliana,2005,Genome Research,10.1101/gr.2908205,"['Adai, Alex', 'Johnson, Cameron', 'Mlotshwa, Sizolwenkosi', 'Archer-Evans, Sarah', 'Manocha, Varun', 'Vance, Vicki', 'Sundaresan, Venkatesan']",[],134,"{'lsy-6': 0, 'che-1': 0}",0.0,"{'lsy-6': 0.0, 'che-1': 0.0}",0,"MicroRNAs (miRNAs) are post-transcriptional regulators of gene expression in animals and plants. Comparative genomic computational methods have been developed to predict new miRNAs in worms, flies, and humans. Here, we present a novel single genome approach for the detection of miRNAs in Arabidopsis thaliana. This was initiated by producing a candidate miRNA-target data set using an algorithm called findMiRNA, which predicts potential miRNAs within candidate precursor sequences that have corresponding target sites within transcripts. From this data set, we used a characteristic divergence pattern of miRNA precursor families to select 13 potential new miRNAs for experimental verification, and found that corresponding small RNAs could be detected for at least eight of the candidate miRNAs. Expression of some of these miRNAs appears to be under developmental control. Our results are consistent with the idea that targets of miRNAs encompass a wide range of transcripts, including those for F-box factors, ubiquitin conjugases, Leucine-rich repeat proteins, and metabolic enzymes, and that regulation by miRNAs might be widespread in the genome. The entire set of annotated transcripts in the Arabidopsis genome has been run through findMiRNA to yield a data set that will enable identification of potential miRNAs directed against any target gene."
4840083,27041501,Receptor-type guanylyl cyclases confer thermosensory responses in C. elegans,2016,Neuron,10.1016/j.neuron.2016.03.002,"['Takeishi, Asuka', 'Yu, Yanxun V.', 'Hapiak, Vera M.', 'Bell, Harold W.', 'O’Leary, Timothy', 'Sengupta, Piali']",[],51,"{'lsy-6': 0, 'che-1': 0}",0.0,"{'lsy-6': 0.0, 'che-1': 0.0}",0,"Thermosensation is critical for optimal regulation of physiology and behavior. C. elegans acclimates to its cultivation temperature (Tc), and exhibits thermosensitive behaviors at temperatures relative to Tc. These behaviors are mediated primarily by the AFD sensory neurons which are extraordinarily thermosensitive, and respond to thermal fluctuations at temperatures above a Tc-determined threshold. Although cGMP signaling is necessary for thermotransduction, the thermosensors in AFD are unknown. Here we show that AFD-specific receptor guanylyl cyclases (rGCs) are instructive for thermosensation. In addition to being necessary for thermotransduction, ectopic expression of these rGCs confers highly temperature-dependent responses onto diverse cell types. We find that the temperature response threshold is determined by the rGC and cellular context, and that multiple domains contribute to their thermosensory properties. Identification of thermosensory rGCs in C. elegans provides insight into mechanisms of thermosensation and thermal acclimation, and suggests that rGCs may represent a new family of molecular thermosensors."
9631000,36338152,"'], b'Left': [b'ight asymmetry in oxidative stress sensing neurons in'], b'C. elegans', b'c toggle=""yes"">C. elegans', b'c toggle=""yes"">flp-15', b'c toggle=""yes"">flp-15p', b'c toggle=""yes"">flp-15p', b'c toggle=""yes"">C. elegans', b'c toggle=""yes"">C. elegans', b'c toggle=""yes"">trx-1', b'c toggle=""yes"">unc-119', b'c toggle=""yes"">unc-119(ed3)', b'c toggle=""yes"">prdx-2', b'c toggle=""yes"">gch01', b'c toggle=""yes"">unc-119', b'c toggle=""yes"">trx-1', b'c toggle=""yes"">gch09', b'c toggle=""yes"">unc-119', b'c toggle=""yes"">unc-119(ed3)', b'c toggle=""yes"">unc-119(ed3)', b'c toggle=""yes"">trx-1', b'c toggle=""yes"">trx-1', b'c toggle=""yes"">C elegans', b'c toggle=""yes"">C. elegans', b'c toggle=""yes"">Pseudomonas'], b'",2022,microPublication Biology,10.17912/micropub.biology.000652,"['Quintin, Sophie', 'Charvin, Gilles', 'Chuang, Chiou-Fen', 'Xiong, Rui']",[],2,"{'lsy-6': 0, 'che-1': 0}",0.0,"{'lsy-6': 0.0, 'che-1': 0.0}",0,"'], b'Perc': [b'tion of oxidative stress in nematodes involves specific neurons expressing antioxidant enzymes. Here, we carefully characterized GFP knock-in lines for'], b'pero': [b'redoxin PRDX-2 and thioredoxin TRX-1, and uncovered that left and right I2, PHA and ASJ neurons reproducibly express an asymmetric level of each enzyme. We observed that high-expressing neurons are in most cases associated with a particular side, indicating a directional rather than stochastic type of asymmetry. We propose that the biological relevance of this left-right asymmetry is to fine-tune H'], b'', b'', b'', b'', b'', b'', b'', b'', b'', b'', b'', b'', b'', b'', b'', b'', b'', b'', b'', b'', b'', b'', b'', b'', b'', b'', b'', b'', b'', b'', b'', b''], b'O': [b'', b'', b'', b'', b'', b'', b'', b'', b'', b'', b'', b'', b'', b'', b'', b''], b'or l': [b'ht sensing, which remains to be investigated.', b'ht-sensing I2, ASJ and PHA neurons.'], b'"
4116751,22118276,Dissection of Genetic Pathways in C. elegans,2011,Methods in cell biology,10.1016/B978-0-12-544172-8.00005-0,"['Wang, Zheng', 'Sherwood, David R.']",[],23,"{'lsy-6': 0, 'che-1': 0}",0.0,"{'lsy-6': 0.0, 'che-1': 0.0}",0,"With unique genetic and cell biological strengths, C. elegans has emerged as a powerful model system for studying many biological processes. These processes are regulated by complex genetic networks consisting of arrays of genes. Identifying those genes and organizing them into genetic pathways are two major steps towards understanding the mechanisms that regulate biological events. Forward genetic screens with various designs are a traditional approach for identifying candidate genes. The completion of the genome sequencing in C. elegans and the advent of high-throughput experimental techniques have led to the development of two additional powerful approaches: functional genomics and systems biology. Genes that are identified by all these approaches can be ordered into interacting pathways through a variety of strategies, involving genetics, cell biology, biochemistry and functional genomics, to gain a complete understanding of how gene regulatory networks control a particular biological process. The aim of this review is to provide an overview of the approaches available to identify and construct the genetic pathways using C. elegans."
4021456,23364694,tmc-1 encodes a sodium-sensitive channel required for salt chemosensation in C. elegans,2013,Nature,10.1038/nature11845,"['Chatzigeorgiou, Marios', 'Bang, Sangsu', 'Hwang, Sun Wook', 'Schafer, William R.']",[],83,"{'lsy-6': 0, 'che-1': 0}",0.0,"{'lsy-6': 0.0, 'che-1': 0.0}",0,"TMC genes encode a broadly-conserved family of multipass integral membrane proteins in animals1,2. Human TMC1 and TMC2 are deafness genes required for hair cell mechantransduction; however, the molecular functions of these and other TMC proteins have not been determined3-6. We show here that the C. elegans TMC-1 gene encodes a sodium sensor that functions specifically in salt taste chemosensation. TMC-1 is expressed in the ASH polymodal avoidance neurons, where it is required for salt-evoked neuronal activity and behavioural avoidance of high concentrations of NaCl. However, tmc-1 has no effect on responses to other stimuli sensed by the ASH neurons including high osmolarity and chemical repellents, indicating a specific role in salt sensation. When expressed in mammalian cell culture, TMC-1 generates a predominantly cationic conductance activated by high extracellular sodium but not by other cations or uncharged small molecules. Thus, TMC-1 is both necessary for salt sensation in vivo and sufficient to generate a sodium-sensitive channel in vitro, identifying it as a likely candidate ionotropic sensory receptor."
2685964,19060335,Cis-regulatory mechanisms of left/right asymmetric neuron-subtype specification in C. elegans,2009,"Development (Cambridge, England)",10.1242/dev.030064,"['Etchberger, John F.', 'Flowers, Eileen B.', 'Poole, Richard J.', 'Bashllari, Enkelejda', 'Hobert, Oliver']","['c. elegans', 'neuronal development', 'left/right asymmetry', 'transcriptional regulation']",52,"{'lsy-6': 0, 'che-1': 8}",0.0,"{'lsy-6': 0.0, 'che-1': 0.0}",0,"Anatomically and functionally defined neuron types are sometimes further classified into individual subtypes based on unique functional or molecular properties. To better understand how developmental programs controlling neuron type specification are mechanistically linked to programs controlling neuronal subtype specification, we have analyzed a neuronal subtype specification program that occurs across the left/right axis in the nervous system of the nematode C. elegans. A terminal selector transcription factor, CHE-1, is required for the specification of the ASE neuron class, and a gene regulatory feedback loop of transcription factors and miRNAs is required to diversify the two ASE neurons into an asymmetric left and right subtype (ASEL and ASER). However, the link between the CHE-1-dependent ASE neuron class specification and the ensuing left-right subtype specification program is poorly understood. We show here that CHE-1 has genetically separable functions in controlling bilaterally symmetric ASE neuron class specification and the ensuing left-right subtype specification program. Both neuron class specification and asymmetric subclass specification depend on CHE-1-binding sites (`ASE motifs\') in symmetrically and asymmetrically expressed target genes, but in the case of asymmetrically expressed target genes, the activity of the ASE motif is modulated through a diverse set of additional cis-regulatory elements. Depending on the target gene, these cis-regulatory elements either promote or inhibit the activity of CHE-1. The activity of these L/R asymmetric cis-regulatory elements is indirectly controlled by che-1 itself, revealing a feed-forward loop configuration in which che-1 restricts its own activity. Relative binding affinity of CHE-1 to ASE motifs also depends on whether a gene is expressed bilaterally or in a left/right asymmetric manner. Our analysis provides insights into the molecular mechanisms of neuronal subtype specification, demonstrating that the activity of a neuron type-specific selector gene is modulated by a variety of distinct means to diversify individual neuron classes into specific subclasses. It also suggests that feed-forward loop motifs may be a prominent feature of neuronal diversification events."
2649505,19259264,"A Toolkit and Robust Pipeline for the Generation of Fosmid-Based Reporter Genes in C. elegans'], b'Fosmid Recombineering",2009,PLoS ONE,10.1371/journal.pone.0004625,"['Tursun, Baris', 'Cochella, Luisa', 'Carrera, Inés', 'Hobert, Oliver', 'Hart, Anne C.']",[],124,"{'lsy-6': 0, 'che-1': 4}",12.385902988647162,"{'lsy-6': 0.0, 'che-1': 0.0011031439602868175}",3626,"Engineering fluorescent proteins into large genomic clones, contained within BACs or fosmid vectors, is a tool to visualize and study spatiotemporal gene expression patterns in transgenic animals. Because these reporters cover large genomic regions, they most likely capture all cis-regulatory information and can therefore be expected to recapitulate all aspects of endogenous gene expression. Inserting tags at the target gene locus contained within genomic clones by homologous recombination (“recombineering”) represents the most straightforward method to generate these reporters. In this methodology paper, we describe a simple and robust pipeline for recombineering of fosmids, which we apply to generate reporter constructs in the nematode C. elegans, whose genome is almost entirely covered in an available fosmid library. We have generated a toolkit that allows for insertion of fluorescent proteins (GFP, YFP, CFP, VENUS, mCherry) and affinity tags at specific target sites within fosmid clones in a virtually seamless manner. Our new pipeline is less complex and, in our hands, works more robustly than previously described recombineering strategies to generate reporter fusions for C. elegans expression studies. Furthermore, our toolkit provides a novel recombineering cassette which inserts a SL2-spliced intercistronic region between the gene of interest and the fluorescent protein, thus creating a reporter controlled by all 5′ and 3′ cis-acting regulatory elements of the examined gene without the direct translational fusion between the two. With this configuration, the onset of expression and tissue specificity of secreted, sub-cellular compartmentalized or short-lived gene products can be easily detected. We describe other applications of fosmid recombineering as well. The simplicity, speed and robustness of the recombineering pipeline described here should prompt the routine use of this strategy for expression studies in C. elegans."
4506282,26050091,LSY-2 is essential for maintaining the germ-soma distinction in C. elegans,2015,Protein & Cell,10.1007/s13238-015-0173-1,"['Lin, Long', 'Li, Yuping', 'Yan, Libo', 'Zhang, Gangming', 'Zhao, Yu', 'Zhang, Hong']","['p granules', 'soma', 'lsy-2', 'c. elegans']",1,"{'lsy-6': 2, 'che-1': 0}",0.6406913267808726,"{'lsy-6': 0.0004631773969430292, 'che-1': 0.0}",4318,"The mechanisms that specify and maintain the characteristics of germ cells during animal development are poorly understood. In this study, we demonstrated that loss of function of the zinc-finger gene lsy-2 results in various somatic cells adopting germ cells characteristics, including expression of germline-specific P granules, enhanced RNAi activity and transgene silencing. The soma to germ transformation in lsy-2 mutants requires the activities of multiple chromatin remodeling complexes, including the MES-4 complex and the ISW-1 complex. The distinct germline-specific features in somatic cells and the gene expression profile indicate that LSY-2 acts in the Mec complex in this process. Our study demonstrated that lsy-2 functions in the maintenance of the soma-germ distinction."
3567170,23408877,Connecting a Connectome to Behavior: An Ensemble of Neuroanatomical Models of C. elegans Klinotaxis,2013,PLoS Computational Biology,10.1371/journal.pcbi.1002890,"['Izquierdo, Eduardo J.', 'Beer, Randall D.', 'Graham, Lyle J.']",[],35,"{'lsy-6': 0, 'che-1': 0}",0.0,"{'lsy-6': 0.0, 'che-1': 0.0}",12974,"Increased efforts in the assembly and analysis of connectome data are providing new insights into the principles underlying the connectivity of neural circuits. However, despite these considerable advances in connectomics, neuroanatomical data must be integrated with neurophysiological and behavioral data in order to obtain a complete picture of neural function. Due to its nearly complete wiring diagram and large behavioral repertoire, the nematode worm Caenorhaditis elegans is an ideal organism in which to explore in detail this link between neural connectivity and behavior. In this paper, we develop a neuroanatomically-grounded model of salt klinotaxis, a form of chemotaxis in which changes in orientation are directed towards the source through gradual continual adjustments. We identify a minimal klinotaxis circuit by systematically searching the C. elegans connectome for pathways linking chemosensory neurons to neck motor neurons, and prune the resulting network based on both experimental considerations and several simplifying assumptions. We then use an evolutionary algorithm to find possible values for the unknown electrophsyiological parameters in the network such that the behavioral performance of the entire model is optimized to match that of the animal. Multiple runs of the evolutionary algorithm produce an ensemble of such models. We analyze in some detail the mechanisms by which one of the best evolved circuits operates and characterize the similarities and differences between this mechanism and other solutions in the ensemble. Finally, we propose a series of experiments to determine which of these alternatives the worm may be using."
4311750,19106630,Transcriptional control of microRNA expression in C. elegans,2009,RNA biology,10.4161/rna.6.1.7574,"['Turner, Michael J.', 'Slack, Frank J.']","['microrna', 'mirna', 'pri-mirna', 'transcription', 'promoter', 'pol ii']",14,"{'lsy-6': 1, 'che-1': 0}",0.0,"{'lsy-6': 0.0, 'che-1': 0.0}",0,"Transcriptional regulation of microRNA (miRNA) expression is one of the least understood aspects of miRNA biogenesis. In C. elegans the list of miRNAs whose transcriptional control has been described in some detail is currently limited to four: let-7, lin-4, lsy-6, and mir-61. Each of these genes has been shown experimentally to be transcriptionaly regulated by cis- and/or trans-acting factors that either promote or inhibit expression. Additionally, computational methods based on conservation among miRNA genes have yielded predicted regulatory sequences in C. elegans that may function to regulate miRNA expression on a genome-wide scale."
6358302,30504233,The interface between phosphatidylinositol transfer protein function and phosphoinositide signaling in higher eukaryotes,2019,Journal of Lipid Research,10.1194/jlr.R089730,"['Grabon, Aby', 'Bankaitis, Vytas A.', 'McDermott, Mark I.']","['lipid signaling', 'lipid and membrane trafficking', 'cell signaling', 'diseases', 'lipids • membranes']",41,"{'lsy-6': 0, 'che-1': 0}",0.0,"{'lsy-6': 0.0, 'che-1': 0.0}",0,"Phosphoinositides are key regulators of a large number of diverse cellular processes that include membrane trafficking, plasma membrane receptor signaling, cell proliferation, and transcription. How a small number of chemically distinct phosphoinositide signals are functionally amplified to exert specific control over such a diverse set of biological outcomes remains incompletely understood. To this end, a novel mechanism is now taking shape, and it involves phosphatidylinositol (PtdIns) transfer proteins (PITPs). The concept that PITPs exert instructive regulation of PtdIns 4-OH kinase activities and thereby channel phosphoinositide production to specific biological outcomes, identifies PITPs as central factors in the diversification of phosphoinositide signaling. There are two evolutionarily distinct families of PITPs: the Sec14-like and the StAR-related lipid transfer domain (START)-like families. Of these two families, the START-like PITPs are the least understood. Herein, we review recent insights into the biochemical, cellular, and physiological function of both PITP families with greater emphasis on the START-like PITPs, and we discuss the underlying mechanisms through which these proteins regulate phosphoinositide signaling and how these actions translate to human health and disease."
3529301,23103163,Removal of Polycomb Repressive Complex 2 makes C. elegans germ cells susceptible to direct conversion into specific somatic cell types,2012,Cell reports,10.1016/j.celrep.2012.09.020,"['Patel, Tulsi', 'Tursun, Baris', 'Rahe, Dylan P.', 'Hobert, Oliver']",[],66,"{'lsy-6': 0, 'che-1': 0}",0.0,"{'lsy-6': 0.0, 'che-1': 0.0}",0,"How specific cell types can be directly converted into other distinct cell types is a matter of intense investigation with wide-ranging basic and biomedical implications. We show here that the removal of the histone 3 lysine 27 (H3K27) methyltransferase complex PRC2 (“Polycomb Repressor Complex 2”) permits ectopically expressed, neuron-type-specific transcription factors (“terminal selectors”) to convert C. elegans germ cells directly into specific neuron types. Terminal selector-induced germ cell-to-neuron conversion can not only be observed upon genome-wide loss of H3K27 methylation in PRC2(−) animals, but also upon genome-wide redistribution of H3K27 methylation patterns in animals which lack the H3K36 methyltransferase MES-4. Manipulation of the H3K27 methylation status not only permits conversion of germ cells into neurons, but also permits hlh-1/MyoD-dependent conversion of germ cells into muscle cells, indicating the PRC2 protects the germline from the aberrant execution of multiple distinct somatic differentiation programs. Taken together, our findings demonstrate that the normally multi-step process of development from a germ cell via a zygote to a terminally differentiated somatic cell type can be shortcut by providing an appropriate terminal selector transcription factor and manipulating histone methylation patterns."
3643504,21977972,Temporal and spatial regulation of microRNA activity with photo-activatable cantimirs,2011,ACS chemical biology,10.1021/cb200290e,"['Zheng, Genhua', 'Cochella, Luisa', 'Liu, Jie', 'Hobert, Oliver', 'Li, Wen-hong']",[],21,"{'lsy-6': 2, 'che-1': 0}",0.0,"{'lsy-6': 0.0, 'che-1': 0.0}",0,"MicroRNAs (miRNAs) are small noncoding RNAs which play numerous important roles in physiology and human diseases. During animal development, many miRNAs are expressed continuously from early embryos throughout adults, yet it is unclear whether these miRNAs are actually required at all the stages of development. Current techniques of manipulating microRNA function lack the required spatial and temporal resolution to adequately address the functionality of a given microRNA at a specific time or at single-cell resolution. To examine stage- or cell-specific function of miRNA during development and to achieve precise control of miRNA activity, we have developed photo-activatable antisense oligonucleotides against miRNAs. These caged oligonucleotides can be activated with 365 nm light with extraordinarily high efficiency to release potent antisense reagents to inhibit miRNAs. Initial application of these caged antimirs in a model organism (C. elegans) revealed that the activity of a miRNA (lsy-6) is required specifically around the comma stage during embryonic development to control a left/right asymmetric differentiation program in the C.elegans nervous system. This suggests that a transient input of lsy-6 during development is sufficient to specify the neuronal cell fate. The modular design and the facile assembly of these caged antisense oligonucleotides should facilitate their applications in detailed functional analyses of miRNAs and their target genes."
4502269,26180208,Multiple Sensory Inputs Are Extensively Integrated to Modulate Nociception in C. elegans,2015,The Journal of Neuroscience,10.1523/JNEUROSCI.0225-15.2015,"['Summers, Philip J.', 'Layne, Robert M.', 'Ortega, Amanda C.', 'Harris, Gareth P.', 'Bamber, Bruce A.', 'Komuniecki, Richard W.']","['behavior', 'c. elegans', 'electrophysiology', 'sensory integration']",17,"{'lsy-6': 0, 'che-1': 0}",0.0,"{'lsy-6': 0.0, 'che-1': 0.0}",0,"Sensory inputs are integrated extensively before decision making, with altered multisensory integration being associated with disorders such as autism. We demonstrate that the two C. elegans AIB interneurons function as a biphasic switch, integrating antagonistic, tonic, and acute inputs from three distinct pairs of sensory neurons to modulate nociception. Off food, animals reverse away from a noxious stimulus. In contrast, on food or serotonin, AIB signaling is inhibited and, although animals initiate an aversive response more rapidly, they continue forward after the initial backward locomotion is complete. That is, animals continue to move forward and feed even when presented with a noxious repellant, with AIB inhibition decreasing the repellant concentration evoking a maximal response. These studies demonstrate that the AIBs serve as an integrating hub, receiving inputs from different sensory neurons to modulate locomotory decision making differentially, and highlight the utility of this model to analyze the complexities of multisensory integration."
11952503,40161827,Revealing a coherent cell state landscape across single cell datasets with CONCORD,2025,bioRxiv,10.1101/2025.03.13.643146,"['Zhu, Qin', 'Jiang, Zuzhi', 'Zuckerman, Binyamin', 'Weinberger, Leor', 'Thomson, Matt', 'Gartner, Zev']",[],0,"{'lsy-6': 0, 'che-1': 0}",0.0,"{'lsy-6': 0.0, 'che-1': 0.0}",8193,"Revealing the underlying cell-state landscape from single-cell data requires overcoming the critical obstacles of batch integration, denoising, and dimensionality reduction. Here, we present CONCORD, a unified framework that simultaneously addresses these challenges within a single self-supervised model. At its core, CONCORD implements a unified probabilistic sampling strategy that corrects batch effects via dataset-aware sampling and enhances biological resolution through hard-negative sampling. Remarkably, using only a minimalist neural network with a single hidden layer and contrastive learning, CONCORD surpasses state-of-the-art performance without relying on deep architectures, auxiliary losses, or external supervision. It seamlessly integrates data across batches, technologies, and even species to generate high-resolution cell atlases. The resulting latent representations are denoised and biologically meaningful—capturing gene co-expression programs, revealing detailed lineage trajectories, and preserving both local geometric relationships and global topological structures. We demonstrate CONCORD’s broad applicability across diverse datasets, establishing it as a general-purpose framework for learning unified, high-fidelity representations of cellular identity and dynamics."
5397285,28422646,Coordinated control of terminal differentiation and restriction of cellular plasticity,2017,eLife,10.7554/eLife.24100.015,"['Patel, Tulsi', 'Hobert, Oliver', 'Shen, Kang', 'Shen, Kang']","['reprogramming', 'neuron identity', 'transcriptional control', 'c. elegans']",47,"{'lsy-6': 0, 'che-1': 166}",98.37487228185017,"{'lsy-6': 0.0, 'che-1': 0.014259943303839876}",11641,"The acquisition of a specific cellular identity is usually paralleled by a restriction of cellular plasticity. Whether and how these two processes are coordinated is poorly understood. Transcription factors called terminal selectors activate identity-specific effector genes during neuronal differentiation to define the structural and functional properties of a neuron. To study restriction of plasticity, we ectopically expressed C. elegans CHE-1, a terminal selector of ASE sensory neuron identity. In undifferentiated cells, ectopic expression of CHE-1 results in activation of ASE neuron type-specific effector genes. Once cells differentiate, their plasticity is restricted and ectopic expression of CHE-1 no longer results in activation of ASE effector genes. In striking contrast, removal of the respective terminal selectors of other sensory, inter-, or motor neuron types now enables ectopically expressed CHE-1 to activate its ASE-specific effector genes, indicating that terminal selectors not only activate effector gene batteries but also control the restriction of cellular plasticity. Terminal selectors mediate this restriction at least partially by organizing chromatin. The chromatin structure of a CHE-1 target locus is less compact in neurons that lack their resident terminal selector and genetic epistasis studies with H3K9 methyltransferases suggest that this chromatin modification acts downstream of a terminal selector to restrict plasticity. Taken together, terminal selectors activate identity-specific genes and make non-identity-defining genes less accessible, thereby serving as a checkpoint to coordinate identity specification with restriction of cellular plasticity."
8655793,34901019,AP-1 Recruits SMAP-1/SMAPs to the trans-Golgi Network to Promote Sorting in Polarized Epithelia,2021,Frontiers in Cell and Developmental Biology,10.3389/fcell.2021.774401,"['Wang, Shimin', 'Yao, Longfeng', 'Zhang, Wenjuan', 'Cheng, Zihang', 'Hu, Can', 'Liu, Hang', 'Yan, Yanling', 'Shi, Anbing']","['c. elegans', 'polarized sorting', 'smap-1/smaps', 'ap-1', 'clathrin', 'intestinal epithelia']",3,"{'lsy-6': 0, 'che-1': 0}",0.0,"{'lsy-6': 0.0, 'che-1': 0.0}",0,"Coordinated AP-1 and clathrin coat assembly mediate secretory sorting on the trans-Golgi network (TGN) during conventional secretion. Here we found that SMAP-1/SMAPs deficiency caused the apical protein ERM-1 to accumulate on the basolateral side of the TGN. In contrast, the basolateral protein SLCF-1 appeared abnormally on the apical membrane. SMAP-1 colocalized with AP-1 on the TGN. The integrity of AP-1 is required for the subcellular presence of SMAP-1. Moreover, we found that the loss of SMAP-1 reduced clathrin-positive structures in the cytosol, suggesting that SMAP-1 has a regulatory role in clathrin assembly on the TGN. Functional experiments showed that overexpressing clathrin effectively alleviated exocytic defects due to the lack of SMAP-1, corroborating the role of SMAP-1 in promoting the assembly of clathrin on the TGN. Together, our results suggested that the AP-1 complex regulates the TGN localization of SMAP-1, promoting clathrin assembly to ensure polarized conventional secretion in C. elegans intestinal epithelia."
4714817,26771544,SLO BK Potassium Channels Couple Gap Junctions to Inhibition of Calcium Signaling in Olfactory Neuron Diversification,2016,PLoS Genetics,10.1371/journal.pgen.1005654,"['Alqadah, Amel', 'Hsieh, Yi-Wen', 'Schumacher, Jennifer A.', 'Wang, Xiaohong', 'Merrill, Sean A.', 'Millington, Grethel', 'Bayne, Brittany', 'Jorgensen, Erik M.', 'Chuang, Chiou-Fen', 'Desplan, Claude']",[],17,"{'lsy-6': 0, 'che-1': 0}",0.0,"{'lsy-6': 0.0, 'che-1': 0.0}",10058,"The C. elegans AWC olfactory neuron pair communicates to specify asymmetric subtypes AWCOFF and AWCON in a stochastic manner. Intercellular communication between AWC and other neurons in a transient NSY-5 gap junction network antagonizes voltage-activated calcium channels, UNC-2 (CaV2) and EGL-19 (CaV1), in the AWCON cell, but how calcium signaling is downregulated by NSY-5 is only partly understood. Here, we show that voltage- and calcium-activated SLO BK potassium channels mediate gap junction signaling to inhibit calcium pathways for asymmetric AWC differentiation. Activation of vertebrate SLO-1 channels causes transient membrane hyperpolarization, which makes it an important negative feedback system for calcium entry through voltage-activated calcium channels. Consistent with the physiological roles of SLO-1, our genetic results suggest that slo-1 BK channels act downstream of NSY-5 gap junctions to inhibit calcium channel-mediated signaling in the specification of AWCON. We also show for the first time that slo-2 BK channels are important for AWC asymmetry and act redundantly with slo-1 to inhibit calcium signaling. In addition, nsy-5-dependent asymmetric expression of slo-1 and slo-2 in the AWCON neuron is necessary and sufficient for AWC asymmetry. SLO-1 and SLO-2 localize close to UNC-2 and EGL-19 in AWC, suggesting a role of possible functional coupling between SLO BK channels and voltage-activated calcium channels in AWC asymmetry. Furthermore, slo-1 and slo-2 regulate the localization of synaptic markers, UNC-2 and RAB-3, in AWC neurons to control AWC asymmetry. We also identify the requirement of bkip-1, which encodes a previously identified auxiliary subunit of SLO-1, for slo-1 and slo-2 function in AWC asymmetry. Together, these results provide an unprecedented molecular link between gap junctions and calcium pathways for terminal differentiation of olfactory neurons."
7999509,33804034,Molecular and Supramolecular Structure of the Mitochondrial Oxidative Phosphorylation System: Implications for Pathology,2021,Life,10.3390/life11030242,"['Nesci, Salvatore', 'Trombetti, Fabiana', 'Pagliarani, Alessandra', 'Ventrella, Vittoria', 'Algieri, Cristina', 'Tioli, Gaia', 'Lenaz, Giorgio', 'Messina, Angela Anna']","['oxidative phosphorylation', 'respiratory supercomplexes', 'ros', 'atp synthase/hydrolase', 'mitochondrial dysfunction', 'mitochondrial permeability transition pore', 'cristae', 'cellular signaling']",33,"{'lsy-6': 0, 'che-1': 0}",0.0,"{'lsy-6': 0.0, 'che-1': 0.0}",0,"Under aerobic conditions, mitochondrial oxidative phosphorylation (OXPHOS) converts the energy released by nutrient oxidation into ATP, the currency of living organisms. The whole biochemical machinery is hosted by the inner mitochondrial membrane (mtIM) where the protonmotive force built by respiratory complexes, dynamically assembled as super-complexes, allows the F1FO-ATP synthase to make ATP from ADP + Pi. Recently mitochondria emerged not only as cell powerhouses, but also as signaling hubs by way of reactive oxygen species (ROS) production. However, when ROS removal systems and/or OXPHOS constituents are defective, the physiological ROS generation can cause ROS imbalance and oxidative stress, which in turn damages cell components. Moreover, the morphology of mitochondria rules cell fate and the formation of the mitochondrial permeability transition pore in the mtIM, which, most likely with the F1FO-ATP synthase contribution, permeabilizes mitochondria and leads to cell death. As the multiple mitochondrial functions are mutually interconnected, changes in protein composition by mutations or in supercomplex assembly and/or in membrane structures often generate a dysfunctional cascade and lead to life-incompatible diseases or severe syndromes. The known structural/functional changes in mitochondrial proteins and structures, which impact mitochondrial bioenergetics because of an impaired or defective energy transduction system, here reviewed, constitute the main biochemical damage in a variety of genetic and age-related diseases."
12142003,40476322,RNA-sequencing Analysis of Hybrid Females Reveals a Dominance of Expression of Alleles From Outcrossing Species Over Those From Selfing Species,2025,Genome Biology and Evolution,10.1093/gbe/evaf098,"['Shao, Yanwen', 'Zhang, Yiwen', 'Ren, Xiaoliang', 'Ho, Vincy Wing Sze', 'Bi, Yu', 'Zhao, Zhongying', 'Li, Runsheng', 'Lohmueller, Kirk']","['c. briggsae and c. nigoni', 'hybrid incompatibility', 'genetic asymmetry', 'nuclear–cytoplasmic incompatibility', 'interspecies']",0,"{'lsy-6': 0, 'che-1': 0}",0.0,"{'lsy-6': 0.0, 'che-1': 0.0}",11643,"The sister species Caenorhabditis briggsae and Caenorhabditis nigoni are the first Caenorhabditis nematode pair known to produce viable F1 hybrids, making them an ideal model for speciation study. Male F1 hybrids are lethal or sterile depending on the parent of origin, while F1 females, though viable, exhibit distinct phenotypes in fecundity and viability. Besides, both female hybrids could mate with C. nigoni males to produce viable progeny but experience hybrid breakdown when crossed with C. briggsae males. The molecular mechanisms driving these phenotype variations in F1 females remain unknown. Here, we analyzed the transcriptomes of F1 female hybrids from both crossing directions to examine whether a parent-specific haplotype dominates gene expression in the hybrids and to explore the mechanisms underlying the distinct phenotypes. We showed that in female hybrids from both directions, the C. nigoni haplotype was more abundantly expressed and maintained the parental expression patterns better than that of C. briggsae. We also observed an upregulation of female-biased genes in the C. nigoni haplotype of F1 females, which may explain their compatibility with C. nigoni males for producing viable progeny, suggesting a haplotype-specific influence on female reproductive traits. Our mitochondrial gene analysis suggested a nuclear–cytoplasmic incompatibility marked by cis-dominated expression patterns of mitochondrial genes, which may contribute to the reduced viability in F1 females. This research provides insights into the expression pattern of interspecies F1 female hybrids and the mechanisms underlying nonlethal hybrid incompatibility defects."
10055228,36993507,Neuron cilia constrain glial regulators to microdomains around distal neurons,2023,bioRxiv,10.1101/2023.03.18.533255,"['Ray, Sneha', 'Gurung, Pralaksha', 'Manning, R. Sean', 'Kravchuk, Alexandra', 'Singhvi, Aakanksha']","['glia', 'sensory processing', 'kcc-3', 'cell polarity', 'micro-domain']",0,"{'lsy-6': 0, 'che-1': 7}",1.991241918712586,"{'lsy-6': 0.0, 'che-1': 0.0010968348480100282}",6382,"Each glia interacts with multiple neurons, but the fundamental logic of whether it interacts with all equally remains unclear. We find that a single sense-organ glia modulates different contacting neurons distinctly. To do so, it partitions regulatory cues into molecular microdomains at specific neuron contact-sites, at its delimited apical membrane. For one glial cue, K/Cl transporter KCC-3, microdomain-localization occurs through a two-step, neuron-dependent process. First, KCC-3 shuttles to glial apical membranes. Second, some contacting neuron cilia repel it, rendering it microdomain-localized around one distal neuron-ending. KCC-3 localization tracks animal aging, and while apical localization is sufficient for contacting neuron function, microdomain-restriction is required for distal neuron properties. Finally, we find the glia regulates its microdomains largely independently. Together, this uncovers that glia modulate cross-modal sensor processing by compartmentalizing regulatory cues into microdomains. Glia across species contact multiple neurons and localize disease-relevant cues like KCC-3. Thus, analogous compartmentalization may broadly drive how glia regulate information processing across neural circuits."
2885315,20487527,"Analysis of the asymmetrically expressed Ablim1 locus reveals existence of a lateral plate Nodal-independent left sided signal and an early, left-right independent role for nodal flow",2010,BMC Developmental Biology,10.1186/1471-213X-10-54,"['Stevens, Jonathan', 'Ermakov, Alexander', 'Braganca, Jose', 'Hilton, Helen', 'Underhill, Peter', 'Bhattacharya, Shoumo', 'Brown, Nigel A', 'Norris, Dominic P']",[],9,"{'lsy-6': 0, 'che-1': 0}",0.0,"{'lsy-6': 0.0, 'che-1': 0.0}",0,"Vertebrates show clear asymmetry in left-right (L-R) patterning of their organs and associated vasculature. During mammalian development a cilia driven leftwards flow of liquid leads to the left-sided expression of Nodal, which in turn activates asymmetric expression of the transcription factor Pitx2. While Pitx2 asymmetry drives many aspects of asymmetric morphogenesis, it is clear from published data that additional asymmetrically expressed loci must exist."
11208286,,Posters,2024,FEBS Open Bio,10.1002/2211-5463.13837,[],[],0,"{'lsy-6': 0, 'che-1': 0}",0.0,"{'lsy-6': 0.0, 'che-1': 0.0}",0,NA
7613801,36302967,Elongator stabilizes microtubules to control central spindle asymmetry and polarized trafficking of cell fate determinants,2022,Nature cell biology,10.1038/s41556-022-01020-9,"['Planelles-Herrero, Vicente Jose', 'Bittleston, Alice', 'Seum, Carole', 'Gaitan, Marcos Gonzalez', 'Derivery, Emmanuel']",[],8,"{'lsy-6': 0, 'che-1': 0}",0.0,"{'lsy-6': 0.0, 'che-1': 0.0}",0,"Asymmetric cell division gives rise to two daughter cells that inherit different determinants, thereby acquiring different fates. Polarized trafficking of endosomes containing fate determinants recently emerged as an evolutionary conserved feature of asymmetric cell division to enhance the robustness of asymmetric cell fate determination in flies, fish and mammals. In particular, polarized sorting of signalling endosomes by an asymmetric central spindle contributes to asymmetric cell division in Drosophila. However, how central spindle asymmetry arises remains elusive. Here, we identify a moonlighting function of the Elongator complex – an established protein acetylase and tRNA methylase involved in the fidelity of protein translation – as a key factor for central spindle asymmetry. Elongator controls spindle asymmetry by stabilizing microtubules differentially on the anterior side of the central spindle. Accordingly, lowering the activity of Elongator on the anterior side using nanobodies mistargets endosomes to the wrong cell. Molecularly, Elongator regulates microtubule dynamics independently of its acetylation and methylation enzymatic activities. Instead, Elongator directly binds to microtubules and increases their polymerisation speed while decreasing their catastrophe frequency. Our data establish a non-canonical role of Elongator at the core of cytoskeleton polarity and asymmetric signalling."
5828666,29482721,Vibrator and PI4KIIIα govern neuroblast polarity by anchoring non-muscle myosin II,2018,eLife,10.7554/eLife.33555.026,"['Koe, Chwee Tat', 'Tan, Ye Sing', 'Lönnfors, Max', 'Hur, Seong Kwon', 'Low, Christine Siok Lan', 'Zhang, Yingjie', 'Kanchanawong, Pakorn', 'Bankaitis, Vytas A', 'Wang, Hongyan', 'Yamashita, Yukiko M', 'Yamashita, Yukiko M']","['neuroblast', 'drosophila', 'asymmetric division', 'phosphatidylinositol lipids', 'd. melanogaster']",15,"{'lsy-6': 0, 'che-1': 0}",0.0,"{'lsy-6': 0.0, 'che-1': 0.0}",25562,"A central feature of most stem cells is the ability to self-renew and undergo differentiation via asymmetric division. However, during asymmetric division the role of phosphatidylinositol (PI) lipids and their regulators is not well established. Here, we show that the sole type I PI transfer protein, Vibrator, controls asymmetric division of Drosophilaneural stem cells (NSCs) by physically anchoring myosin II regulatory light chain, Sqh, to the NSC cortex. Depletion of vib or disruption of its lipid binding and transfer activities disrupts NSC polarity. We propose that Vib stimulates PI4KIIIα to promote synthesis of a plasma membrane pool of phosphatidylinositol 4-phosphate [PI(4)P] that, in turn, binds and anchors myosin to the NSC cortex. Remarkably, Sqh also binds to PI(4)P in vitro and both Vib and Sqh mediate plasma membrane localization of PI(4)P in NSCs. Thus, reciprocal regulation between Myosin and PI(4)P likely governs asymmetric division of NSCs."
11113851,23184251,"Substrate ambiguity among the nudix hydrolases: biologically significant, evolutionary remnant, or both?",2012,Cellular and Molecular Life Sciences: CMLS,10.1007/s00018-012-1210-3,"['McLennan, Alexander G.']","['nudix', 'nucleotide', 'antimutator', 'decapping', 'diadenosine', 'inositol']",37,"{'lsy-6': 0, 'che-1': 0}",0.0,"{'lsy-6': 0.0, 'che-1': 0.0}",0,"Many members of the nudix hydrolase family exhibit considerable substrate multispecificity and ambiguity, which raises significant issues when assessing their functions in vivo and gives rise to errors in database annotation. Several display low antimutator activity when expressed in bacterial tester strains as well as some degree of activity in vitro towards mutagenic, oxidized nucleotides such as 8-oxo-dGTP. However, many of these show greater activity towards other nucleotides such as ADP-ribose or diadenosine tetraphosphate (Ap4A). The antimutator activities have tended to gain prominence in the literature, whereas they may in fact represent the residual activity of an ancestral antimutator enzyme that has become secondary to the more recently evolved major activity after gene duplication. Whether any meaningful antimutagenic function has also been retained in vivo requires very careful assessment. Then again, other examples of substrate ambiguity may indicate as yet unexplored regulatory systems. For example, bacterial Ap4A hydrolases also efficiently remove pyrophosphate from the 5′ termini of mRNAs, suggesting a potential role for Ap4A in the control of bacterial mRNA turnover, while the ability of some eukaryotic mRNA decapping enzymes to degrade IDP and dIDP or diphosphoinositol polyphosphates (DIPs) may also be indicative of new regulatory networks in RNA metabolism. DIP phosphohydrolases also degrade diadenosine polyphosphates and inorganic polyphosphates, suggesting further avenues for investigation. This article uses these and other examples to highlight the need for a greater awareness of the possible significance of substrate ambiguity among the nudix hydrolases as well as the need to exert caution when interpreting incomplete analyses."
9555638,36223339,Parafibromin governs cell polarity and centrosome assembly in Drosophila neural stem cells,2022,PLoS Biology,10.1371/journal.pbio.3001834.r008,"['Deng, Qiannan', 'Wang, Cheng', 'Koe, Chwee Tat', 'Heinen, Jan Peter', 'Tan, Ye Sing', 'Li, Song', 'Gonzalez, Cayetano', 'Sung, Wing-Kin', 'Wang, Hongyan', 'Homem, Catarina C. F.', 'Smith, Lucas', 'Smith, Lucas', 'Smith, Lucas', 'Smith, Lucas']",[],1,"{'lsy-6': 0, 'che-1': 0}",0.0,"{'lsy-6': 0.0, 'che-1': 0.0}",17829,"Neural stem cells (NSCs) divide asymmetrically to balance their self-renewal and differentiation, an imbalance in which can lead to NSC overgrowth and tumor formation. The functions of Parafibromin, a conserved tumor suppressor, in the nervous system are not established. Here, we demonstrate that Drosophila Parafibromin/Hyrax (Hyx) inhibits ectopic NSC formation by governing cell polarity. Hyx is essential for the asymmetric distribution and/or maintenance of polarity proteins. hyx depletion results in the symmetric division of NSCs, leading to the formation of supernumerary NSCs in the larval brain. Importantly, we show that human Parafibromin rescues the ectopic NSC phenotype in Drosophila hyx mutant brains. We have also discovered that Hyx is required for the proper formation of interphase microtubule-organizing center and mitotic spindles in NSCs. Moreover, Hyx is required for the proper localization of 2 key centrosomal proteins, Polo and AurA, and the microtubule-binding proteins Msps and D-TACC in dividing NSCs. Furthermore, Hyx directly regulates the polo and aurA expression in vitro. Finally, overexpression of polo and aurA could significantly suppress ectopic NSC formation and NSC polarity defects caused by hyx depletion. Our data support a model in which Hyx promotes the expression of polo and aurA in NSCs and, in turn, regulates cell polarity and centrosome/microtubule assembly. This new paradigm may be relevant to future studies on Parafibromin/HRPT2-associated cancers."
4875859,27105580,Two temporal functions of Glass: ommatidium patterning and photoreceptor differentiation,2016,Developmental biology,10.1016/j.ydbio.2016.04.012,"['Liang, Xulong', 'Mahato, Simpla', 'Hemmerich, Chris', 'Zelhof, Andrew C.']","['glass', 'pph13', 'prominin', 'photoreceptor', 'differentiation']",13,"{'lsy-6': 0, 'che-1': 0}",0.0,"{'lsy-6': 0.0, 'che-1': 0.0}",0,"Much progress has been made in elucidating the molecular networks required for specifying retinal cells, including photoreceptors, but the downstream mechanisms that maintain identity and regulate differentiation remain poorly understood. Here, we report that the transcription factor Glass has a dual role in establishing a functional Drosophila eye. Utilizing conditional rescue approaches, we confirm that persistent defects in ommatidium patterning combined with cell death correlate with the overall disruption of eye morphology in glass mutants. In addition, we reveal that Glass exhibits a separable role in regulating photoreceptor differentiation. In particular, we demonstrate the apparent loss of glass mutant photoreceptors is not only due to cell death but also a failure of the surviving photoreceptors to complete differentiation. Moreover, the late reintroduction of Glass in these developmentally stalled photoreceptors is capable of restoring differentiation in the absence of correct ommatidium patterning. Mechanistically, transcription profiling at the time of differentiation reveals that Glass is necessary for the expression of many genes implicated in differentiation, i.e. rhabdomere morphogenesis, phototransduction, and synaptogenesis. Specifically, we show Glass directly regulates the expression of Pph13, which encodes a transcription factor necessary for opsin expression and rhabdomere morphogenesis. Finally, we demonstrate the ability of Glass to choreograph photoreceptor differentiation is conserved between Drosophila and Tribolium, two holometabolous insects. Altogether, our work identifies a fundamental regulatory mechanism to generate the full complement of cells required for a functional rhabdomeric visual system and provides a critical framework to investigate the basis of differentiation and maintenance of photoreceptor identity."
3873164,23179635,Stem cells and lineages of the intestine: a developmental and evolutionary perspective,2012,Development genes and evolution,10.1007/s00427-012-0422-8,"['Takashima, Shigeo', 'Gold, David', 'Hartenstein, Volker']","['intestine', 'stem cell', 'cell fate', 'development', 'evolution']",36,"{'lsy-6': 0, 'che-1': 0}",0.0,"{'lsy-6': 0.0, 'che-1': 0.0}",0,"The intestine consists of epithelial cells that secrete digestive enzymes and mucus (gland cells), absorb food particles (enterocytes), and produce hormones (endocrine cells). Intestinal cells are rapidly turned over and need to be replaced. In cnidarians, mitosis of differentiated intestinal cells accounts for much of the replacement; in addition, migratory, multipotent stem cells (interstitial cells) contribute to the production of intestinal cells. In other phyla, intestinal cell replacement is solely the function of stem cells entering the gut from the outside (such as in case of the neoblasts of platyhelmints) or intestinal stem cells located within the midgut epithelium (as in both vertebrates or arthropods). We will attempt in the following to review important aspects of midgut stem cells in different animal groups: where are they located, what types of lineages do they produce, and how do they develop. We will start out with a comparative survey of midgut cell types found across the animal kingdom; then briefly look at the specification of these cells during embryonic development; and finally focus on the stem cells that regenerate midgut cells during adult life. In a number of model systems, including mouse, zebrafish and Drosophila, the molecular pathways controlling ISC proliferation and the specification of intestinal cell types are under intensive investigation. We will highlight findings of the recent literature, focusing on aspects that are shared between the different models and that point at evolutionary ancient mechanisms of intestinal cell formation."
3521995,22669168,General Principals of miRNA Biogenesis and Regulation in the Brain,2013,Neuropsychopharmacology,10.1038/npp.2012.87,"[""O\\'Carroll, Dónal"", 'Schaefer, Anne']","['mirna biogenesis', 'mirna expression', 'brain', 'neurons', 'animal models', 'epigenetics', 'gene expression', 'neurodegeneration/neuroprotection', 'plasticity', 'signal transduction']",112,"{'lsy-6': 0, 'che-1': 0}",0.0,"{'lsy-6': 0.0, 'che-1': 0.0}",0,"MicroRNAs (miRNAs) are small, noncoding RNAs that mediate posttranscriptional gene suppression in a sequence-specific manner. The ability of a single miRNA species to target multiple messenger RNAs (mRNAs) makes miRNAs exceptionally important regulators of various cellular functions. The regulatory capacity of miRNAs is increased further by the miRNA ability to suppress gene expression using multiple mechanisms that range from translational inhibition to mRNA degradation. The high miRNA diversity multiplied by the large number of individual miRNA targets generates a vast regulatory RNA network than enables flexible control of mRNA expression. The gene-regulatory capacity and diversity of miRNAs is particularly valuable in the brain, where functional specialization of neurons and persistent flow of information requires constant neuronal adaptation to environmental cues. In this review we will summarize the current knowledge about miRNA biogenesis and miRNA expression regulation with a focus on the role of miRNAs in the mammalian nervous system."
3830639,23978589,Tuning the cell fate of neurons and glia by microRNAs,2013,Current opinion in neurobiology,10.1016/j.conb.2013.08.002,"['Bian, Shan', 'Xu, Tian-le', 'Sun, Tao']",[],35,"{'lsy-6': 0, 'che-1': 0}",0.0,"{'lsy-6': 0.0, 'che-1': 0.0}",0,"The proper function of the nervous system depends on precise production and connection of distinct neurons and glia. Cell fate determination of neurons and glia is tightly controlled by complex gene expression regulation in the developing and adult nervous system. Emerging evidence has demonstrated the importance of noncoding microRNAs (miRNAs) in neural development and function. This review highlights current discoveries of miRNA functions in specifying neuronal and glial cell fate. We summarize the roles of miRNAs in expansion and differentiation of neural stem cells, specification of neuronal subtypes and glial cells, reprogramming of functional neurons from embryonic stem cells and fibroblasts, and left-right asymmetric organization of neuronal subtypes. Investigating the network of interactions between miRNAs and target genes will reveal new gene regulation machinery involved in tuning the cell fate decisions of neurons and glia."
4284387,25172833,"The role of microRNAs in human neural stem cells, neuronal differentiation and subtype specification",2014,Cell and Tissue Research,10.1007/s00441-014-1981-y,"['Stappert, Laura', 'Roese-Koerner, Beate', 'Brüstle, Oliver']","['micrornas', 'neural development', 'cell fate specification', 'human neural stem cells', 'neuronal subtypes']",53,"{'lsy-6': 0, 'che-1': 0}",0.0,"{'lsy-6': 0.0, 'che-1': 0.0}",8953,"The impressive neuronal diversity found within the nervous system emerges from a limited pool of neural progenitor cells that proceed through different gene expression programs to acquire distinct cell fates. Here, we review recent evidence indicating that microRNAs (miRNAs) are critically involved in conferring neural cell identities during neural induction, neuronal differentiation and subtype specification. Several studies have shown that miRNAs act in concert with other gene regulatory factors and genetic switches to regulate the spatial and temporal expression profiles of important cell fate determinants. So far, most studies addressing the role of miRNAs during neurogenesis were conducted using animal models. With the advent of human pluripotent stem cells and the possibility to differentiate these into neural stem cells, we now have the opportunity to study miRNAs in a human context. More insight into the impact of miRNA-based regulation during neural fate choice could in the end be exploited to develop new strategies for the generation of distinct human neuronal cell types."
9378680,35835116,Temporally dynamic antagonism between transcription and chromatin compaction controls stochastic photoreceptor specification in the fly eye,2022,Developmental cell,10.1016/j.devcel.2022.06.016,"['Voortman, Lukas', 'Anderson, Caitlin', 'Urban, Elizabeth', 'Yuan, Rongxin', 'Tran, Sang', 'Neuhaus-Follini, Alexandra', 'Derrick, Josh', 'Gregor, Thomas', 'Johnston, Robert J.']","['spineless', 'stochastic', 'eye', 'retina', 'drosophila', 'photoreceptor', 'enhancer', 'chromatin', 'klumpfuss', 'ash2', 'lid']",12,"{'lsy-6': 0, 'che-1': 0}",0.0,"{'lsy-6': 0.0, 'che-1': 0.0}",0,"Stochastic mechanisms diversify cell fates during development. How cells randomly choose between two or more fates remains poorly understood. In the Drosophila eye, the random mosaic of two R7 photoreceptor subtypes is determined by expression of the transcription factor Spineless (Ss). We investigated how cis-regulatory elements and trans factors regulate nascent transcriptional activity and chromatin compaction at the ss gene locus during R7 development. The ss locus is in a compact state in undifferentiated cells. An early enhancer drives transcription in all R7 precursors and the locus opens. In differentiating cells, transcription ceases and the ss locus stochastically remains open or compacts. In SsON R7s, ss is open and competent for activation by a late enhancer, whereas in SsOFF R7s, ss is compact and repression prevents expression. Our results suggest that a temporally dynamic antagonism, in which transcription drives large-scale decompaction and then compaction represses transcription, controls stochastic fate specification."
11627187,,ACNP 63rd Annual Meeting: Poster Abstracts P305-P608,2024,Neuropsychopharmacology,10.1038/s41386-024-02012-z,[],[],0,"{'lsy-6': 0, 'che-1': 0}",0.0,"{'lsy-6': 0.0, 'che-1': 0.0}",0,NA
10197596,37214924,Asymmetric control of food intake by left and right vagal sensory neurons,2023,bioRxiv,10.1101/2023.05.08.539627,"['de Araujo, Alan Moreira', 'Braga, Isadora', 'Leme, Gabriel', 'Singh, Arashdeep', 'McDougle, Molly', 'Smith, Justin', 'Vergara, Macarena', 'Yang, Mingxing', 'Lin, M', 'Khoshbouei, H', 'Krause, Eric', 'de Oliveira, Andre G', 'de Lartigue, Guillaume']",[],1,"{'lsy-6': 0, 'che-1': 0}",0.0,"{'lsy-6': 0.0, 'che-1': 0.0}",7289,"We investigated the lateralization of gut-innervating vagal sensory neurons and their roles in feeding behavior. Using genetic, anatomical, and behavioral analyses, we discovered a subset of highly lateralized vagal sensory neurons with distinct sensory responses to intestinal stimuli. Our results demonstrated that left vagal sensory neurons (LNG) are crucial for distension-induced satiety, while right vagal sensory neurons (RNG) mediate preference for nutritive foods. Furthermore, these lateralized neurons engage different central circuits, with LNG neurons recruiting brain regions associated with energy balance and RNG neurons activating areas related to salience, memory, and reward. Altogether, our findings unveil the diverse roles of asymmetrical gut-vagal-brain circuits in feeding behavior, offering new insights for potential therapeutic interventions targeting vagal nerve stimulation in metabolic and neuropsychiatric diseases."
9102361,35549704,ASC proneural factors are necessary for chromatin remodeling during neuroectodermal to neuroblast fate transition to ensure the timely initiation of the neural stem cell program,2022,BMC Biology,10.1186/s12915-022-01300-8,"['Theodorou, Vasiliki', 'Stefanaki, Aikaterini', 'Drakos, Minas', 'Triantafyllou, Dafne', 'Delidakis, Christos']","['proneural factors', 'achaete-scute complex (asc)', 'ascl', 'enhancers', 'neural stem cell', 'neurogenesis', 'neuroblast', 'chip-seq', 'histone marks', 'notch signaling']",0,"{'lsy-6': 0, 'che-1': 0}",0.0,"{'lsy-6': 0.0, 'che-1': 0.0}",0,"In both Drosophila and mammals, the achaete-scute (ASC/ASCL) proneural bHLH transcription factors are expressed in the developing central and peripheral nervous systems, where they function during specification and maintenance of the neural stem cells in opposition to Notch signaling. In addition to their role in nervous system development, ASC transcription factors are oncogenic and exhibit chromatin reprogramming activity; however, the impact of ASC on chromatin dynamics during neural stem cell generation remains elusive. Here, we investigate the chromatin changes accompanying neural commitment using an integrative genetics and genomics methodology."
4764667,26911697,A Distributed Network for Social Cognition Enriched for Oxytocin Receptors,2016,The Journal of Neuroscience,10.1523/JNEUROSCI.2409-15.2016,"['Mitre, Mariela', 'Marlin, Bianca J.', 'Schiavo, Jennifer K.', 'Morina, Egzona', 'Norden, Samantha E.', 'Hackett, Troy A.', 'Aoki, Chiye J.', 'Chao, Moses V.', 'Froemke, Robert C.']","['antibody', 'auditory cortex', 'development', 'inhibition', 'oxytocin', 'synaptic plasticity']",129,"{'lsy-6': 0, 'che-1': 0}",0.0,"{'lsy-6': 0.0, 'che-1': 0.0}",0,"Oxytocin is a neuropeptide important for social behaviors such as maternal care and parent–infant bonding. It is believed that oxytocin receptor signaling in the brain is critical for these behaviors, but it is unknown precisely when and where oxytocin receptors are expressed or which neural circuits are directly sensitive to oxytocin. To overcome this challenge, we generated specific antibodies to the mouse oxytocin receptor and examined receptor expression throughout the brain. We identified a distributed network of female mouse brain regions for maternal behaviors that are especially enriched for oxytocin receptors, including the piriform cortex, the left auditory cortex, and CA2 of the hippocampus. Electron microscopic analysis of the cerebral cortex revealed that oxytocin receptors were mainly expressed at synapses, as well as on axons and glial processes. Functionally, oxytocin transiently reduced synaptic inhibition in multiple brain regions and enabled long-term synaptic plasticity in the auditory cortex. Thus modulation of inhibition may be a general mechanism by which oxytocin can act throughout the brain to regulate parental behaviors and social cognition."
10357692,37475056,"Axonal energy metabolism, and the effects in aging and neurodegenerative diseases",2023,Molecular Neurodegeneration,10.1186/s13024-023-00634-3,"['Yang, Sen', 'Park, Jung Hyun', 'Lu, Hui-Chen']","['aging', 'axonopathy', 'axonal bioenergetics', 'energy metabolism', 'glucose', 'glycolysis', 'mitochondria', 'nad', 'neurodegeneration', 'neuroprotection']",41,"{'lsy-6': 0, 'che-1': 0}",0.0,"{'lsy-6': 0.0, 'che-1': 0.0}",0,"Human studies consistently identify bioenergetic maladaptations in brains upon aging and neurodegenerative disorders of aging (NDAs), such as Alzheimer’s disease, Parkinson’s disease, Huntington’s disease, and Amyotrophic lateral sclerosis. Glucose is the major brain fuel and glucose hypometabolism has been observed in brain regions vulnerable to aging and NDAs. Many neurodegenerative susceptible regions are in the topological central hub of the brain connectome, linked by densely interconnected long-range axons. Axons, key components of the connectome, have high metabolic needs to support neurotransmission and other essential activities. Long-range axons are particularly vulnerable to injury, neurotoxin exposure, protein stress, lysosomal dysfunction, etc. Axonopathy is often an early sign of neurodegeneration. Recent studies ascribe axonal maintenance failures to local bioenergetic dysregulation. With this review, we aim to stimulate research in exploring metabolically oriented neuroprotection strategies to enhance or normalize bioenergetics in NDA models. Here we start by summarizing evidence from human patients and animal models to reveal the correlation between glucose hypometabolism and connectomic disintegration upon aging/NDAs. To encourage mechanistic investigations on how axonal bioenergetic dysregulation occurs during aging/NDAs, we first review the current literature on axonal bioenergetics in distinct axonal subdomains: axon initial segments, myelinated axonal segments, and axonal arbors harboring pre-synaptic boutons. In each subdomain, we focus on the organization, activity-dependent regulation of the bioenergetic system, and external glial support. Second, we review the mechanisms regulating axonal nicotinamide adenine dinucleotide (NAD+) homeostasis, an essential molecule for energy metabolism processes, including NAD+ biosynthetic, recycling, and consuming pathways. Third, we highlight the innate metabolic vulnerability of the brain connectome and discuss its perturbation during aging and NDAs. As axonal bioenergetic deficits are developing into NDAs, especially in asymptomatic phase, they are likely exaggerated further by impaired NAD+ homeostasis, the high energetic cost of neural network hyperactivity, and glial pathology. Future research in interrogating the causal relationship between metabolic vulnerability, axonopathy, amyloid/tau pathology, and cognitive decline will provide fundamental knowledge for developing therapeutic interventions."
12012615,40208939,Arf1 and ARFGEF2/Sec71 control neuroblast polarity by anchoring nonmuscle myosin II,2025,Proceedings of the National Academy of Sciences of the United States of America,10.1073/pnas.2419468122,"['Gujar, Mahekta R.', 'Tan, Ye Sing', 'Gao, Yang', 'Wang, Hongyan']","['drosophila', 'asymmetric cell division', 'golgi', 'nonmuscle myosin ii', 'phosphatidylinositol lipids']",0,"{'lsy-6': 0, 'che-1': 0}",0.0,"{'lsy-6': 0.0, 'che-1': 0.0}",0,"The ability of neural stem cells to divide asymmetrically is key for cell diversity and tissue balance. Disruptions in this process can lead to neurodevelopmental disorders. We show that Golgi proteins Arf1 and its GEF Sec71 regulate cell polarity in Drosophila neuroblasts, controlling asymmetric division by promoting myosin II localization. These findings offer insights into the molecular mechanisms of neuroblast division and brain development."
10592846,37873323,Stem cell-specific ecdysone signaling regulates the development and function of a Drosophila sleep homeostat,2023,bioRxiv,10.1101/2023.09.29.560022,"['Wani, Adil R', 'Chowdhury, Budhaditya', 'Luong, Jenny', 'Chaya, Gonzalo Morales', 'Patel, Krishna', 'Isaacman-Beck, Jesse', 'Shafer, Orie', 'Kayser, Matthew S.', 'Syed, Mubarak Hussain']",[],0,"{'lsy-6': 0, 'che-1': 0}",0.0,"{'lsy-6': 0.0, 'che-1': 0.0}",6479,"Complex behaviors arise from neural circuits that are assembled from diverse cell types. Sleep is a conserved and essential behavior, yet little is known regarding how the nervous system generates neuron types of the sleep-wake circuit. Here, we focus on the specification of Drosophila sleep-promoting neurons—long-field tangential input neurons that project to the dorsal layers of the fan-shaped body neuropil in the central complex (CX). We use lineage analysis and genetic birth dating to identify two bilateral Type II neural stem cells that generate these dorsal fan-shaped body (dFB) neurons. We show that adult dFB neurons express Ecdysone-induced protein E93, and loss of Ecdysone signaling or E93 in Type II NSCs results in the misspecification of the adult dFB neurons. Finally, we show that E93 knockdown in Type II NSCs affects adult sleep behavior. Our results provide insight into how extrinsic hormonal signaling acts on NSCs to generate neuronal diversity required for adult sleep behavior. These findings suggest that some adult sleep disorders might derive from defects in stem cell-specific temporal neurodevelopmental programs."
3322243,22394487,Cortical aPKC kinase activity distinguishes neural stem cells from progenitor cells by ensuring asymmetric segregation of Numb,2012,Developmental Biology,10.1016/j.ydbio.2012.02.027,"['Haenfler, Jill M.', 'Kuang, Chaoyuan', 'Lee, Cheng-Yu']","['asymmetric division', 'cell polarity', 'intermediate neural progenitor', 'neuroblast', 'lethal (2) giant larvae', 'numb']",24,"{'lsy-6': 0, 'che-1': 0}",0.0,"{'lsy-6': 0.0, 'che-1': 0.0}",0,"During asymmetric stem cell division, polarization of the cell cortex targets fate determinants unequally into the sibling daughters, leading to regeneration of a stem cell and production of a progenitor cell with restricted developmental potential. In mitotic neural stem cells (neuroblasts) in fly larval brains, the antagonistic interaction between the polarity proteins Lethal (2) giant larvae (Lgl) and atypical Protein Kinase C (aPKC) ensures self-renewal of a daughter neuroblast and generation of a progenitor cell by regulating asymmetric segregation of fate determinants. In the absence of lgl function, elevated cortical aPKC kinase activity perturbs unequal partitioning of the fate determinants including Numb and induces supernumerary neuroblasts in larval brains. However, whether increased aPKC function triggers formation of excess neuroblasts by inactivating Numb remains controversial. To investigate how increased cortical aPKC function induces formation of excess neuroblasts, we analyzed the fate of cells in neuroblast lineage clones in lgl mutant brains. Surprisingly, our analyses revealed that neuroblasts in lgl mutant brains undergo asymmetric division to produce progenitor cells, which then revert back into neuroblasts. In lgl mutant brains, Numb remained localized in the cortex of mitotic neuroblasts and failed to segregate exclusively into the progenitor cell following completion of asymmetric division. These results led us to propose that elevated aPKC function in the cortex of mitotic neuroblasts reduces the function of Numb in the future progenitor cells. We identified that the acyl-CoA binding domain containing 3 protein (ACBD3) binding region is essential for asymmetric segregation of Numb in mitotic neuroblasts and suppression of the supernumerary neuroblast phenotype induced by increased aPKC function. The ACBD3 binding region of Numb harbors two aPKC phosphorylation sites, serines 48 and 52. Surprisingly, while the phosphorylation status at these two sites directly impinged on asymmetric segregation of Numb in mitotic neuroblasts, both the phosphomimetic and non-phosphorylatable form of Numb suppressed formation of excess neuroblasts triggered by increased cortical aPKC function. Thus, we propose that precise regulation of cortical aPKC kinase activity distinguishes the sibling cell identity in part by ensuring asymmetric partitioning of Numb into the future progenitor cell where Numb maintains restricted potential independently of regulation by aPKC."
12621761,41256433,Altering cell size asymmetry in Drosophila neural stem cells creates supernumerary stem cells with limited lineage expansion potential,2025,bioRxiv,10.1101/2025.09.26.678890,"['Delgado, Melissa K', 'Hertzler, J Ian', 'Jannetty, Sophia', 'Hoover, Mia', 'Yin, Chang', 'Yilmaz, Ilara', 'Vahdat, Danielle', 'von Barnau Sythoff, Adam', 'Parrish, Jay Z.', 'Bagheri, Neda', 'Cabernard, Clemens']",[],0,"{'lsy-6': 0, 'che-1': 0}",0.0,"{'lsy-6': 0.0, 'che-1': 0.0}",11627,"Asymmetrically dividing invertebrate and vertebrate stem cells can generate unequal sized sibling cells. However, the functional implications of cell size asymmetry (CSA) are underexplored. Here, we use Drosophila neural stem cells (NSCs) to investigate how changes in CSA impact NSC proliferation and cell fate decisions. Using live cell imaging, NSC lineage analysis, and gene expression profiling, we find that altering CSA increases the NSC pool but decreases lineage size and the number of differentiating progeny cells. Modeling CSA in silico with a volume-sensitivity and NSC self-inhibition model can recapitulate these findings. Gene expression profiling further revealed that the NSC growth regulator Imp and the G1-S cell cycle regulator CycE are upregulated in NSCs with altered CSA, providing a potential molecular link to the volume-sensitivity model. We propose that cell size and position regulate NSC proliferation and differential potential, impacting lineage progression and progeny cell differentiation in the developing Drosophila brain."
5703611,28923978,MCAM contributes to the establishment of cell autonomous polarity in myogenic and chondrogenic differentiation,2017,Biology Open,10.1242/bio.027771,"['Moreno-Fortuny, Artal', 'Bragg, Laricia', 'Cossu, Giulio', 'Roostalu, Urmas']","['cd146', 'mesoderm differentiation', 'scrib', 'vangl2', 'myotube elongation']",6,"{'lsy-6': 0, 'che-1': 0}",0.0,"{'lsy-6': 0.0, 'che-1': 0.0}",5475,"Cell polarity has a fundamental role in shaping the morphology of cells and growing tissues. Polarity is commonly thought to be established in response to extracellular signals. Here we used a minimal in vitro assay that enabled us to monitor the determination of cell polarity in myogenic and chondrogenic differentiation in the absence of external signalling gradients. We demonstrate that the initiation of cell polarity is regulated by melanoma cell adhesion molecule (MCAM). We found highly polarized localization of MCAM, Moesin (MSN), Scribble (SCRIB) and Van-Gogh-like 2 (VANGL2) at the distal end of elongating myotubes. Knockout of MCAM or elimination of its endocytosis motif does not impair the initiation of myogenesis or myoblast fusion, but prevents myotube elongation. MSN, SCRIB and VANGL2 remain uniformly distributed in MCAM knockout cells. We show that MCAM is also required at early stages of chondrogenic differentiation. In both myogenic and chondrogenic differentiation MCAM knockout leads to transcriptional downregulation of Scrib and enhanced MAP kinase activity. Our data demonstrates the importance of cell autonomous polarity in differentiation."
11537841,39383867,Stem-cell specific ecdysone signaling regulates the development of dorsal fan-shaped body neurons and sleep homeostasis,2024,Current biology : CB,10.1016/j.cub.2024.09.020,"['Wani, Adil R', 'Chowdhury, Budhaditya', 'Luong, Jenny', 'Chaya, Gonzalo Morales', 'Patel, Krishna', 'Isaacman-Beck, Jesse', 'Kayser, Matthew S.', 'Syed, Mubarak Hussain']","['neural stem cells', 'type ii lineages', 'temporal patterning', 'neural identity', 'neural cell fate', 'central complex', 'steroid hormones', 'dorsal fan-shaped body neurons', 'sleep fragmentation']",1,"{'lsy-6': 0, 'che-1': 0}",0.0,"{'lsy-6': 0.0, 'che-1': 0.0}",0,"Complex behaviors arise from neural circuits that assemble from diverse cell types. Sleep is a conserved behavior essential for survival, yet little is known about how the nervous system generates neuron types of a sleep-wake circuit. Here, we focus on the specification of Drosophila 23E10-labeled dorsal fan-shaped body (dFB) long-field tangential input neurons that project to the dorsal layers of the fan-shaped body neuropil in the central complex. We use lineage analysis and genetic birth dating to identify two bilateral Type II neural stem cells that generate 23E10 dFB neurons. We show that adult 23E10 dFB neurons express Ecdysone-induced protein 93 (E93), and loss of ecdysone signaling or E93 in Type II NSCs results in their misspecification. Finally, we show that E93 knockdown in Type II NSCs impairs adult sleep behavior. Our results provide insight into how extrinsic hormonal signaling acts on NSCs to generate neuronal diversity required for adult sleep behavior. These findings suggest that some adult sleep disorders might derive from defects in stem cell-specific temporal neurodevelopmental programs."
1460730,10471706,The Berkeley Drosophila Genome Project gene disruption project: Single P-element insertions mutating 25% of vital Drosophila genes.,1999,Genetics,10.1093/genetics/153.1.135,"['Spradling, A C', 'Stern, D', 'Beaton, A', 'Rhem, E J', 'Laverty, T', 'Mozden, N', 'Misra, S', 'Rubin, G M']",[],388,"{'lsy-6': 0, 'che-1': 0}",0.0,"{'lsy-6': 0.0, 'che-1': 0.0}",0,"A fundamental goal of genetics and functional genomics is to identify and mutate every gene in model organisms such as Drosophila melanogaster. The Berkeley Drosophila Genome Project (BDGP) gene disruption project generates single P-element insertion strains that each mutate unique genomic open reading frames. Such strains strongly facilitate further genetic and molecular studies of the disrupted loci, but it has remained unclear if P elements can be used to mutate all Drosophila genes. We now report that the primary collection has grown to contain 1045 strains that disrupt more than 25% of the estimated 3600 Drosophila genes that are essential for adult viability. Of these P insertions, 67% have been verified by genetic tests to cause the associated recessive mutant phenotypes, and the validity of most of the remaining lines is predicted on statistical grounds. Sequences flanking >920 insertions have been determined to exactly position them in the genome and to identify 376 potentially affected transcripts from collections of EST sequences. Strains in the BDGP collection are available from the Bloomington Stock Center and have already assisted the research community in characterizing >250 Drosophila genes. The likely identity of 131 additional genes in the collection is reported here. Our results show that Drosophila genes have a wide range of sensitivity to inactivation by P elements, and provide a rationale for greatly expanding the BDGP primary collection based entirely on insertion site sequencing. We predict that this approach can bring >85% of all Drosophila open reading frames under experimental control."
8567830,34746623,Neuronal classification from network connectivity via adjacency spectral embedding,2021,Network Neuroscience,10.1162/netn_a_00195,"['Mehta, Ketan', 'Goldin, Rebecca F.', 'Marchette, David', 'Vogelstein, Joshua T.', 'Priebe, Carey E.', 'Ascoli, Giorgio A.']","['directed graphs', 'expectation maximization', 'neural circuits', 'stochastic block models', 'cell-type classification', 'spectral embedding']",3,"{'lsy-6': 0, 'che-1': 0}",0.0,"{'lsy-6': 0.0, 'che-1': 0.0}",5719,"This work presents a novel strategy for classifying neurons, represented by nodes of a directed graph, based on their circuitry (edge connectivity). We assume a stochastic block model (SBM) in which neurons belong together if they connect to neurons of other groups according to the same probability distributions. Following adjacency spectral embedding of the SBM graph, we derive the number of classes and assign each neuron to a class with a Gaussian mixture model-based expectation maximization (EM) clustering algorithm. To improve accuracy, we introduce a simple variation using random hierarchical agglomerative clustering to initialize the EM algorithm and picking the best solution over multiple EM restarts. We test this procedure on a large (≈212–215 neurons), sparse, biologically inspired connectome with eight neuron classes. The simulation results demonstrate that the proposed approach is broadly stable to the choice of embedding dimension, and scales extremely well as the number of neurons in the network increases. Clustering accuracy is robust to variations in model parameters and highly tolerant to simulated experimental noise, achieving perfect classifications with up to 40% of swapped edges. Thus, this approach may be useful to analyze and interpret large-scale brain connectomics data in terms of underlying cellular components."
12288826,38411307,Hybridization and gene expression: Beyond differentially expressed genes,2024,Molecular Ecology,10.1111/mec.17303,"['Runemark, Anna', 'Moore, Emily C.', 'Larson, Erica L.']","['evolutionary novelty', 'gene networks', 'rnaseq', 'speciation', 'transcriptomics']",5,"{'lsy-6': 0, 'che-1': 0}",0.0,"{'lsy-6': 0.0, 'che-1': 0.0}",0,"Gene expression has a key role in reproductive isolation, and studies of hybrid gene expression have identified mechanisms causing hybrid sterility. Here, we review the evidence for altered gene expression following hybridization and outline the mechanisms shown to contribute to altered gene expression in hybrids. Transgressive gene expression, transcending that of both parental species, is pervasive in early generation sterile hybrids, but also frequently observed in viable, fertile hybrids. We highlight studies showing that hybridization can result in transgressive gene expression, also in established hybrid lineages or species. Such extreme patterns of gene expression in stabilized hybrid taxa suggest that altered hybrid gene expression may result in hybridization‐derived evolutionary novelty. We also conclude that while patterns of misexpression in hybrids are well documented, the understanding of the mechanisms causing misexpression is lagging. We argue that jointly assessing differences in cell composition and cell‐specific changes in gene expression in hybrids, in addition to assessing changes in chromatin and methylation, will significantly advance our understanding of the basis of altered gene expression. Moreover, uncovering to what extent evolution of gene expression results in altered expression for individual genes, or entire networks of genes, will advance our understanding of how selection moulds gene expression. Finally, we argue that jointly studying the dual roles of altered hybrid gene expression, serving both as a mechanism for reproductive isolation and as a substrate for hybrid ecological adaptation, will lead to significant advances in our understanding of the evolution of gene expression."
8217251,34155279,Genome-enabled discovery of evolutionary divergence in brains and behavior,2021,Scientific Reports,10.1038/s41598-021-92385-8,"['Patil, Chinar', 'Sylvester, Jonathan B.', 'Abdilleh, Kawther', 'Norsworthy, Michael W.', 'Pottin, Karen', 'Malinsky, Milan', 'Bloomquist, Ryan F.', 'Johnson, Zachary V.', 'McGrath, Patrick T.', 'Streelman, Jeffrey T.']","['developmental biology', 'evolution', 'neuroscience']",5,"{'lsy-6': 0, 'che-1': 0}",0.0,"{'lsy-6': 0.0, 'che-1': 0.0}",7441,"Lake Malawi cichlid fishes exhibit extensive divergence in form and function built from a relatively small number of genetic changes. We compared the genomes of rock- and sand-dwelling species and asked which genetic variants differed among the groups. We found that 96% of differentiated variants reside in non-coding sequence but these non-coding diverged variants are evolutionarily conserved. Genome regions near differentiated variants are enriched for craniofacial, neural and behavioral categories. Following leads from genome sequence, we used rock- vs. sand-species and their hybrids to (i) delineate the push–pull roles of BMP signaling and irx1b in the specification of forebrain territories during gastrulation and (ii) reveal striking context-dependent brain gene expression during adult social behavior. Our results demonstrate how divergent genome sequences can predict differences in key evolutionary traits. We highlight the promise of evolutionary reverse genetics—the inference of phenotypic divergence from unbiased genome sequencing and then empirical validation in natural populations."
2605794,18388284,Stochasticity and Cell Fate,2008,"Science (New York, N.Y.)",10.1126/science.1147888,"['Losick, Richard', 'Desplan, Claude']",[],292,"{'lsy-6': 0, 'che-1': 0}",0.0,"{'lsy-6': 0.0, 'che-1': 0.0}",0,"Fundamental to living cells is the capacity to differentiate into subtypes with specialized attributes. Understanding the way cells acquire their fates is a major challenge in developmental biology. How cells adopt a particular fate is usually thought of as being deterministic, and in the large majority of cases it is. That is, cells acquire their fate by virtue of their lineage or their proximity to an inductive signal from another cell. In some cases, however, and in organisms ranging from bacteria to humans, cells choose one or another pathway of differentiation stochastically without apparent regard to environment or history. Stochasticity has important mechanistic requirements as we discuss. We will also speculate on why stochasticity is advantageous, and even critical in some circumstances, to the individual, the colony, or the species."
8981590,35392413,Integration of Spatial and Temporal Patterning in the Invertebrate and Vertebrate Nervous System,2022,Frontiers in Neuroscience,10.3389/fnins.2022.854422,"['Chen, Yen-Chung', 'Konstantinides, Nikolaos']","['neuronal diversity', 'spatial patterning', 'temporal patterning', 'evolution of developmental mechanisms', 'fate specification', 'drosophila', 'vertebrates']",15,"{'lsy-6': 0, 'che-1': 0}",0.0,"{'lsy-6': 0.0, 'che-1': 0.0}",0,"The nervous system is one of the most sophisticated animal tissues, consisting of thousands of interconnected cell types. How the nervous system develops its diversity from a few neural stem cells remains a challenging question. Spatial and temporal patterning mechanisms provide an efficient model through which diversity can be generated. The molecular mechanism of spatiotemporal patterning has been studied extensively in Drosophila melanogaster, where distinct sets of transcription factors define the spatial domains and temporal windows that give rise to different cell types. Similarly, in vertebrates, spatial domains defined by transcription factors produce different types of neurons in the brain and neural tube. At the same time, different cortical neuronal types are generated within the same cell lineage with a specific birth order. However, we still do not understand how the orthogonal information of spatial and temporal patterning is integrated into the progenitor and post-mitotic cells to combinatorially give rise to different neurons. In this review, after introducing spatial and temporal patterning in Drosophila and mice, we discuss possible mechanisms that neural progenitors may use to integrate spatial and temporal information. We finally review the functional implications of spatial and temporal patterning and conclude envisaging how small alterations of these mechanisms can lead to the evolution of new neuronal cell types."
6274879,30469390,Insect Transcription Factors: A Landscape of Their Structures and Biological Functions in Drosophila and beyond,2018,International Journal of Molecular Sciences,10.3390/ijms19113691,"['Guo, Zhaojiang', 'Qin, Jianying', 'Zhou, Xiaomao', 'Zhang, Youjun']","['insect', 'transcription factors', 'structures and functions', 'research methods', 'progress and prospects']",20,"{'lsy-6': 0, 'che-1': 0}",0.0,"{'lsy-6': 0.0, 'che-1': 0.0}",0,"Transcription factors (TFs) play essential roles in the transcriptional regulation of functional genes, and are involved in diverse physiological processes in living organisms. The fruit fly Drosophila melanogaster, a simple and easily manipulated organismal model, has been extensively applied to study the biological functions of TFs and their related transcriptional regulation mechanisms. It is noteworthy that with the development of genetic tools such as CRISPR/Cas9 and the next-generation genome sequencing techniques in recent years, identification and dissection the complex genetic regulatory networks of TFs have also made great progress in other insects beyond Drosophila. However, unfortunately, there is no comprehensive review that systematically summarizes the structures and biological functions of TFs in both model and non-model insects. Here, we spend extensive effort in collecting vast related studies, and attempt to provide an impartial overview of the progress of the structure and biological functions of current documented TFs in insects, as well as the classical and emerging research methods for studying their regulatory functions. Consequently, considering the importance of versatile TFs in orchestrating diverse insect physiological processes, this review will assist a growing number of entomologists to interrogate this understudied field, and to propel the progress of their contributions to pest control and even human health."
8279093,34147625,The potential of mechanistic information organised within the AOP framework to increase regulatory uptake of the developmental neurotoxicity (DNT) in vitro battery of assays,2021,"Reproductive Toxicology (Elmsford, N.y.)",10.1016/j.reprotox.2021.06.006,"['Sachana, Magdalini', 'Willett, Catherine', 'Pistollato, Francesca', 'Bal-Price, Anna']","['in vitro developmental neurotoxicity testing', 'regulatory purposes', 'adverse outcome pathways', 'integrated approaches to testing and assessment', 'neurodevelopmental disorders']",15,"{'lsy-6': 0, 'che-1': 0}",0.0,"{'lsy-6': 0.0, 'che-1': 0.0}",6144,•Current in vivo DNT testing for regulatory purposes is not effective.•In vitro assays anchored to key neurodevelopmental processes are available.•Development of Adverse Outcome Pathways is required to increase mechanistic understanding of DNT effects.•DNT Integrated Approaches to Testing and Assessment for various regulatory purposes should be developed.•The OECD Guidance Document on use of in vitro DNT battery of assays is currently under development.
4617833,26411685,Chromatin architecture of the Pitx2 locus requires CTCF and Pitx2 dependent asymmetry that mirrors embryonic gut laterality,2015,Cell reports,10.1016/j.celrep.2015.08.075,"['Welsh, Ian C.', 'Kwak, Hojoong', 'Chen, Frances L.', 'Werner, Melissa', 'Shopland, Lindsay S.', 'Danko, Charles G.', 'Lis, John T.', 'Zhang, Min', 'Martin, James F.', 'Kurpios, Natasza A.']",[],27,"{'lsy-6': 0, 'che-1': 0}",0.0,"{'lsy-6': 0.0, 'che-1': 0.0}",0,"Expression of Pitx2 on the left side of the embryo patterns left-right (LR) organs including the dorsal mesentery (DM), whose asymmetric cell behavior directs gut looping. Despite the importance of organ laterality, chromatin-level regulation of Pitx2 remains undefined. Here we show that genes immediately neighboring Pitx2 in chicken and mouse, including a long noncoding RNA, Playrr (Pitx2'], b'locus asymmetric regulated RNA), are expressed on the right side and repressed by Pitx2. CRISPR/Cas9 genome editing of Playrr, 3D fluorescent in situ hybridization (FISH) and variations of chromatin conformation capture (3C), demonstrate that mutual antagonism between Pitx2 and Playrr is coordinated by asymmetric chromatin interactions dependent on Pitx2 and CTCF. We demonstrate that transcriptional and morphological asymmetries driving gut looping are mirrored by chromatin architectural asymmetries at the Pitx2 locus. We propose a model where Pitx2 auto-regulation directs chromatin topology to coordinate LR transcription of this locus essential for LR organogenesis."
4380817,25730764,Analyses of Allele-Specific Gene Expression in Highly Divergent Mouse Crosses Identifies Pervasive Allelic Imbalance,2015,Nature genetics,10.1038/ng.3222,"['Crowley, James J', 'Zhabotynsky, Vasyl', 'Sun, Wei', 'Huang, Shunping', 'Pakatci, Isa Kemal', 'Kim, Yunjung', 'Wang, Jeremy R', 'Morgan, Andrew P', 'Calaway, John D', 'Aylor, David L', 'Yun, Zaining', 'Bell, Timothy A', 'Buus, Ryan J', 'Calaway, Mark E', 'Didion, John P', 'Gooch, Terry J', 'Hansen, Stephanie D', 'Robinson, Nashiya N', 'Shaw, Ginger D', 'Spence, Jason S', 'Quackenbush, Corey R', 'Barrick, Cordelia J', 'Nonneman, Randal J.', 'Kim, Kyungsu', 'Xenakis, James', 'Xie, Yuying', 'Valdar, William', 'Lenarcic, Alan B', 'Wang, Wei', 'Welsh, Catherine E', 'Fu, Chen-Ping', 'Zhang, Zhaojun', 'Holt, James', 'Guo, Zhishan', 'Threadgill, David W', 'Tarantino, Lisa M', 'Miller, Darla R', 'Zou, Fei', 'McMillan, Leonard', 'Sullivan, Patrick F', 'de Villena, Fernando Pardo-Manuel']","['mouse', 'eqtl', 'allelic imbalance', 'imprinting', 'dosage compensation']",126,"{'lsy-6': 0, 'che-1': 0}",0.0,"{'lsy-6': 0.0, 'che-1': 0.0}",8085,"Complex human traits are influenced by variation in regulatory DNA through mechanisms that are not fully understood. Since regulatory elements are conserved between humans and mice, a thorough annotation of cis regulatory variants in mice could aid in this process. Here we provide a detailed portrait of mouse gene expression across multiple tissues in a three-way diallel. Greater than 80% of mouse genes have cis regulatory variation. These effects influence complex traits and usually extend to the human ortholog. Further, we estimate that at least one in every thousand SNPs creates a cis regulatory effect. We also observe two types of parent-of-origin effects, including classical imprinting and a novel, global allelic imbalance in favor of the paternal allele. We conclude that, as with humans, pervasive regulatory variation influences complex genetic traits in mice and provide a new resource toward understanding the genetic control of transcription in mammals."
4757582,26834013,"bmo-miR-0001 and bmo-miR-0015 down-regulate expression of Bombyx mori fibroin light chain gene in vitro*'], b'",2016,Journal of Zhejiang University. Science. B,10.1631/jzus.B1500078,"['Chen, Chen', 'Fan, Yang-yang', 'Wang, Xin', 'Song, Fei', 'Jiang, Tao', 'Qian, Ping', 'Tang, Shun-ming', 'Shen, Xing-jia']","['bombyx mori', 'microrna', 'bmo-mir-0001', 'bmo-mir-0015', 'bmfib-l', 'regulation of expression']",2,"{'lsy-6': 0, 'che-1': 0}",0.0,"{'lsy-6': 0.0, 'che-1': 0.0}",0,"Based on bioinformatic analysis, we selected two novel microRNAs (miRNAs), bmo-miR-0001 and bmo-miR-0015, from high-throughput sequencing of the Bombyx mori larval posterior silk gland (PSG). Firstly, we examined the expression of bmo-miR-0001 and bmo-miR-0015 in 12 different tissues of the 5th instar Day-3 larvae of the silkworm. The results showed that the expression levels of both bmo-miR-0001 and bmo-miR-0015 were obviously higher in the PSG than in other tissues, implying there is a spatio-temporal condition for bmo-miR-0001 and bmo-miR-0015 to regulate the expression of BmFib-L. To test this hypothesis, we constructed pri-bmo-miR-0001 expressing the plasmid pcDNA3.0 [ie1-egfp-pri-bmo-miR-0001-SV40] and pri-bmo-miR-0015 expressing the plasmid pcDNA3.0 [ie1-egfp-pri-bmo-miR-0015-SV40]. Finally, the BmN cells were harvested and luciferase activity was detected. The results showed that luciferase activity was reduced significantly (P<0.05) in BmN cells co-transfected by pcDNA3.0 [ie1-egfp-pri-bmo-miR-0001-SV40] or pcDNA3.0 [ie1-egfp-pri-bmo-miR-0015-SV40] with pGL3.0 [A3-luc-Fib-L-3\'UTR-SV40], suggesting that both bmo-miR-0001 and bmo-miR-0015 can down-regulate the expression of BmFib-L in vitro."
1462896,14704174,l(3)malignant brain tumor and three novel genes are required for Drosophila germ-cell formation.,2003,Genetics,10.1093/genetics/165.4.1889,"['Yohn, Christopher B', 'Pusateri, Leslie', 'Barbosa, Vitor', 'Lehmann, Ruth']",[],33,"{'lsy-6': 0, 'che-1': 0}",0.0,"{'lsy-6': 0.0, 'che-1': 0.0}",0,"To identify genes involved in the process of germ-cell formation in Drosophila, a maternal-effect screen using the FLP/FRT-ovoD method was performed on chromosome 3R. In addition to expected mutations in the germ-cell determinant oskar and in other genes known to be involved in the process, several novel mutations caused defects in germ-cell formation. Mutations in any of three genes [l(3)malignant brain tumor, shackleton, and out of sync] affect the synchronous mitotic divisions and nuclear migration of the early embryo. The defects in nuclear migration or mitotic synchrony result in a reduction in germ-cell formation. Mutations in another gene identified in this screen, bebra, do not cause mitotic defects, but appear to act upstream of the localization of oskar. Analysis of our mutants demonstrates that two unique and independent processes must occur to form germ cells-germ-plasm formation and nuclear division/migration."
4812327,27025979,Prefoldin and Pins synergistically regulate asymmetric division and suppress dedifferentiation,2016,Scientific Reports,10.1038/srep23735,"['Zhang, Yingjie', 'Rai, Madhulika', 'Wang, Cheng', 'Gonzalez, Cayetano', 'Wang, Hongyan']",[],12,"{'lsy-6': 0, 'che-1': 0}",0.0,"{'lsy-6': 0.0, 'che-1': 0.0}",0,"Prefoldin is a molecular chaperone complex that regulates tubulin function in mitosis. Here, we show that Prefoldin depletion results in disruption of neuroblast polarity, leading to neuroblast overgrowth in Drosophila larval brains. Interestingly, co-depletion of Prefoldin and Partner of Inscuteable (Pins) leads to the formation of gigantic brains with severe neuroblast overgrowth, despite that Pins depletion alone results in smaller brains with partially disrupted neuroblast polarity. We show that Prefoldin acts synergistically with Pins to regulate asymmetric division of both neuroblasts and Intermediate Neural Progenitors (INPs). Surprisingly, co-depletion of Prefoldin and Pins also induces dedifferentiation of INPs back into neuroblasts, while depletion either Prefoldin or Pins alone is insufficient to do so. Furthermore, knocking down either α-tubulin or β-tubulin in pins- mutant background results in INP dedifferentiation back into neuroblasts, leading to the formation of ectopic neuroblasts. Overexpression of α-tubulin suppresses neuroblast overgrowth observed in prefoldin pins double mutant brains. Our data elucidate an unexpected function of Prefoldin and Pins in synergistically suppressing dedifferentiation of INPs back into neural stem cells."
5665463,28818840,HCN4 ion channel function is required for early events that regulate anatomical left-right patterning in a nodal and lefty asymmetric gene expression-independent manner,2017,Biology Open,10.1242/bio.025957,"['Pai, Vaibhav P.', 'Willocq, Valerie', 'Pitcairn, Emily J.', 'Lemire, Joan M.', 'Paré, Jean-François', 'Shi, Nian-Qing', 'McLaughlin, Kelly A.', 'Levin, Michael']","['hcn4', 'bioelectricity', 'ion channels', 'laterality', 'xenopus']",18,"{'lsy-6': 0, 'che-1': 0}",0.0,"{'lsy-6': 0.0, 'che-1': 0.0}",7563,"Laterality is a basic characteristic of all life forms, from single cell organisms to complex plants and animals. For many metazoans, consistent left-right asymmetric patterning is essential for the correct anatomy of internal organs, such as the heart, gut, and brain; disruption of left-right asymmetry patterning leads to an important class of birth defects in human patients. Laterality functions across multiple scales, where early embryonic, subcellular and chiral cytoskeletal events are coupled with asymmetric amplification mechanisms and gene regulatory networks leading to asymmetric physical forces that ultimately result in distinct left and right anatomical organ patterning. Recent studies have suggested the existence of multiple parallel pathways regulating organ asymmetry. Here, we show that an isoform of the hyperpolarization-activated cyclic nucleotide-gated (HCN) family of ion channels (hyperpolarization-activated cyclic nucleotide-gated channel 4, HCN4) is important for correct left-right patterning. HCN4 channels are present very early in Xenopus embryos. Blocking HCN channels (Ih currents) with pharmacological inhibitors leads to errors in organ situs. This effect is only seen when HCN4 channels are blocked early (pre-stage 10) and not by a later block (post-stage 10). Injections of HCN4-DN (dominant-negative) mRNA induce left-right defects only when injected in both blastomeres no later than the 2-cell stage. Analysis of key asymmetric genes\' expression showed that the sidedness of Nodal, Lefty, and Pitx2 expression is largely unchanged by HCN4 blockade, despite the randomization of subsequent organ situs, although the area of Pitx2 expression was significantly reduced. Together these data identify a novel, developmental role for HCN4 channels and reveal a new Nodal-Lefty-Pitx2 asymmetric gene expression-independent mechanism upstream of organ positioning during embryonic left-right patterning."
8399137,34436325,Lipid Transporters Beam Signals from Cell Membranes,2021,Membranes,10.3390/membranes11080562,"['Ristovski, Miliça', 'Farhat, Danny', 'Bancud, Shelly Ellaine M.', 'Lee, Jyh-Yeuan', 'Schumann, Julia']","['p4-atpase', 'abc transporter', 'phospholipid', 'cholesterol', 'membranes', 'cellular signaling']",12,"{'lsy-6': 0, 'che-1': 0}",0.0,"{'lsy-6': 0.0, 'che-1': 0.0}",0,"Lipid composition in cellular membranes plays an important role in maintaining the structural integrity of cells and in regulating cellular signaling that controls functions of both membrane-anchored and cytoplasmic proteins. ATP-dependent ABC and P4-ATPase lipid transporters, two integral membrane proteins, are known to contribute to lipid translocation across the lipid bilayers on the cellular membranes. In this review, we will highlight current knowledge about the role of cholesterol and phospholipids of cellular membranes in regulating cell signaling and how lipid transporters participate this process."
3823036,19175700,The molecular machines that mediate microRNA maturation,2009,Journal of Cellular and Molecular Medicine,10.1111/j.1582-4934.2008.00520.x,"['Lau, Pick-Wei', 'MacRae, Ian J']","['microrna', 'drosha', 'dicer', 'microprocessor', 'exportin-5']",15,"{'lsy-6': 0, 'che-1': 0}",0.0,"{'lsy-6': 0.0, 'che-1': 0.0}",2920,"MicroRNAs (miRNA) are small RNAs that regulate the translation of thousands of message RNAs and play a profound role in mammalian biology. Over the past 5 years, significant advances have been made towards understanding the pathways that generate miRNAs and the mechanisms by which miRNAs exert their regulatory functions. An emerging theme is that miRNAs are both generated by and utilized by large and complex macromolecular assemblies. Here, we review the biology of mammalian miRNAs with a focus on the macromolecular complexes that generate and control the biogenesis of miRNAs."
7705438,33262485,Abstracts from the 53rd European Society of Human Genetics (ESHG) Conference: Interactive e-Posters,2020,European Journal of Human Genetics,10.1038/s41431-020-00739-z,[],[],1,"{'lsy-6': 0, 'che-1': 0}",0.0,"{'lsy-6': 0.0, 'che-1': 0.0}",0,NA
9063679,35393538,Abstracts from the 54th European Society of Human Genetics (ESHG) Conference: e-Posters,2022,European Journal of Human Genetics,10.1038/s41431-021-01026-1,[],[],4,"{'lsy-6': 0, 'che-1': 0}",0.0,"{'lsy-6': 0.0, 'che-1': 0.0}",0,NA
6864223,31106965,Signatures of sex: sex differences in gene expression in the vertebrate brain,2019,Wiley interdisciplinary reviews. Developmental biology,10.1002/wdev.348,"['Gegenhuber, Bruno', 'Tollkuhn, Jessica']",[],46,"{'lsy-6': 0, 'che-1': 0}",0.0,"{'lsy-6': 0.0, 'che-1': 0.0}",0,"Women and men differ in disease prevalence, symptoms, and progression rates for many psychiatric and neurological disorders. As more pre-clinical studies include both sexes in experimental design, an increasing number of sex differences in physiology and behavior have been reported. In the brain, sex-typical behaviors are thought to result from sex-specific patterns of neural activity in response to the same sensory stimulus or context. These differential firing patterns likely arise as a consequence of underlying anatomic or molecular sex differences. Accordingly, gene expression in the brains of females and males has been extensively investigated, with the goal of identifying biological pathways that specify or modulate sex differences in brain function. However, there is surprisingly little consensus on sex-biased genes across studies and only a handful of robust candidates have been pursued in follow-up experiments. Furthermore, it is not known how or when sex-biased gene expression originates, as few studies have been performed in the developing brain. Here we integrate molecular genetic and neural circuit perspectives to provide a conceptual framework of how sex differences in gene expression can arise in the brain. We detail mechanisms of gene regulation by steroid hormones, highlight landmark studies in rodents and humans, identify emerging themes, and offer recommendations for future research."
6777611,,Abstracts from the 50th European Society of Human Genetics Conference: Posters,2018,European Journal of Human Genetics,10.1038/s41431-018-0247-7,[],[],0,"{'lsy-6': 0, 'che-1': 0}",0.0,"{'lsy-6': 0.0, 'che-1': 0.0}",0,NA
3832664,24260257,Long-Term Live Cell Imaging and Automated 4D Analysis of Drosophila Neuroblast Lineages,2013,PLoS ONE,10.1371/journal.pone.0079588,"['Homem, Catarina C. F.', 'Reichardt, Ilka', 'Berger, Christian', 'Lendl, Thomas', 'Knoblich, Juergen A.', 'Gonzalez, Cayetano']",[],35,"{'lsy-6': 0, 'che-1': 0}",0.0,"{'lsy-6': 0.0, 'che-1': 0.0}",2995,"The developing Drosophila brain is a well-studied model system for neurogenesis and stem cell biology. In the Drosophila central brain, around 200 neural stem cells called neuroblasts undergo repeated rounds of asymmetric cell division. These divisions typically generate a larger self-renewing neuroblast and a smaller ganglion mother cell that undergoes one terminal division to create two differentiating neurons. Although single mitotic divisions of neuroblasts can easily be imaged in real time, the lack of long term imaging procedures has limited the use of neuroblast live imaging for lineage analysis. Here we describe a method that allows live imaging of cultured Drosophila neuroblasts over multiple cell cycles for up to 24 hours. We describe a 4D image analysis protocol that can be used to extract cell cycle times and growth rates from the resulting movies in an automated manner. We use it to perform lineage analysis in type II neuroblasts where clonal analysis has indicated the presence of a transit-amplifying population that potentiates the number of neurons. Indeed, our experiments verify type II lineages and provide quantitative parameters for all cell types in those lineages. As defects in type II neuroblast lineages can result in brain tumor formation, our lineage analysis method will allow more detailed and quantitative analysis of tumorigenesis and asymmetric cell division in the Drosophila brain."
4505732,22365740,Exploiting Drosophila genetics to understand microRNA function and regulation,2012,Current topics in developmental biology,10.1016/B978-0-12-387038-4.00008-2,"['Dai, Qi', 'Smibert, Peter', 'Lai, Eric C.']",[],15,"{'lsy-6': 0, 'che-1': 0}",0.0,"{'lsy-6': 0.0, 'che-1': 0.0}",0,"Although a great deal is known about the identity, biogenesis, and targeting capacity of microRNAs (miRNAs) in animal cells, far less is known about their functional requirements at the organismal level. Much remains to be understood about the necessity of miRNAs for overt phenotypes, the identity of critical miRNA targets, and the control of miRNA transcription. In this review, we provide an overview of genetic strategies to study miRNAs in the Drosophila system, including loss- and gain-of-function techniques, genetic interaction strategies, and transgenic reporters of miRNA expression and activity. As we illustrate the usage of these techniques in intact Drosophila, we see certain recurrent themes for miRNA functions, including energy homeostasis, apoptosis suppression, growth control, and regulation of core cell signaling pathways. Overall, we hope that this exposition of Drosophila genetic techniques, well-known to the legions of fly geneticists and used to study all genes, can inform the general miRNA community that focuses on other biochemical, molecular, computational, and structural avenues. Clearly, it is the combination of these myriad techniques that has accelerated miRNA research to its extraordinary pace."
5174189,26970623,From The Eye To The Brain: Development Of The Drosophila Visual System,2016,Current topics in developmental biology,10.1016/bs.ctdb.2015.11.032,"['Nériec, Nathalie', 'Desplan, Claude']",[],50,"{'lsy-6': 0, 'che-1': 0}",0.0,"{'lsy-6': 0.0, 'che-1': 0.0}",0,NA
3062262,21338882,Mir-17-3p Controls Spinal Neural Progenitor Patterning by Regulating Olig2/Irx3 Cross-repressive Loop,2011,Neuron,10.1016/j.neuron.2011.01.014,"['Chen, Jun-An', 'Huang, Yuan-Ping', 'Mazzoni, Esteban O.', 'Tan, G. Christopher', 'Zavadil, Jiri', 'Wichterle, Hynek']","['microrna', 'embryonic stem cells', 'olig2', 'irx3', 'mir-17~92', 'motor neurons', 'neural patterning', 'interneuron', 'spinal cord', 'bistable loop', 'progenitor domain', 'spatial patterning', 'minor strand mirna', 'regulatory network']",72,"{'lsy-6': 0, 'che-1': 0}",0.0,"{'lsy-6': 0.0, 'che-1': 0.0}",0,Neural patterning relies on transcriptional cross-repressive interactions that ensure unequivocal assignment of neural progenitor identity to proliferating cells. Progenitors of spinal motor neurons (pMN) and V2 interneurons (p2) are specified by a pair of cross-repressive transcription factors Olig2 and Irx3. Lineage tracing revealed that many p2 progenitors transiently express the pMN marker Olig2 during spinal cord development. Here we demonstrate that the repression of Olig2 in p2 domain is controlled by mir-17-3p microRNA-mediated silencing of Olig2 mRNA. Mice lacking all microRNAs or just the mir-17~92 cluster manifest a dorsal shift in pMN/p2 boundary and impairment in the production of V2 interneurons. Our findings suggest that microRNA-mediated repression of Olig2 mRNA plays a critical role during the patterning of ventral spinal progenitor domains by shifting the balance of cross-repressive interactions between Olig2 and Irx3 transcription factors.
6778821,,Abstracts from the 51st European Society of Human Genetics Conference: Oral Presentations,2019,European Journal of Human Genetics,10.1038/s41431-019-0407-4,[],[],0,"{'lsy-6': 0, 'che-1': 0}",0.0,"{'lsy-6': 0.0, 'che-1': 0.0}",0,NA
10980573,38386552,Kin17 regulates proper cortical localization of Miranda in Drosophila neuroblasts by regulating Flfl expression,2024,Cell reports,10.1016/j.celrep.2024.113823,"['Connell, Marisa', 'Xie, Yonggang', 'Deng, Xiaobing', 'Chen, Rui', 'Zhu, Sijun']","['drosophila', 'neuroblast', 'kin17', 'miranda', 'prospero', 'falafel', 'protein phosphatase 4', 'splicing']",2,"{'lsy-6': 0, 'che-1': 0}",0.0,"{'lsy-6': 0.0, 'che-1': 0.0}",0,"During asymmetric division of Drosophila larval neuroblasts, the fate determinant Prospero (Pros) and its adaptor Miranda (Mira) are segregated to the basal cortex through aPKC phosphorylation of Mira and displacement from the apical cortex, but Mira localization after aPKC phosphorylation is not well understood. We identify Kin17, a DNA replication and repair protein, as a regulator of Mira localization during asymmetric cell division. Loss of Kin17 leads to aberrant localization of Mira and Pros to the centrosome, cytoplasm, and nucleus. We provide evidence to show that the mislocalization of Mira and Pros is likely due to reduced expression of Falafel (Flfl), a component of protein phosphatase 4 (PP4), and defects in dephosphorylation of Serine-96 of Mira. Our work reveals that Mira is likely dephosphorylated by PP4 at the centrosome to ensure proper basal localization of Mira after aPKC phosphorylation and that Kin17 regulates PP4 activity by regulating Flfl expression."
11727420,39727954,Clinical Potential of Misshapen/NIKs-Related Kinase (MINK) 1—A Many-Sided Element of Cell Physiology and Pathology,2024,Current Issues in Molecular Biology,10.3390/cimb46120826,"['Kot, Anna', 'Koszewska, Dominika', 'Ochman, Błażej', 'Świętochowska, Elżbieta', 'Kim, Sung-Kun (Sean)']","['mink1', 'stripak', 'striatins', 'tnik', 'map4ks', 'wnt', 'hippo', 'ros', 'autoimmunity', 'cancer']",3,"{'lsy-6': 0, 'che-1': 0}",0.0,"{'lsy-6': 0.0, 'che-1': 0.0}",0,"Misshapen/NIKs-related kinase (MINK) 1 belongs to the mammalian germinal center kinase (GCK) family. It contains the N-terminal, conserved kinase domain, a coiled-coil region, a proline-rich region, and a GCK, C-terminal domain with the Citron-NIK-Homology (CNH) domain. The kinase is an essential component of cellular signaling pathways, which include Wnt signaling, JNK signaling, pathways engaging Ras proteins, the Hippo pathway, and STRIPAK complexes. It thus contributes to regulating the cell cycle, apoptosis, cytoskeleton organization, cell migration, embryogenesis, or tissue homeostasis. MINK1 plays an important role in immunological responses, inhibiting Th17 and Th1 cell differentiation and regulating NLRP3 inflammasome function. It may be considered a link between ROS and the immunological system, and a potential antiviral target for human enteroviruses. The kinase has been implicated in the pathogenesis of sepsis, rheumatoid arthritis, asthma, SLE, and more. It is also involved in tumorigenesis and drug resistance in cancer. Silencing MINK1 reduces cancer cell migration, suggesting potential for new therapeutic approaches. Targeting MINK1 could be a promising treatment strategy for patients insensitive to current chemotherapies, and could improve their prognosis. Moreover, MINK1 plays an important role in the nervous system and the cardiovascular system development and function. The modulation of MINK1 activity could influence the course of neurodegenerative diseases, including Alzheimer’s disease. Further exploration of the activity of the kinase could also help in gaining more insight into factors involved in thrombosis or congenital heart disease. This review aims to summarize the current knowledge on MINK1, highlight its therapeutic and prognostic potential, and encourage more studies in this area."
6876493,,Abstracts from the 52nd European Society of Human Genetics (ESHG) Conference: Posters,2019,European Journal of Human Genetics,10.1038/s41431-019-0494-2,[],[],0,"{'lsy-6': 0, 'che-1': 0}",0.0,"{'lsy-6': 0.0, 'che-1': 0.0}",0,NA
3091489,21558367,Dual role for Drosophila lethal of scute in CNS midline precursor formation and dopaminergic neuron and motoneuron cell fate,2011,"Development (Cambridge, England)",10.1242/dev.056507,"['Stagg, Stephanie B.', 'Guardiola, Amaris R.', 'Crews, Stephen T.']","['bhlh', 'dopamine', 'drosophila', 'lethal of scute', 'neural cell fate', 'tailup']",11,"{'lsy-6': 0, 'che-1': 0}",0.0,"{'lsy-6': 0.0, 'che-1': 0.0}",0,"Dopaminergic neurons play important behavioral roles in locomotion, reward and aggression. The Drosophila H-cell is a dopaminergic neuron that resides at the midline of the ventral nerve cord. Both the H-cell and the glutamatergic H-cell sib are the asymmetric progeny of the MP3 midline precursor cell. H-cell sib cell fate is dependent on Notch signaling, whereas H-cell fate is Notch independent. Genetic analysis of genes that could potentially regulate H-cell fate revealed that the lethal of scute [l(1)sc], tailup and SoxNeuro transcription factor genes act together to control H-cell gene expression. The l(1)sc bHLH gene is required for all H-cell-specific gene transcription, whereas tailup acts in parallel to l(1)sc and controls genes involved in dopamine metabolism. SoxNeuro functions downstream of l(1)sc and controls expression of a peptide neurotransmitter receptor gene. The role of l(1)sc may be more widespread, as a l(1)sc mutant shows reductions in gene expression in non-midline dopaminergic neurons. In addition, l(1)sc mutant embryos possess defects in the formation of MP4-6 midline precursor and the median neuroblast stem cell, revealing a proneural role for l(1)sc in midline cells. The Notch-dependent progeny of MP4-6 are the mVUM motoneurons, and these cells also require l(1)sc for mVUM-specific gene expression. Thus, l(1)sc plays an important regulatory role in both neurogenesis and specifying dopaminergic neuron and motoneuron identities."
2891055,20303342,MicroRNA dysregulation in psychiatric disease,2010,Brain research,10.1016/j.brainres.2010.03.035,"['Miller, Brooke H.', 'Wahlestedt, Claes']","['microrna', 'schizophrenia', 'bipolar disorder', 'nmda', 'mir-132']",83,"{'lsy-6': 0, 'che-1': 0}",0.0,"{'lsy-6': 0.0, 'che-1': 0.0}",0,"MicroRNAs (miRNAs) are small regulatory RNAs that individually regulate up to several hundred genes, and collectively may regulate as much as two-thirds of the transcriptome. Recent evidence supports a role for miRNA dysregulation in psychiatric and neurological disorders, including schizophrenia, bipolar disorder, and autism. Small changes in miRNA expression can fine-tune the expression of multiple genes within a biological network, suggesting that miRNA dysregulation may underlie many of the molecular changes observed in psychiatric disease, and that therapeutic regulation of miRNA levels may represent a novel treatment option."
3928071,24014455,Initial neurogenesis in Drosophila,2013,Wiley interdisciplinary reviews. Developmental biology,10.1002/wdev.111,"['Hartenstein, Volker', 'Wodarz, Andreas']",[],25,"{'lsy-6': 0, 'che-1': 0}",0.0,"{'lsy-6': 0.0, 'che-1': 0.0}",0,"Early neurogenesis comprises the phase of nervous system development during which neural progenitor cells are born. In early development, the embryonic ectoderm is subdivided by a conserved signaling mechanism into two main domains, the epidermal ectoderm and the neurectoderm. Subsequently, cells of the neurectoderm are internalized and form a cell layer of proliferating neural progenitors. In vertebrates, the entire neurectoderm folds into the embryo to give rise to the neural tube. In Drosophila and many other invertebrates, a subset of neurectodermal cells, called neuroblasts (NBs), delaminates and forms the neural primordium inside the embryo where they divide in an asymmetric, stem cell-like mode. The remainder of the neuroectodermal cells that stay behind at the surface loose their neurogenic potential and later give rise to the ventral part of the epidermis. The genetic and molecular analysis of the mechanisms controlling specification and proliferation of NBs in the Drosophila embryo, which played a significant part in pioneering the field of modern developmental neurobiology, represents the topic of this review."
5349209,28357322,How do yeast sense mitochondrial dysfunction?,2016,Microbial Cell,10.15698/mic2016.11.537,"['Knorre, Dmitry A.', 'Sokolov, Svyatoslav S.', 'Zyrina, Anna N.', 'Severin, Fedor F.']","['mitochondria', 'yeast', 'retrograde signaling', 'ros']",20,"{'lsy-6': 0, 'che-1': 0}",0.0,"{'lsy-6': 0.0, 'che-1': 0.0}",3902,"Apart from energy transformation, mitochondria play important signaling roles. In', b'ties. J Antibiot1980331214741479678874110.7164/antibiotics.33.147424HallstromTCMoye-RowleyWSMultiple signals from dysfunctional mitochondria activate the'], b'is n': [b' clear how a cell detects a particular mitochondrial malfunction. The'], b'prob': [b'm is that there are many possible manifestations of mitochondrial'], b'decr': [b'se (inhibitors of respiratory chain) or increase (inhibitors of', b'sing or increasing the transmembrane potential (e.g. via activation of'], b'ATP-': [b'nthase) mitochondrial transmembrane potential. Moreover, even in the'], b'abse': [b'e of the dysfunctions, a cell needs feedback from mitochondria to'], b'coor': [b'nate mitochondrial biogenesis and/or removal by mitophagy during the'], b'divi': [b'on cycle. To cope with the complexity, only a limited set of compounds is', b'on. Although there are convincing data that in yeast cell cycle arrest does'], b'moni': [b'red by yeast cells to estimate mitochondrial functionality. The known'], b'exam': [b'es of such compounds are ATP, reactive oxygen species, intermediates of'], b'amin': [b'acids synthesis, short peptides, Fe-S clusters and heme, and also the', b'acid concentrations also happens in mitochondria-independent fashion. While', b'acid) peptides, which can be a product of proteolytic degradation of the'], b'prec': [b'sor proteins which fail to be imported by mitochondria. On one hand, the', b'sor over-accumulation stress (mPOS) response, which suppresses the proteotoxic', b'sor proteins bind to a specific signaling ligand in the cytosol or,'], b'leve': [b' of these molecules depend not only on mitochondria. On the other hand,'], b'thes': [b'substances are recognized by the cytosolic sensors which transmit the'], b'sign': [b's to the nucleus leading to general, as opposed to mitochondria-specific,', b'ing""), and Russian Scientific Foundation grant 14-24-00107 (the rest of', b'ing cascade mediated by Rtg1/Rtg3 transcription factors (see for review 15). Next, as mitochondria partially rely on', b'ing are moderated by non-mitochondrial inputs. Despite the importance and', b's to increase the production of the mitochondrially-synthesized'], b'tran': [b'riptional response. Therefore, we argue that both ways of', b'embrane potential, although does not address the mechanism of the “sensing”.', b'ript is exported from mitochondrial matrix and translated in cytoplasm, where', b'it signal to the nuclei to control cell cycle progression depending on mtDNA', b'riptional activator Hap1 serves as the key mediator.Cell Mol Life Sci1999565-64154261121229510.1007/s000180050442PMC1114683777KengTRichardCLarocqueRStructure and regulation of yeast HEM3, the gene for'], b'mito': [b'ondria-to-nucleus communication in yeast are mostly (if not completely)', b'ondria make them a unique cellular signaling center. First, mitochondria have', b'ondrial function is transformation of energy, one can expect metabolic enzymes', b'ondria. Furthermore, a set of changes in mitochondria are required during cell', b'ondrial functional state directly. Instead, they monitor important', b'ondrially-produced substances, the levels of which also depend on', b'ondria-independent processes."
3918062,18624757,microRNAs: tiny regulators of synapse function in development and disease,2008,Journal of Cellular and Molecular Medicine,10.1111/j.1582-4934.2008.00400.x,"['Bicker, Silvia', 'Schratt, Gerhard']","['microrna', 'nervous system', 'neuron', 'synapse', 'plasticity', 'dendritic spine', 'neurologic disease']",30,"{'lsy-6': 0, 'che-1': 0}",0.0,"{'lsy-6': 0.0, 'che-1': 0.0}",5622,"The development and function of neuronal circuits within the brain are orchestrated by sophisticated gene regulatory mechanisms. Recently, microRNAs have emerged as a novel class of small RNAs that fine-tune protein synthesis. microRNAs are abundantly expressed in the vertebrate nervous system, where they contribute to the specification of neuronal cell identity. Moreover, microRNAs also play an important role in mature neurons. This review summarizes the current knowledge about the function of microRNAs in the nervous system with special emphasis on synapse formation and plasticity. The second part of this work will discuss the potential involvement of microRNAs in neurologic diseases. The study of brain microRNAs promises to expand our understanding of the mechanisms underlying higher cognitive functions and neurologic diseases."
2233751,,Abstracts,2001,The Journal of General Physiology,,[],[],0,"{'lsy-6': 0, 'che-1': 0}",0.0,"{'lsy-6': 0.0, 'che-1': 0.0}",0,NA
5636277,28954851,"Bioelectric gene and reaction networks: computational modelling of genetic, biochemical and bioelectrical dynamics in pattern regulation",2017,Journal of the Royal Society Interface,10.1098/rsif.2017.0425,"['Pietak, Alexis', 'Levin, Michael']","['bioelectricity', 'regeneration', 'gene regulatory networks', 'insilico simulations']",43,"{'lsy-6': 0, 'che-1': 0}",0.0,"{'lsy-6': 0.0, 'che-1': 0.0}",0,"Gene regulatory networks (GRNs) describe interactions between gene products and transcription factors that control gene expression. In combination with reaction–diffusion models, GRNs have enhanced comprehension of biological pattern formation. However, although it is well known that biological systems exploit an interplay of genetic and physical mechanisms, instructive factors such as transmembrane potential (Vmem) have not been integrated into full GRN models. Here we extend regulatory networks to include bioelectric signalling, developing a novel synthesis: the bioelectricity-integrated gene and reaction (BIGR) network. Using in silico simulations, we highlight the capacity for Vmem to alter steady-state concentrations of key signalling molecules inside and out of cells. We characterize fundamental feedbacks where Vmem both controls, and is in turn regulated by, biochemical signals and thereby demonstrate Vmem homeostatic control, Vmem memory and Vmem controlled state switching. BIGR networks demonstrating hysteresis are identified as a mechanisms through which more complex patterns of stable Vmem spots and stripes, along with correlated concentration patterns, can spontaneously emerge. As further proof of principle, we present and analyse a BIGR network model that mechanistically explains key aspects of the remarkable regenerative powers of creatures such as planarian flatworms. The functional properties of BIGR networks generate the first testable, quantitative hypotheses for biophysical mechanisms underlying the stability and adaptive regulation of anatomical bioelectric pattern."
